job,palette,k,resolution,mode,calls,mean_us,median_us,p95_us,max_nodes,max_branches
r8_m000_split,split,0,8,both,1464,2.32452254,0.161,5.57285,1,0
r8_m000_split,split,0,8,decomposition,1464,1.50166052,0.161,5.72435,7,3
r8_m000_split,split,0,8,fixed_hit,1464,2.86140574,0.161,5.6075,1,0
r8_m000_split,split,0,8,search,1464,1.79774112,0.17,5.9175,4,3
r8_m000_same,same,0,8,both,1464,6.85355874,0.161,5.532,1,0
r8_m000_same,same,0,8,decomposition,1464,1.96564891,0.17,6.106,7,3
r8_m000_same,same,0,8,fixed_hit,1464,1.35625888,0.161,5.57885,1,0
r8_m000_same,same,0,8,search,1464,1.5664153,0.161,5.8845,4,3
r16_m000_split,split,0,16,both,1536,2.67854753,0.18,8.26525,1,0
r16_m000_split,split,0,16,decomposition,1536,1.80250977,0.17,9.169,1,0
r16_m000_split,split,0,16,fixed_hit,1536,2.12067839,0.181,8.438,1,0
r16_m000_split,split,0,16,search,1536,1.79300326,0.171,8.508,1,0
r16_m000_same,same,0,16,both,1536,1.79570703,0.171,8.6855,1,0
r16_m000_same,same,0,16,decomposition,1536,1.80231836,0.18,8.47275,1,0
r16_m000_same,same,0,16,fixed_hit,1536,1.75762305,0.17,8.5005,1,0
r16_m000_same,same,0,16,search,1536,1.96330534,0.17,8.4505,1,0
r8_m001_same,same,1,8,both,1536,1.3911849,0.181,5.543,1,0
r8_m001_same,same,1,8,decomposition,1536,1.33375521,0.18,5.453,5,2
r8_m001_same,same,1,8,fixed_hit,1536,2.83969336,0.191,5.5465,1,0
r8_m001_same,same,1,8,search,1536,1.37248047,0.18,5.50825,3,2
r8_m001_split,split,1,8,both,1560,1.43618397,0.22,5.68805,1,0
r8_m001_split,split,1,8,decomposition,1560,1.58412949,0.22,5.6485,5,2
r8_m001_split,split,1,8,fixed_hit,1560,1.52684487,0.2105,5.5385,1,0
r8_m001_split,split,1,8,search,1560,1.43837372,0.215,5.66045,3,2
r8_m128_split,split,1,8,both,1560,1.45864167,0.401,5.8295,1,0
r8_m128_split,split,1,8,decomposition,1560,1.80720192,0.421,6.079,7,3
r8_m128_split,split,1,8,fixed_hit,1560,1.58168526,0.401,5.8695,1,0
r8_m128_split,split,1,8,search,1560,1.70168397,0.401,6.19055,4,3
r8_m128_same,same,1,8,both,1560,1.5693641,0.4305,6.05905,1,0
r8_m128_same,same,1,8,decomposition,1560,1.59713077,0.421,6.2915,7,3
r8_m128_same,same,1,8,fixed_hit,1560,1.60431603,0.43,6.0505,1,0
r8_m128_same,same,1,8,search,1560,3.01066282,0.4305,6.5,4,3
r8_m002_same,same,1,8,both,1536,1.4683724,0.2005,5.829,1,0
r8_m002_same,same,1,8,decomposition,1536,1.53605013,0.2,5.8715,5,2
r8_m002_same,same,1,8,fixed_hit,1536,2.08436719,0.2605,5.84125,1,0
r8_m002_same,same,1,8,search,1536,2.28944466,0.21,6.14475,3,2
r8_m002_split,split,1,8,both,1560,1.50774615,0.2605,5.71995,1,0
r8_m002_split,split,1,8,decomposition,1560,1.44771603,0.25,5.8705,5,2
r8_m002_split,split,1,8,fixed_hit,1560,1.36450064,0.27,5.8195,1,0
r8_m002_split,split,1,8,search,1560,1.54107692,0.226,5.839,3,2
r8_m004_split,split,1,8,both,1536,1.27437305,0.18,5.45575,1,0
r8_m004_split,split,1,8,decomposition,1536,1.42358659,0.1805,5.60825,2,1
r8_m004_split,split,1,8,fixed_hit,1536,1.43619857,0.1855,5.458,1,0
r8_m004_split,split,1,8,search,1536,1.56803646,0.19,5.629,2,1
r8_m004_same,same,1,8,both,1536,1.29158073,0.17,5.523,1,0
r8_m004_same,same,1,8,decomposition,1536,1.31121354,0.17,5.3705,5,2
r8_m004_same,same,1,8,fixed_hit,1536,1.29400391,0.181,5.4905,1,0
r8_m004_same,same,1,8,search,1536,1.31341667,0.171,5.428,3,2
r8_m003_same,same,2,8,both,1728,1.62409664,0.541,6.082,1,0
r8_m003_same,same,2,8,decomposition,1728,2.5600515,0.561,6.22615,7,3
r8_m003_same,same,2,8,fixed_hit,1728,1.54521123,0.541,6.019,1,0
r8_m003_same,same,2,8,search,1728,2.38863426,0.551,6.31585,4,3
r8_m003_split,split,2,8,both,1752,1.54392295,0.54,6.068,1,0
r8_m003_split,split,2,8,decomposition,1752,1.57403995,0.541,6.25855,7,3
r8_m003_split,split,2,8,fixed_hit,1752,1.53592295,0.546,6.01295,1,0
r8_m003_split,split,2,8,search,1752,1.62922374,0.5605,6.26305,4,3
r8_m192_split,split,2,8,both,1752,1.56288185,0.421,5.8735,1,0
r8_m192_split,split,2,8,decomposition,1752,1.55521918,0.421,5.989,5,2
r8_m192_split,split,2,8,fixed_hit,1752,1.55758847,0.4205,5.989,1,0
r8_m192_split,split,2,8,search,1752,1.51760502,0.43,6.178,3,2
r8_m192_same,same,2,8,both,1752,1.66418322,0.4305,6.0435,1,0
r8_m192_same,same,2,8,decomposition,1752,1.6160234,0.4355,6.36945,5,2
r8_m192_same,same,2,8,fixed_hit,1752,1.60350514,0.435,6.139,1,0
r8_m192_same,same,2,8,search,1752,1.67524087,0.461,6.29,3,2
r8_m024_same,same,2,8,both,1704,1.55886326,0.501,6.26015,1,0
r8_m024_same,same,2,8,decomposition,1704,1.79349178,0.501,6.401,5,2
r8_m024_same,same,2,8,fixed_hit,1704,1.57292958,0.491,6.15835,1,0
r8_m024_same,same,2,8,search,1704,1.60853873,0.5005,6.24765,3,2
r8_m024_split,split,2,8,both,1728,1.46553067,0.511,6.089,1,0
r8_m024_split,split,2,8,decomposition,1728,1.58156887,0.5255,6.2055,5,2
r8_m024_split,split,2,8,fixed_hit,1728,1.56247222,0.5155,6.17585,1,0
r8_m024_split,split,2,8,search,1728,1.64369502,0.531,6.23915,3,2
r8_m036_split,split,2,8,both,1728,1.63626042,0.53,6.31965,1,0
r8_m036_split,split,2,8,decomposition,1728,1.56121412,0.511,6.2915,5,2
r8_m036_split,split,2,8,fixed_hit,1728,1.57277836,0.521,6.37565,1,0
r8_m036_split,split,2,8,search,1728,1.6214728,0.5255,6.35,3,2
r8_m036_same,same,2,8,both,1728,1.55826794,0.501,6.32565,1,0
r8_m036_same,same,2,8,decomposition,1728,1.58662095,0.4855,6.33885,5,2
r8_m036_same,same,2,8,fixed_hit,1728,1.49270139,0.49,6.20585,1,0
r8_m036_same,same,2,8,search,1728,1.51260995,0.481,6.296,3,2
r8_m007_same,same,3,8,both,1968,1.74090193,0.621,6.17585,1,0
r8_m007_same,same,3,8,decomposition,1968,1.70167581,0.621,6.2955,5,2
r8_m007_same,same,3,8,fixed_hit,1968,1.72514533,0.611,6.2625,1,0
r8_m007_same,same,3,8,search,1968,1.71528913,0.621,6.24235,3,2
r8_m007_split,split,3,8,both,2016,1.69040774,0.651,6.495,1,0
r8_m007_split,split,3,8,decomposition,2016,1.73421875,0.671,6.5125,5,2
r8_m007_split,split,3,8,fixed_hit,2016,1.69912996,0.671,6.56,1,0
r8_m007_split,split,3,8,search,2016,1.77562153,0.706,6.4975,3,2
r8_m224_split,split,3,8,both,2064,1.61909157,0.711,5.999,1,0
r8_m224_split,split,3,8,decomposition,2064,1.69513663,0.721,6.17985,5,2
r8_m224_split,split,3,8,fixed_hit,2064,1.70815601,0.721,6.029,1,0
r8_m224_split,split,3,8,search,2064,1.67335174,0.716,6.3285,3,2
r8_m224_same,same,3,8,both,1992,1.79152962,0.641,6.28855,1,0
r8_m224_same,same,3,8,decomposition,1992,1.82536094,0.631,6.33405,5,2
r8_m224_same,same,3,8,fixed_hit,1992,1.63616165,0.636,6.239,1,0
r8_m224_same,same,3,8,search,1992,1.74507229,0.651,6.30395,3,2
r8_m025_same,same,3,8,both,1872,1.79463889,0.741,6.5945,2,1
r8_m025_same,same,3,8,decomposition,1872,1.84886432,0.741,6.639,7,3
r8_m025_same,same,3,8,fixed_hit,1872,1.71945513,0.741,6.459,2,1
r8_m025_same,same,3,8,search,1872,1.82211592,0.731,6.579,4,3
r8_m025_split,split,3,8,both,1968,1.77820274,0.736,6.54,1,0
r8_m025_split,split,3,8,decomposition,1968,1.8088252,0.711,6.656,7,3
r8_m025_split,split,3,8,fixed_hit,1968,1.66844919,0.691,6.476,1,0
r8_m025_split,split,3,8,search,1968,1.82717327,0.726,6.7965,4,3
r8_m044_split,split,3,8,both,2016,1.79067708,0.831,6.3415,1,0
r8_m044_split,split,3,8,decomposition,2016,1.97269444,0.8115,6.6575,5,2
r8_m044_split,split,3,8,fixed_hit,2016,1.69306944,0.8165,6.355,1,0
r8_m044_split,split,3,8,search,2016,1.66742262,0.811,6.34,3,2
r8_m044_same,same,3,8,both,1920,1.7160651,0.861,6.26955,1,0
r8_m044_same,same,3,8,decomposition,1920,1.78027344,0.842,6.38055,5,2
r8_m044_same,same,3,8,fixed_hit,1920,1.74131667,0.852,6.2405,1,0
r8_m044_same,same,3,8,search,1920,1.77092552,0.8515,6.65,3,2
r8_m015_same,same,4,8,both,2328,2.03195017,0.921,7.191,2,1
r8_m015_same,same,4,8,decomposition,2328,2.03870876,0.922,7.394,5,2
r8_m015_same,same,4,8,fixed_hit,2328,2.15164777,0.9265,7.294,2,1
r8_m015_same,same,4,8,search,2328,2.20918299,0.931,7.57785,3,2
r8_m015_split,split,4,8,both,2472,2.1192496,0.942,6.84955,1,0
r8_m015_split,split,4,8,decomposition,2472,2.09689684,0.942,7.0155,5,2
r8_m015_split,split,4,8,fixed_hit,2472,2.04933414,0.9315,6.83,1,0
r8_m015_split,split,4,8,search,2472,2.06287338,0.941,7.08,3,2
r16_m015_same,same,4,16,both,2808,3.8114562,0.9615,14.287,1,0
r16_m015_same,same,4,16,decomposition,2808,3.21848825,0.961,13.63915,1,0
r16_m015_same,same,4,16,fixed_hit,2808,2.9085787,0.9715,14.35765,1,0
r16_m015_same,same,4,16,search,2808,2.90998967,0.9665,13.491,1,0
r16_m015_split,split,4,16,both,2856,2.94833999,1.002,12.17075,1,0
r16_m015_split,split,4,16,decomposition,2856,3.0813869,1.001,13.44775,1,0
r16_m015_split,split,4,16,fixed_hit,2856,2.90814251,0.9815,11.7505,1,0
r16_m015_split,split,4,16,search,2856,2.99258438,0.986,12.058,1,0
r8_m240_split,split,4,8,both,2496,2.00373357,0.981,6.69575,1,0
r8_m240_split,split,4,8,decomposition,2496,1.93658333,0.981,6.75,5,2
r8_m240_split,split,4,8,fixed_hit,2496,1.99505769,1.001,6.645,1,0
r8_m240_split,split,4,8,search,2496,1.98682893,0.991,6.7525,3,2
r8_m240_same,same,4,8,both,2376,2.01580556,0.952,6.905,1,0
r8_m240_same,same,4,8,decomposition,2376,2.04492593,0.951,7.0585,5,2
r8_m240_same,same,4,8,fixed_hit,2376,2.01934722,0.962,6.81325,1,0
r8_m240_same,same,4,8,search,2376,1.97538721,0.951,6.931,3,2
r16_m240_split,split,4,16,both,2856,2.82542962,0.9515,13.1825,1,0
r16_m240_split,split,4,16,decomposition,2856,2.71738655,0.991,13.135,1,0
r16_m240_split,split,4,16,fixed_hit,2856,2.90756127,0.962,13.29275,1,0
r16_m240_split,split,4,16,search,2856,2.65669608,0.962,12.875,1,0
r16_m240_same,same,4,16,both,2808,3.02484865,0.952,13.143,1,0
r16_m240_same,same,4,16,decomposition,2808,2.68861717,0.9515,13.2965,2,1
r16_m240_same,same,4,16,fixed_hit,2808,2.75214779,0.9565,13.11515,1,0
r16_m240_same,same,4,16,search,2808,2.63651923,0.952,11.93665,2,1
r8_m060_same,same,4,8,both,2232,1.92629435,0.9265,6.8945,2,1
r8_m060_same,same,4,8,decomposition,2232,1.98838665,0.9265,6.91505,5,2
r8_m060_same,same,4,8,fixed_hit,2232,1.89532034,0.921,6.83845,2,1
r8_m060_same,same,4,8,search,2232,2.00003405,0.931,6.9755,3,2
r8_m060_split,split,4,8,both,2448,1.91957149,0.9565,6.79,1,0
r8_m060_split,split,4,8,decomposition,2448,1.99067933,0.961,6.7365,7,3
r8_m060_split,split,4,8,fixed_hit,2448,1.864846,0.962,6.7765,1,0
r8_m060_split,split,4,8,search,2448,1.90853799,0.952,6.7,4,3
r16_m060_same,same,4,16,both,2760,2.90445797,0.931,14.72205,1,0
r16_m060_same,same,4,16,decomposition,2760,2.87050652,0.932,14.5325,1,0
r16_m060_same,same,4,16,fixed_hit,2760,3.16576014,0.932,14.536,1,0
r16_m060_same,same,4,16,search,2760,2.9130558,0.932,14.31455,1,0
r16_m060_split,split,4,16,both,2808,3.58726425,0.961,14.28065,1,0
r16_m060_split,split,4,16,decomposition,2808,3.17830413,0.971,13.7965,1,0
r16_m060_split,split,4,16,fixed_hit,2808,3.10359651,0.981,14.03315,1,0
r16_m060_split,split,4,16,search,2808,2.96787464,0.982,14.48815,1,0
r8_m090_split,split,4,8,both,2496,1.96484896,1.067,6.87,1,0
r8_m090_split,split,4,8,decomposition,2496,2.31422877,1.0765,6.8425,5,2
r8_m090_split,split,4,8,fixed_hit,2496,1.91496514,1.082,6.83325,1,0
r8_m090_split,split,4,8,search,2496,2.05524199,1.0665,6.81025,3,2
r8_m090_same,same,4,8,both,2304,1.94411762,0.992,6.79085,2,1
r8_m090_same,same,4,8,decomposition,2304,2.01931424,1.001,7.00715,5,2
r8_m090_same,same,4,8,fixed_hit,2304,1.95186155,0.9865,6.95,2,1
r8_m090_same,same,4,8,search,2304,2.09907465,1.001,7.0235,3,2
r16_m090_split,split,4,16,both,2832,3.05108686,1.061,14.018,1,0
r16_m090_split,split,4,16,decomposition,2832,2.77313595,1.062,11.207,1,0
r16_m090_split,split,4,16,fixed_hit,2832,3.46789725,1.052,13.92755,1,0
r16_m090_split,split,4,16,search,2832,4.37483934,1.082,11.39745,1,0
r16_m090_same,same,4,16,both,2760,4.13103949,1.0515,12.721,1,0
r16_m090_same,same,4,16,decomposition,2760,2.83019348,1.0665,12.65,1,0
r16_m090_same,same,4,16,fixed_hit,2760,2.86047246,1.0515,12.6695,1,0
r16_m090_same,same,4,16,search,2760,2.79511341,1.047,12.179,1,0
r8_m031_same,same,5,8,both,2712,2.22594875,1.172,7.5145,2,1
r8_m031_same,same,5,8,decomposition,2712,2.40842478,1.192,7.801,5,2
r8_m031_same,same,5,8,fixed_hit,2712,2.31010361,1.1865,7.79045,2,1
r8_m031_same,same,5,8,search,2712,2.33916372,1.172,7.81395,3,2
r8_m031_split,split,5,8,both,3000,2.30147633,1.272,7.58105,1,0
r8_m031_split,split,5,8,decomposition,3000,2.285071,1.267,7.49255,5,2
r8_m031_split,split,5,8,fixed_hit,3000,2.23152333,1.282,7.5415,1,0
r8_m031_split,split,5,8,search,3000,2.22035667,1.282,7.60105,3,2
r8_m248_split,split,5,8,both,3072,2.20801986,1.322,7.01505,6,2
r8_m248_split,split,5,8,decomposition,3072,2.25632292,1.327,7.0855,8,4
r8_m248_split,split,5,8,fixed_hit,3072,2.26230404,1.322,7.05,3,2
r8_m248_split,split,5,8,search,3072,2.24601367,1.332,7.161,5,4
r8_m248_same,same,5,8,both,2808,2.28985648,1.252,7.334,6,2
r8_m248_same,same,5,8,decomposition,2808,2.33814281,1.262,7.3775,8,4
r8_m248_same,same,5,8,fixed_hit,2808,2.36964209,1.252,7.42785,3,2
r8_m248_same,same,5,8,search,2808,2.35342842,1.247,7.45165,5,4
r8_m103_same,same,5,8,both,2712,2.40729462,1.277,7.732,6,3
r8_m103_same,same,5,8,decomposition,2712,2.39786836,1.342,7.8465,7,3
r8_m103_same,same,5,8,fixed_hit,2712,2.56509845,1.302,7.7755,4,3
r8_m103_same,same,5,8,search,2712,2.39073193,1.272,7.9855,4,3
r8_m103_split,split,5,8,both,3024,2.23807837,1.241,7.2295,1,0
r8_m103_split,split,5,8,decomposition,3024,2.20669246,1.252,7.261,7,3
r8_m103_split,split,5,8,fixed_hit,3024,2.11258532,1.242,7.2695,1,0
r8_m103_split,split,5,8,search,3024,2.17840906,1.2415,7.221,4,3
r8_m173_split,split,5,8,both,3096,2.23156202,1.192,7.291,1,0
r8_m173_split,split,5,8,decomposition,3096,2.24943249,1.177,7.1635,7,3
r8_m173_split,split,5,8,fixed_hit,3096,2.36765988,1.182,7.186,1,0
r8_m173_split,split,5,8,search,3096,2.26222416,1.202,7.3085,4,3
r8_m173_same,same,5,8,both,2784,2.26913757,1.1615,7.158,4,1
r8_m173_same,same,5,8,decomposition,2784,2.39054957,1.162,7.3765,7,3
r8_m173_same,same,5,8,fixed_hit,2784,2.7308125,1.172,7.372,2,1
r8_m173_same,same,5,8,search,2784,2.54631932,1.1565,7.40965,4,3
r8_m063_same,same,6,8,both,3216,3.12391729,1.463,8.4555,6,3
r8_m063_same,same,6,8,decomposition,3216,2.64131468,1.4625,8.383,8,4
r8_m063_same,same,6,8,fixed_hit,3216,2.66764583,1.452,8.323,4,3
r8_m063_same,same,6,8,search,3216,2.64007774,1.462,8.423,5,4
r8_m063_split,split,6,8,both,3888,2.52664506,1.552,7.6985,6,2
r8_m063_split,split,6,8,decomposition,3888,2.67010957,1.552,7.872,8,4
r8_m063_split,split,6,8,fixed_hit,3888,2.59668621,1.552,7.7485,3,2
r8_m063_split,split,6,8,search,3888,2.90153549,1.5525,7.835,5,4
r8_m252_split,split,6,8,both,3840,2.70522474,1.543,7.77105,1,0
r8_m252_split,split,6,8,decomposition,3840,2.72074922,1.553,7.81245,7,3
r8_m252_split,split,6,8,fixed_hit,3840,2.77102865,1.562,7.842,1,0
r8_m252_split,split,6,8,search,3840,3.31551979,1.553,7.732,4,3
r8_m252_same,same,6,8,both,3384,2.66630467,1.482,8.152,3,2
r8_m252_same,same,6,8,decomposition,3384,2.75950975,1.492,8.20285,7,3
r8_m252_same,same,6,8,fixed_hit,3384,2.77270774,1.482,8.2005,3,2
r8_m252_same,same,6,8,search,3384,2.71305053,1.4975,8.18065,4,3
r8_m219_same,same,6,8,both,3456,2.55545804,1.432,7.49425,4,2
r8_m219_same,same,6,8,decomposition,3456,3.47010301,1.432,7.772,7,3
r8_m219_same,same,6,8,fixed_hit,3456,2.60358478,1.452,7.531,3,2
r8_m219_same,same,6,8,search,3456,3.54150145,1.412,7.62125,4,3
r8_m219_split,split,6,8,both,3984,2.49488353,1.512,7.492,1,0
r8_m219_split,split,6,8,decomposition,3984,2.4443115,1.512,7.38185,7,3
r8_m219_split,split,6,8,fixed_hit,3984,2.54618097,1.522,7.461,1,0
r8_m219_split,split,6,8,search,3984,2.49814106,1.512,7.448,4,3
r8_m231_split,split,6,8,both,4008,2.5069506,1.503,7.591,5,2
r8_m231_split,split,6,8,decomposition,4008,2.56990868,1.502,7.632,7,3
r8_m231_split,split,6,8,fixed_hit,4008,2.63850175,1.512,7.55785,3,2
r8_m231_split,split,6,8,search,4008,2.61800274,1.512,7.6585,4,3
r8_m231_same,same,6,8,both,3528,3.30259212,1.503,8.125,5,2
r8_m231_same,same,6,8,decomposition,3528,2.92021995,1.5125,8.262,7,3
r8_m231_same,same,6,8,fixed_hit,3528,2.70285261,1.503,8.0585,3,2
r8_m231_same,same,6,8,search,3528,3.00310544,1.512,8.292,4,3
r8_m127_same,same,7,8,both,4152,3.0571934,1.763,8.603,7,3
r8_m127_same,same,7,8,decomposition,4152,3.11569653,1.783,8.7585,8,4
r8_m127_same,same,7,8,fixed_hit,4152,3.06448651,1.7725,8.5175,4,3
r8_m127_same,same,7,8,search,4152,3.16737909,1.772,8.7175,5,4
r8_m127_split,split,7,8,both,5136,3.12125409,1.753,7.992,7,3
r8_m127_split,split,7,8,decomposition,5136,3.47060572,1.7775,8.072,8,4
r8_m127_split,split,7,8,fixed_hit,5136,2.89684871,1.7625,8.022,4,3
r8_m127_split,split,7,8,search,5136,2.96224883,1.773,8.09525,5,4
r8_m254_split,split,7,8,both,5088,2.90908137,1.7925,7.9985,5,2
r8_m254_split,split,7,8,decomposition,5088,2.96965134,1.783,8.00885,7,3
r8_m254_split,split,7,8,fixed_hit,5088,2.82867944,1.7925,7.98265,3,2
r8_m254_split,split,7,8,search,5088,2.8302105,1.773,7.9385,4,3
r8_m254_same,same,7,8,both,4272,3.22613249,1.843,8.8285,5,2
r8_m254_same,same,7,8,decomposition,4272,3.23803043,1.848,8.93345,7,3
r8_m254_same,same,7,8,fixed_hit,4272,3.16399228,1.848,8.77255,3,2
r8_m254_same,same,7,8,search,4272,3.5079286,1.8475,8.94345,4,3
r8_m191_same,same,7,8,both,4128,2.81410489,1.632,8.21265,4,2
r8_m191_same,same,7,8,decomposition,4128,2.91558987,1.643,8.483,7,3
r8_m191_same,same,7,8,fixed_hit,4128,2.87178513,1.632,8.19185,3,2
r8_m191_same,same,7,8,search,4128,2.8341703,1.6325,8.325,4,3
r8_m191_split,split,7,8,both,5112,3.15209546,1.733,8.0465,2,1
r8_m191_split,split,7,8,decomposition,5112,3.0975489,1.7225,7.992,7,3
r8_m191_split,split,7,8,fixed_hit,5112,2.8507858,1.722,7.962,2,1
r8_m191_split,split,7,8,search,5112,2.92655849,1.713,8.012,4,3
r8_m223_split,split,7,8,both,5088,3.08642944,1.763,8.013,3,2
r8_m223_split,split,7,8,decomposition,5088,3.06121069,1.7675,8.042,7,3
r8_m223_split,split,7,8,fixed_hit,5088,2.86391961,1.763,8.022,3,2
r8_m223_split,split,7,8,search,5088,3.19632017,1.7875,8.04885,4,3
r8_m223_same,same,7,8,both,4296,3.32140363,1.888,8.678,5,2
r8_m223_same,same,7,8,decomposition,4296,3.20927863,1.883,8.688,7,3
r8_m223_same,same,7,8,fixed_hit,4296,3.3848189,1.893,8.643,3,2
r8_m223_same,same,7,8,search,4296,3.08612291,1.882,8.6055,4,3
r8_m255_same,same,8,8,both,5352,3.45032156,2.223,9.184,6,4
r8_m255_same,same,8,8,decomposition,5352,3.67722384,2.233,9.394,8,4
r8_m255_same,same,8,8,fixed_hit,5352,3.57980531,2.214,9.1085,5,4
r8_m255_same,same,8,8,search,5352,3.56857623,2.214,9.284,5,4
r8_m255_split,split,8,8,both,6840,3.20643728,2.053,8.263,6,2
r8_m255_split,split,8,8,decomposition,6840,3.27800599,2.053,8.26255,8,4
r8_m255_split,split,8,8,fixed_hit,6840,3.25618757,2.053,8.27205,3,2
r8_m255_split,split,8,8,search,6840,3.42007368,2.043,8.343,5,4
r16_m255_same,same,8,16,both,8232,4.34493659,1.8775,16.956,2,1
r16_m255_same,same,8,16,decomposition,8232,4.27405296,1.873,16.916,2,1
r16_m255_same,same,8,16,fixed_hit,8232,4.3172828,1.883,16.86005,2,1
r16_m255_same,same,8,16,search,8232,4.35388581,1.883,17.0905,2,1
r16_m255_split,split,8,16,both,8808,4.41122548,1.873,16.755,1,0
r16_m255_split,split,8,16,decomposition,8808,4.2985201,1.872,16.678,2,1
r16_m255_split,split,8,16,fixed_hit,8808,4.54391167,1.873,16.801,1,0
r16_m255_split,split,8,16,search,8808,4.15684525,1.863,16.47735,2,1
structured_split,split,8,8,both,144,1.91415278,0.9365,6.1285,8,5
structured_split,split,8,8,decomposition,144,1.95547917,1.0065,5.997,8,5
structured_split,split,8,8,fixed_hit,144,2.08355556,0.9515,5.64785,10,9
structured_split,split,8,8,search,144,2.05547222,1.0465,5.6545,10,9
structured_same,same,8,8,both,144,1.84378472,0.776,5.897,8,5
structured_same,same,8,8,decomposition,144,1.89530556,0.9865,5.69285,8,5
structured_same,same,8,8,fixed_hit,144,2.87448611,0.811,5.49,10,9
structured_same,same,8,8,search,144,2.31261806,1.051,7.3447,10,9
