palette,fixture,mode,operation,family_size,root_consistent,gac_gap,mean_us,nodes,branches,fixed_calls,decompositions,component_solves
split,physical_path,both,feasibility,2,1,3,2.945,3,2,0,0,0
split,physical_triangle,both,feasibility,0,1,14,3.906,4,3,0,0,0
split,two_paths,both,feasibility,4,1,6,9.694,7,4,0,1,2
split,path_plus_triangle,both,feasibility,0,1,20,11.257,8,5,0,1,2
split,fixed_hit,both,feasibility,4,1,0,0.932,1,0,1,0,0
split,fixed_plus_path,both,feasibility,8,1,3,6.439,5,2,1,1,2
split,physical_path,both,projection,2,1,3,6.099,7,2,0,0,0
split,physical_triangle,both,projection,0,1,14,5.068,4,3,0,0,0
split,two_paths,both,projection,4,1,6,25.96,19,8,0,1,2
split,path_plus_triangle,both,projection,0,1,20,13.049,8,5,0,1,2
split,fixed_hit,both,projection,4,1,0,2.444,4,0,1,0,0
split,fixed_plus_path,both,projection,8,1,3,20.842,18,8,2,1,2
split,physical_path,decomposition,feasibility,2,1,3,3.045,3,2,0,0,0
split,physical_triangle,decomposition,feasibility,0,1,14,3.896,4,3,0,0,0
split,two_paths,decomposition,feasibility,4,1,6,9.684,7,4,0,1,2
split,path_plus_triangle,decomposition,feasibility,0,1,20,11.387,8,5,0,1,2
split,fixed_hit,decomposition,feasibility,4,1,0,1.262,2,1,0,0,0
split,fixed_plus_path,decomposition,feasibility,8,1,3,6.701,6,3,0,1,2
split,physical_path,decomposition,projection,2,1,3,6.179,7,2,0,0,0
split,physical_triangle,decomposition,projection,0,1,14,5.078,4,3,0,0,0
split,two_paths,decomposition,projection,4,1,6,24.607,19,8,0,1,2
split,path_plus_triangle,decomposition,projection,0,1,20,13.1,8,5,0,1,2
split,fixed_hit,decomposition,projection,4,1,0,2.294,4,1,0,0,0
split,fixed_plus_path,decomposition,projection,8,1,3,18.327,17,8,0,1,2
split,physical_path,fixed_hit,feasibility,2,1,3,2.975,3,2,0,0,0
split,physical_triangle,fixed_hit,feasibility,0,1,14,3.906,4,3,0,0,0
split,two_paths,fixed_hit,feasibility,4,1,6,7.742,5,4,0,0,0
split,path_plus_triangle,fixed_hit,feasibility,0,1,20,15.213,10,9,0,0,0
split,fixed_hit,fixed_hit,feasibility,4,1,0,0.951,1,0,1,0,0
split,fixed_plus_path,fixed_hit,feasibility,8,1,3,4.407,3,2,1,0,0
split,physical_path,fixed_hit,projection,2,1,3,6.049,7,2,0,0,0
split,physical_triangle,fixed_hit,projection,0,1,14,5.068,4,3,0,0,0
split,two_paths,fixed_hit,projection,4,1,6,22.804,17,8,0,0,0
split,path_plus_triangle,fixed_hit,projection,0,1,20,17.136,10,9,0,0,0
split,fixed_hit,fixed_hit,projection,4,1,0,2.444,4,0,1,0,0
split,fixed_plus_path,fixed_hit,projection,8,1,3,19.009,16,8,2,0,0
split,physical_path,search,feasibility,2,1,3,2.945,3,2,0,0,0
split,physical_triangle,search,feasibility,0,1,14,3.886,4,3,0,0,0
split,two_paths,search,feasibility,4,1,6,7.712,5,4,0,0,0
split,path_plus_triangle,search,feasibility,0,1,20,15.133,10,9,0,0,0
split,fixed_hit,search,feasibility,4,1,0,1.252,2,1,0,0,0
split,fixed_plus_path,search,feasibility,8,1,3,5.608,4,3,0,0,0
split,physical_path,search,projection,2,1,3,6.079,7,2,0,0,0
split,physical_triangle,search,projection,0,1,14,5.068,4,3,0,0,0
split,two_paths,search,projection,4,1,6,22.845,17,8,0,0,0
split,path_plus_triangle,search,projection,0,1,20,17.126,10,9,0,0,0
split,fixed_hit,search,projection,4,1,0,2.273,4,1,0,0,0
split,fixed_plus_path,search,projection,8,1,3,17.136,15,8,0,0,0
same,physical_path,both,feasibility,2,1,3,2.954,3,2,0,0,0
same,physical_triangle,both,feasibility,0,1,14,3.886,4,3,0,0,0
same,two_paths,both,feasibility,4,1,6,10.656,7,4,0,1,2
same,path_plus_triangle,both,feasibility,0,1,20,10.997,8,5,0,1,2
same,fixed_hit,both,feasibility,8,1,0,0.741,1,0,1,0,0
same,fixed_plus_path,both,feasibility,16,1,3,6.43,5,2,1,1,2
same,physical_path,both,projection,2,1,3,6.139,7,2,0,0,0
same,physical_triangle,both,projection,0,1,14,5.058,4,3,0,0,0
same,two_paths,both,projection,4,1,6,25.018,19,8,0,1,2
same,path_plus_triangle,both,projection,0,1,20,12.849,8,5,0,1,2
same,fixed_hit,both,projection,8,1,0,2.084,4,0,1,0,0
same,fixed_plus_path,both,projection,16,1,3,20.661,18,8,2,1,2
same,physical_path,decomposition,feasibility,2,1,3,3.115,3,2,0,0,0
same,physical_triangle,decomposition,feasibility,0,1,14,3.876,4,3,0,0,0
same,two_paths,decomposition,feasibility,4,1,6,9.584,7,4,0,1,2
same,path_plus_triangle,decomposition,feasibility,0,1,20,11.117,8,5,0,1,2
same,fixed_hit,decomposition,feasibility,8,1,0,1.102,2,1,0,0,0
same,fixed_plus_path,decomposition,feasibility,16,1,3,6.861,6,3,0,1,2
same,physical_path,decomposition,projection,2,1,3,6.399,7,2,0,0,0
same,physical_triangle,decomposition,projection,0,1,14,5.028,4,3,0,0,0
same,two_paths,decomposition,projection,4,1,6,24.437,19,8,0,1,2
same,path_plus_triangle,decomposition,projection,0,1,20,12.869,8,5,0,1,2
same,fixed_hit,decomposition,projection,8,1,0,2.463,5,1,0,0,0
same,fixed_plus_path,decomposition,projection,16,1,3,22.655,20,10,0,1,2
same,physical_path,fixed_hit,feasibility,2,1,3,2.994,3,2,0,0,0
same,physical_triangle,fixed_hit,feasibility,0,1,14,3.926,4,3,0,0,0
same,two_paths,fixed_hit,feasibility,4,1,6,7.722,5,4,0,0,0
same,path_plus_triangle,fixed_hit,feasibility,0,1,20,14.953,10,9,0,0,0
same,fixed_hit,fixed_hit,feasibility,8,1,0,0.751,1,0,1,0,0
same,fixed_plus_path,fixed_hit,feasibility,16,1,3,4.216,3,2,1,0,0
same,physical_path,fixed_hit,projection,2,1,3,6.069,7,2,0,0,0
same,physical_triangle,fixed_hit,projection,0,1,14,5.127,4,3,0,0,0
same,two_paths,fixed_hit,projection,4,1,6,22.624,17,8,0,0,0
same,path_plus_triangle,fixed_hit,projection,0,1,20,17.095,10,9,0,0,0
same,fixed_hit,fixed_hit,projection,8,1,0,2.123,4,0,1,0,0
same,fixed_plus_path,fixed_hit,projection,16,1,3,19.069,16,8,2,0,0
same,physical_path,search,feasibility,2,1,3,2.954,3,2,0,0,0
same,physical_triangle,search,feasibility,0,1,14,3.866,4,3,0,0,0
same,two_paths,search,feasibility,4,1,6,7.822,5,4,0,0,0
same,path_plus_triangle,search,feasibility,0,1,20,14.993,10,9,0,0,0
same,fixed_hit,search,feasibility,8,1,0,1.152,2,1,0,0,0
same,fixed_plus_path,search,feasibility,16,1,3,4.807,4,3,0,0,0
same,physical_path,search,projection,2,1,3,6.099,7,2,0,0,0
same,physical_triangle,search,projection,0,1,14,5.068,4,3,0,0,0
same,two_paths,search,projection,4,1,6,22.985,17,8,0,0,0
same,path_plus_triangle,search,projection,0,1,20,16.966,10,9,0,0,0
same,fixed_hit,search,projection,8,1,0,2.323,5,1,0,0,0
same,fixed_plus_path,search,projection,16,1,3,20.101,18,10,0,0,0
