job,k,palette,resolution,mode,operation,case_id,suite,truth_id,nodes,branches,largest_component,residual_components,shape_variables,family_size,supports
r8_m000_split,0,split,8,both,feasibility,0,axis_1,0,1,0,0,0,0,1,2396745
r8_m000_split,0,split,8,both,projection,0,axis_1,0,1,0,0,0,0,1,2396745
r8_m000_split,0,split,8,decomposition,feasibility,15,axis_1,40,9,4,2,4,0,81,7190235
r8_m000_split,0,split,8,decomposition,projection,15,axis_1,40,37,16,2,4,0,81,7190235
r8_m000_split,0,split,8,fixed_hit,feasibility,0,axis_1,0,1,0,0,0,0,1,2396745
r8_m000_split,0,split,8,fixed_hit,projection,0,axis_1,0,1,0,0,0,0,1,2396745
r8_m000_split,0,split,8,search,feasibility,15,axis_1,40,5,4,2,4,0,81,7190235
r8_m000_split,0,split,8,search,projection,15,axis_1,40,21,16,2,4,0,81,7190235
r8_m000_same,0,same,8,both,feasibility,0,axis_1,0,1,0,0,0,0,1,2396745
r8_m000_same,0,same,8,both,projection,0,axis_1,0,1,0,0,0,0,1,2396745
r8_m000_same,0,same,8,decomposition,feasibility,15,axis_1,40,9,4,2,4,0,81,7190235
r8_m000_same,0,same,8,decomposition,projection,15,axis_1,40,37,16,2,4,0,81,7190235
r8_m000_same,0,same,8,fixed_hit,feasibility,0,axis_1,0,1,0,0,0,0,1,2396745
r8_m000_same,0,same,8,fixed_hit,projection,0,axis_1,0,1,0,0,0,0,1,2396745
r8_m000_same,0,same,8,search,feasibility,15,axis_1,40,5,4,2,4,0,81,7190235
r8_m000_same,0,same,8,search,projection,15,axis_1,40,21,16,2,4,0,81,7190235
r16_m000_split,0,split,16,both,feasibility,0,axis_1,0,1,0,0,0,0,1,2396745
r16_m000_split,0,split,16,both,projection,0,axis_1,0,1,0,0,0,0,1,2396745
r16_m000_split,0,split,16,decomposition,feasibility,1021,oblique_1,2470,2,1,2,1,0,3,4535954
r16_m000_split,0,split,16,decomposition,projection,1021,oblique_1,2470,3,1,2,1,0,3,4535954
r16_m000_split,0,split,16,fixed_hit,feasibility,0,axis_1,0,1,0,0,0,0,1,2396745
r16_m000_split,0,split,16,fixed_hit,projection,0,axis_1,0,1,0,0,0,0,1,2396745
r16_m000_split,0,split,16,search,feasibility,1021,oblique_1,2470,2,1,2,1,0,3,4535954
r16_m000_split,0,split,16,search,projection,1021,oblique_1,2470,3,1,2,1,0,3,4535954
r16_m000_same,0,same,16,both,feasibility,0,axis_1,0,1,0,0,0,0,1,2396745
r16_m000_same,0,same,16,both,projection,0,axis_1,0,1,0,0,0,0,1,2396745
r16_m000_same,0,same,16,decomposition,feasibility,1021,oblique_1,2470,2,1,2,1,0,3,4535954
r16_m000_same,0,same,16,decomposition,projection,1021,oblique_1,2470,3,1,2,1,0,3,4535954
r16_m000_same,0,same,16,fixed_hit,feasibility,0,axis_1,0,1,0,0,0,0,1,2396745
r16_m000_same,0,same,16,fixed_hit,projection,0,axis_1,0,1,0,0,0,0,1,2396745
r16_m000_same,0,same,16,search,feasibility,1021,oblique_1,2470,2,1,2,1,0,3,4535954
r16_m000_same,0,same,16,search,projection,1021,oblique_1,2470,3,1,2,1,0,3,4535954
r8_m001_same,1,same,8,both,feasibility,0,axis_1,0,1,0,0,0,0,1,2396745
r8_m001_same,1,same,8,both,projection,0,axis_1,0,1,0,0,0,0,1,2396745
r8_m001_same,1,same,8,decomposition,feasibility,27,axis_1,40,9,4,2,4,0,81,7190235
r8_m001_same,1,same,8,decomposition,projection,27,axis_1,40,37,16,2,4,0,81,7190235
r8_m001_same,1,same,8,fixed_hit,feasibility,0,axis_1,0,1,0,0,0,0,1,2396745
r8_m001_same,1,same,8,fixed_hit,projection,0,axis_1,0,1,0,0,0,0,1,2396745
r8_m001_same,1,same,8,search,feasibility,27,axis_1,40,5,4,2,4,0,81,7190235
r8_m001_same,1,same,8,search,projection,27,axis_1,40,21,16,2,4,0,81,7190235
r8_m001_split,1,split,8,both,feasibility,0,axis_1,0,1,0,0,0,0,1,2396745
r8_m001_split,1,split,8,both,projection,0,axis_1,0,1,0,0,0,0,1,2396745
r8_m001_split,1,split,8,decomposition,feasibility,27,axis_1,40,9,4,2,4,0,81,7190235
r8_m001_split,1,split,8,decomposition,projection,27,axis_1,40,37,16,2,4,0,81,7190235
r8_m001_split,1,split,8,fixed_hit,feasibility,0,axis_1,0,1,0,0,0,0,1,2396745
r8_m001_split,1,split,8,fixed_hit,projection,0,axis_1,0,1,0,0,0,0,1,2396745
r8_m001_split,1,split,8,search,feasibility,27,axis_1,40,5,4,2,4,0,81,7190235
r8_m001_split,1,split,8,search,projection,27,axis_1,40,21,16,2,4,0,81,7190235
r8_m128_split,1,split,8,both,feasibility,0,axis_1,0,1,0,0,0,0,1,2396745
r8_m128_split,1,split,8,both,projection,0,axis_1,0,1,0,0,0,0,1,2396745
r8_m128_split,1,split,8,decomposition,feasibility,30,axis_1,40,9,4,2,4,0,81,7190235
r8_m128_split,1,split,8,decomposition,projection,30,axis_1,40,37,16,2,4,0,81,7190235
r8_m128_split,1,split,8,fixed_hit,feasibility,0,axis_1,0,1,0,0,0,0,1,2396745
r8_m128_split,1,split,8,fixed_hit,projection,0,axis_1,0,1,0,0,0,0,1,2396745
r8_m128_split,1,split,8,search,feasibility,30,axis_1,40,5,4,2,4,0,81,7190235
r8_m128_split,1,split,8,search,projection,30,axis_1,40,21,16,2,4,0,81,7190235
r8_m128_same,1,same,8,both,feasibility,0,axis_1,0,1,0,0,0,0,1,2396745
r8_m128_same,1,same,8,both,projection,0,axis_1,0,1,0,0,0,0,1,2396745
r8_m128_same,1,same,8,decomposition,feasibility,30,axis_1,40,9,4,2,4,0,81,7190235
r8_m128_same,1,same,8,decomposition,projection,30,axis_1,40,37,16,2,4,0,81,7190235
r8_m128_same,1,same,8,fixed_hit,feasibility,0,axis_1,0,1,0,0,0,0,1,2396745
r8_m128_same,1,same,8,fixed_hit,projection,0,axis_1,0,1,0,0,0,0,1,2396745
r8_m128_same,1,same,8,search,feasibility,30,axis_1,40,5,4,2,4,0,81,7190235
r8_m128_same,1,same,8,search,projection,30,axis_1,40,21,16,2,4,0,81,7190235
r8_m002_same,1,same,8,both,feasibility,0,axis_1,0,1,0,0,0,0,1,2396745
r8_m002_same,1,same,8,both,projection,0,axis_1,0,1,0,0,0,0,1,2396745
r8_m002_same,1,same,8,decomposition,feasibility,27,axis_1,40,9,4,2,4,0,81,7190235
r8_m002_same,1,same,8,decomposition,projection,27,axis_1,40,37,16,2,4,0,81,7190235
r8_m002_same,1,same,8,fixed_hit,feasibility,0,axis_1,0,1,0,0,0,0,1,2396745
r8_m002_same,1,same,8,fixed_hit,projection,0,axis_1,0,1,0,0,0,0,1,2396745
r8_m002_same,1,same,8,search,feasibility,27,axis_1,40,5,4,2,4,0,81,7190235
r8_m002_same,1,same,8,search,projection,27,axis_1,40,21,16,2,4,0,81,7190235
r8_m002_split,1,split,8,both,feasibility,0,axis_1,0,1,0,0,0,0,1,2396745
r8_m002_split,1,split,8,both,projection,0,axis_1,0,1,0,0,0,0,1,2396745
r8_m002_split,1,split,8,decomposition,feasibility,27,axis_1,40,9,4,2,4,0,81,7190235
r8_m002_split,1,split,8,decomposition,projection,27,axis_1,40,37,16,2,4,0,81,7190235
r8_m002_split,1,split,8,fixed_hit,feasibility,0,axis_1,0,1,0,0,0,0,1,2396745
r8_m002_split,1,split,8,fixed_hit,projection,0,axis_1,0,1,0,0,0,0,1,2396745
r8_m002_split,1,split,8,search,feasibility,27,axis_1,40,5,4,2,4,0,81,7190235
r8_m002_split,1,split,8,search,projection,27,axis_1,40,21,16,2,4,0,81,7190235
r8_m004_split,1,split,8,both,feasibility,0,axis_1,0,1,0,0,0,0,1,2396745
r8_m004_split,1,split,8,both,projection,0,axis_1,0,1,0,0,0,0,1,2396745
r8_m004_split,1,split,8,decomposition,feasibility,30,axis_1,40,9,4,2,4,0,81,7190235
r8_m004_split,1,split,8,decomposition,projection,30,axis_1,40,37,16,2,4,0,81,7190235
r8_m004_split,1,split,8,fixed_hit,feasibility,0,axis_1,0,1,0,0,0,0,1,2396745
r8_m004_split,1,split,8,fixed_hit,projection,0,axis_1,0,1,0,0,0,0,1,2396745
r8_m004_split,1,split,8,search,feasibility,30,axis_1,40,5,4,2,4,0,81,7190235
r8_m004_split,1,split,8,search,projection,30,axis_1,40,21,16,2,4,0,81,7190235
r8_m004_same,1,same,8,both,feasibility,0,axis_1,0,1,0,0,0,0,1,2396745
r8_m004_same,1,same,8,both,projection,0,axis_1,0,1,0,0,0,0,1,2396745
r8_m004_same,1,same,8,decomposition,feasibility,30,axis_1,40,9,4,2,4,0,81,7190235
r8_m004_same,1,same,8,decomposition,projection,30,axis_1,40,37,16,2,4,0,81,7190235
r8_m004_same,1,same,8,fixed_hit,feasibility,0,axis_1,0,1,0,0,0,0,1,2396745
r8_m004_same,1,same,8,fixed_hit,projection,0,axis_1,0,1,0,0,0,0,1,2396745
r8_m004_same,1,same,8,search,feasibility,30,axis_1,40,5,4,2,4,0,81,7190235
r8_m004_same,1,same,8,search,projection,30,axis_1,40,21,16,2,4,0,81,7190235
r8_m003_same,2,same,8,both,feasibility,0,axis_1,0,1,0,0,0,0,1,2396745
r8_m003_same,2,same,8,both,projection,0,axis_1,0,1,0,0,0,0,1,2396745
r8_m003_same,2,same,8,decomposition,feasibility,51,axis_1,40,9,4,2,4,0,81,7190235
r8_m003_same,2,same,8,decomposition,projection,51,axis_1,40,37,16,2,4,0,81,7190235
r8_m003_same,2,same,8,fixed_hit,feasibility,0,axis_1,0,1,0,0,0,0,1,2396745
r8_m003_same,2,same,8,fixed_hit,projection,0,axis_1,0,1,0,0,0,0,1,2396745
r8_m003_same,2,same,8,search,feasibility,51,axis_1,40,5,4,2,4,0,81,7190235
r8_m003_same,2,same,8,search,projection,51,axis_1,40,21,16,2,4,0,81,7190235
r8_m003_split,2,split,8,both,feasibility,0,axis_1,0,1,0,0,0,0,1,2396745
r8_m003_split,2,split,8,both,projection,0,axis_1,0,1,0,0,0,0,1,2396745
r8_m003_split,2,split,8,decomposition,feasibility,51,axis_1,40,9,4,2,4,0,81,7190235
r8_m003_split,2,split,8,decomposition,projection,51,axis_1,40,37,16,2,4,0,81,7190235
r8_m003_split,2,split,8,fixed_hit,feasibility,0,axis_1,0,1,0,0,0,0,1,2396745
r8_m003_split,2,split,8,fixed_hit,projection,0,axis_1,0,1,0,0,0,0,1,2396745
r8_m003_split,2,split,8,search,feasibility,51,axis_1,40,5,4,2,4,0,81,7190235
r8_m003_split,2,split,8,search,projection,51,axis_1,40,21,16,2,4,0,81,7190235
r8_m192_split,2,split,8,both,feasibility,0,axis_1,0,1,0,0,0,0,1,2396745
r8_m192_split,2,split,8,both,projection,0,axis_1,0,1,0,0,0,0,1,2396745
r8_m192_split,2,split,8,decomposition,feasibility,60,axis_1,40,9,4,2,4,0,81,7190235
r8_m192_split,2,split,8,decomposition,projection,60,axis_1,40,37,16,2,4,0,81,7190235
r8_m192_split,2,split,8,fixed_hit,feasibility,0,axis_1,0,1,0,0,0,0,1,2396745
r8_m192_split,2,split,8,fixed_hit,projection,0,axis_1,0,1,0,0,0,0,1,2396745
r8_m192_split,2,split,8,search,feasibility,60,axis_1,40,5,4,2,4,0,81,7190235
r8_m192_split,2,split,8,search,projection,60,axis_1,40,21,16,2,4,0,81,7190235
r8_m192_same,2,same,8,both,feasibility,0,axis_1,0,1,0,0,0,0,1,2396745
r8_m192_same,2,same,8,both,projection,0,axis_1,0,1,0,0,0,0,1,2396745
r8_m192_same,2,same,8,decomposition,feasibility,60,axis_1,40,9,4,2,4,0,81,7190235
r8_m192_same,2,same,8,decomposition,projection,60,axis_1,40,37,16,2,4,0,81,7190235
r8_m192_same,2,same,8,fixed_hit,feasibility,0,axis_1,0,1,0,0,0,0,1,2396745
r8_m192_same,2,same,8,fixed_hit,projection,0,axis_1,0,1,0,0,0,0,1,2396745
r8_m192_same,2,same,8,search,feasibility,60,axis_1,40,5,4,2,4,0,81,7190235
r8_m192_same,2,same,8,search,projection,60,axis_1,40,21,16,2,4,0,81,7190235
r8_m024_same,2,same,8,both,feasibility,1213,oblique_1,2973,2,1,2,1,1,3,4774993
r8_m024_same,2,same,8,both,projection,1213,oblique_1,2973,3,1,2,1,1,3,4774993
r8_m024_same,2,same,8,decomposition,feasibility,54,axis_1,40,9,4,2,4,0,81,7190235
r8_m024_same,2,same,8,decomposition,projection,54,axis_1,40,37,16,2,4,0,81,7190235
r8_m024_same,2,same,8,fixed_hit,feasibility,1213,oblique_1,2973,2,1,2,1,1,3,4774993
r8_m024_same,2,same,8,fixed_hit,projection,1213,oblique_1,2973,3,1,2,1,1,3,4774993
r8_m024_same,2,same,8,search,feasibility,54,axis_1,40,5,4,2,4,0,81,7190235
r8_m024_same,2,same,8,search,projection,54,axis_1,40,21,16,2,4,0,81,7190235
r8_m024_split,2,split,8,both,feasibility,1383,oblique_1,2226,2,1,2,1,1,4,4519569
r8_m024_split,2,split,8,both,projection,1383,oblique_1,2226,4,1,2,1,1,4,4519569
r8_m024_split,2,split,8,decomposition,feasibility,54,axis_1,40,9,4,2,4,0,81,7190235
r8_m024_split,2,split,8,decomposition,projection,54,axis_1,40,37,16,2,4,0,81,7190235
r8_m024_split,2,split,8,fixed_hit,feasibility,1383,oblique_1,2226,2,1,2,1,1,4,4519569
r8_m024_split,2,split,8,fixed_hit,projection,1383,oblique_1,2226,4,1,2,1,1,4,4519569
r8_m024_split,2,split,8,search,feasibility,54,axis_1,40,5,4,2,4,0,81,7190235
r8_m024_split,2,split,8,search,projection,54,axis_1,40,21,16,2,4,0,81,7190235
r8_m036_split,2,split,8,both,feasibility,0,axis_1,0,1,0,0,0,0,1,2396745
r8_m036_split,2,split,8,both,projection,0,axis_1,0,1,0,0,0,0,1,2396745
r8_m036_split,2,split,8,decomposition,feasibility,54,axis_1,40,9,4,2,4,0,81,7190235
r8_m036_split,2,split,8,decomposition,projection,54,axis_1,40,37,16,2,4,0,81,7190235
r8_m036_split,2,split,8,fixed_hit,feasibility,0,axis_1,0,1,0,0,0,0,1,2396745
r8_m036_split,2,split,8,fixed_hit,projection,0,axis_1,0,1,0,0,0,0,1,2396745
r8_m036_split,2,split,8,search,feasibility,54,axis_1,40,5,4,2,4,0,81,7190235
r8_m036_split,2,split,8,search,projection,54,axis_1,40,21,16,2,4,0,81,7190235
r8_m036_same,2,same,8,both,feasibility,1180,oblique_1,1083,2,1,2,1,1,3,2827857
r8_m036_same,2,same,8,both,projection,1344,oblique_1,1012,5,2,2,1,1,6,2832018
r8_m036_same,2,same,8,decomposition,feasibility,54,axis_1,40,9,4,2,4,0,81,7190235
r8_m036_same,2,same,8,decomposition,projection,54,axis_1,40,37,16,2,4,0,81,7190235
r8_m036_same,2,same,8,fixed_hit,feasibility,1180,oblique_1,1083,2,1,2,1,1,3,2827857
r8_m036_same,2,same,8,fixed_hit,projection,1344,oblique_1,1012,5,2,2,1,1,6,2832018
r8_m036_same,2,same,8,search,feasibility,54,axis_1,40,5,4,2,4,0,81,7190235
r8_m036_same,2,same,8,search,projection,54,axis_1,40,21,16,2,4,0,81,7190235
r8_m007_same,3,same,8,both,feasibility,0,axis_1,0,1,0,0,0,0,1,2396745
r8_m007_same,3,same,8,both,projection,0,axis_1,0,1,0,0,0,0,1,2396745
r8_m007_same,3,same,8,decomposition,feasibility,102,axis_1,40,9,4,2,4,0,81,7190235
r8_m007_same,3,same,8,decomposition,projection,102,axis_1,40,37,16,2,4,0,81,7190235
r8_m007_same,3,same,8,fixed_hit,feasibility,0,axis_1,0,1,0,0,0,0,1,2396745
r8_m007_same,3,same,8,fixed_hit,projection,0,axis_1,0,1,0,0,0,0,1,2396745
r8_m007_same,3,same,8,search,feasibility,102,axis_1,40,5,4,2,4,0,81,7190235
r8_m007_same,3,same,8,search,projection,102,axis_1,40,21,16,2,4,0,81,7190235
r8_m007_split,3,split,8,both,feasibility,0,axis_1,0,1,0,0,0,0,1,2396745
r8_m007_split,3,split,8,both,projection,0,axis_1,0,1,0,0,0,0,1,2396745
r8_m007_split,3,split,8,decomposition,feasibility,102,axis_1,40,9,4,2,4,0,81,7190235
r8_m007_split,3,split,8,decomposition,projection,102,axis_1,40,37,16,2,4,0,81,7190235
r8_m007_split,3,split,8,fixed_hit,feasibility,0,axis_1,0,1,0,0,0,0,1,2396745
r8_m007_split,3,split,8,fixed_hit,projection,0,axis_1,0,1,0,0,0,0,1,2396745
r8_m007_split,3,split,8,search,feasibility,102,axis_1,40,5,4,2,4,0,81,7190235
r8_m007_split,3,split,8,search,projection,102,axis_1,40,21,16,2,4,0,81,7190235
r8_m224_split,3,split,8,both,feasibility,0,axis_1,0,1,0,0,0,0,1,2396745
r8_m224_split,3,split,8,both,projection,0,axis_1,0,1,0,0,0,0,1,2396745
r8_m224_split,3,split,8,decomposition,feasibility,108,axis_1,40,9,4,2,4,0,81,7190235
r8_m224_split,3,split,8,decomposition,projection,108,axis_1,40,37,16,2,4,0,81,7190235
r8_m224_split,3,split,8,fixed_hit,feasibility,0,axis_1,0,1,0,0,0,0,1,2396745
r8_m224_split,3,split,8,fixed_hit,projection,0,axis_1,0,1,0,0,0,0,1,2396745
r8_m224_split,3,split,8,search,feasibility,108,axis_1,40,5,4,2,4,0,81,7190235
r8_m224_split,3,split,8,search,projection,108,axis_1,40,21,16,2,4,0,81,7190235
r8_m224_same,3,same,8,both,feasibility,1835,oblique_1,1083,2,1,2,1,1,3,2827857
r8_m224_same,3,same,8,both,projection,1999,oblique_1,1012,5,2,2,1,1,6,2832018
r8_m224_same,3,same,8,decomposition,feasibility,108,axis_1,40,9,4,2,4,0,81,7190235
r8_m224_same,3,same,8,decomposition,projection,108,axis_1,40,37,16,2,4,0,81,7190235
r8_m224_same,3,same,8,fixed_hit,feasibility,1835,oblique_1,1083,2,1,2,1,1,3,2827857
r8_m224_same,3,same,8,fixed_hit,projection,1999,oblique_1,1012,5,2,2,1,1,6,2832018
r8_m224_same,3,same,8,search,feasibility,108,axis_1,40,5,4,2,4,0,81,7190235
r8_m224_same,3,same,8,search,projection,108,axis_1,40,21,16,2,4,0,81,7190235
r8_m025_same,3,same,8,both,feasibility,24,axis_1,83,3,2,2,1,2,2,2417230
r8_m025_same,3,same,8,both,projection,62,axis_1,122,46,14,2,4,2,54,7202526
r8_m025_same,3,same,8,decomposition,feasibility,62,axis_1,122,10,5,2,4,2,54,7202526
r8_m025_same,3,same,8,decomposition,projection,62,axis_1,122,43,20,2,4,2,54,7202526
r8_m025_same,3,same,8,fixed_hit,feasibility,24,axis_1,83,3,2,2,1,2,2,2417230
r8_m025_same,3,same,8,fixed_hit,projection,62,axis_1,122,24,14,2,4,2,54,7202526
r8_m025_same,3,same,8,search,feasibility,62,axis_1,122,6,5,2,4,2,54,7202526
r8_m025_same,3,same,8,search,projection,62,axis_1,122,27,20,2,4,2,54,7202526
r8_m025_split,3,split,8,both,feasibility,24,axis_1,83,3,2,2,1,2,2,2417230
r8_m025_split,3,split,8,both,projection,62,axis_1,122,46,14,2,4,2,54,7202526
r8_m025_split,3,split,8,decomposition,feasibility,62,axis_1,122,10,5,2,4,2,54,7202526
r8_m025_split,3,split,8,decomposition,projection,62,axis_1,122,43,20,2,4,2,54,7202526
r8_m025_split,3,split,8,fixed_hit,feasibility,24,axis_1,83,3,2,2,1,2,2,2417230
r8_m025_split,3,split,8,fixed_hit,projection,62,axis_1,122,24,14,2,4,2,54,7202526
r8_m025_split,3,split,8,search,feasibility,62,axis_1,122,6,5,2,4,2,54,7202526
r8_m025_split,3,split,8,search,projection,62,axis_1,122,27,20,2,4,2,54,7202526
r8_m044_split,3,split,8,both,feasibility,0,axis_1,0,1,0,0,0,0,1,2396745
r8_m044_split,3,split,8,both,projection,0,axis_1,0,1,0,0,0,0,1,2396745
r8_m044_split,3,split,8,decomposition,feasibility,108,axis_1,40,9,4,2,4,0,81,7190235
r8_m044_split,3,split,8,decomposition,projection,108,axis_1,40,37,16,2,4,0,81,7190235
r8_m044_split,3,split,8,fixed_hit,feasibility,0,axis_1,0,1,0,0,0,0,1,2396745
r8_m044_split,3,split,8,fixed_hit,projection,0,axis_1,0,1,0,0,0,0,1,2396745
r8_m044_split,3,split,8,search,feasibility,108,axis_1,40,5,4,2,4,0,81,7190235
r8_m044_split,3,split,8,search,projection,108,axis_1,40,21,16,2,4,0,81,7190235
r8_m044_same,3,same,8,both,feasibility,1842,oblique_1,1083,2,1,2,1,1,3,2827857
r8_m044_same,3,same,8,both,projection,1979,oblique_1,2488,6,2,2,1,1,8,4669010
r8_m044_same,3,same,8,decomposition,feasibility,108,axis_1,40,9,4,2,4,0,81,7190235
r8_m044_same,3,same,8,decomposition,projection,108,axis_1,40,37,16,2,4,0,81,7190235
r8_m044_same,3,same,8,fixed_hit,feasibility,1842,oblique_1,1083,2,1,2,1,1,3,2827857
r8_m044_same,3,same,8,fixed_hit,projection,1979,oblique_1,2488,6,2,2,1,1,8,4669010
r8_m044_same,3,same,8,search,feasibility,108,axis_1,40,5,4,2,4,0,81,7190235
r8_m044_same,3,same,8,search,projection,108,axis_1,40,21,16,2,4,0,81,7190235
r8_m015_same,4,same,8,both,feasibility,3070,oblique_1,2248,2,1,2,1,1,4,4505186
r8_m015_same,4,same,8,both,projection,3070,oblique_1,2248,4,1,2,1,1,4,4505186
r8_m015_same,4,same,8,decomposition,feasibility,204,axis_1,40,9,4,2,4,0,81,7190235
r8_m015_same,4,same,8,decomposition,projection,204,axis_1,40,37,16,2,4,0,81,7190235
r8_m015_same,4,same,8,fixed_hit,feasibility,3070,oblique_1,2248,2,1,2,1,1,4,4505186
r8_m015_same,4,same,8,fixed_hit,projection,3070,oblique_1,2248,4,1,2,1,1,4,4505186
r8_m015_same,4,same,8,search,feasibility,204,axis_1,40,5,4,2,4,0,81,7190235
r8_m015_same,4,same,8,search,projection,204,axis_1,40,21,16,2,4,0,81,7190235
r8_m015_split,4,split,8,both,feasibility,0,axis_1,0,1,0,0,0,0,1,2396745
r8_m015_split,4,split,8,both,projection,0,axis_1,0,1,0,0,0,0,1,2396745
r8_m015_split,4,split,8,decomposition,feasibility,204,axis_1,40,9,4,2,4,0,81,7190235
r8_m015_split,4,split,8,decomposition,projection,204,axis_1,40,37,16,2,4,0,81,7190235
r8_m015_split,4,split,8,fixed_hit,feasibility,0,axis_1,0,1,0,0,0,0,1,2396745
r8_m015_split,4,split,8,fixed_hit,projection,0,axis_1,0,1,0,0,0,0,1,2396745
r8_m015_split,4,split,8,search,feasibility,204,axis_1,40,5,4,2,4,0,81,7190235
r8_m015_split,4,split,8,search,projection,204,axis_1,40,21,16,2,4,0,81,7190235
r16_m015_same,4,same,16,both,feasibility,4591,oblique_1,3210,2,1,2,1,1,4,4800289
r16_m015_same,4,same,16,both,projection,4591,oblique_1,3210,4,1,2,1,1,4,4800289
r16_m015_same,4,same,16,decomposition,feasibility,4589,oblique_1,2481,2,1,2,1,0,3,4536097
r16_m015_same,4,same,16,decomposition,projection,4589,oblique_1,2481,3,1,2,1,0,3,4536097
r16_m015_same,4,same,16,fixed_hit,feasibility,4591,oblique_1,3210,2,1,2,1,1,4,4800289
r16_m015_same,4,same,16,fixed_hit,projection,4591,oblique_1,3210,4,1,2,1,1,4,4800289
r16_m015_same,4,same,16,search,feasibility,4589,oblique_1,2481,2,1,2,1,0,3,4536097
r16_m015_same,4,same,16,search,projection,4589,oblique_1,2481,3,1,2,1,0,3,4536097
r16_m015_split,4,split,16,both,feasibility,0,axis_1,0,1,0,0,0,0,1,2396745
r16_m015_split,4,split,16,both,projection,0,axis_1,0,1,0,0,0,0,1,2396745
r16_m015_split,4,split,16,decomposition,feasibility,5245,oblique_1,2479,2,1,2,1,0,3,4536082
r16_m015_split,4,split,16,decomposition,projection,5245,oblique_1,2479,3,1,2,1,0,3,4536082
r16_m015_split,4,split,16,fixed_hit,feasibility,0,axis_1,0,1,0,0,0,0,1,2396745
r16_m015_split,4,split,16,fixed_hit,projection,0,axis_1,0,1,0,0,0,0,1,2396745
r16_m015_split,4,split,16,search,feasibility,5245,oblique_1,2479,2,1,2,1,0,3,4536082
r16_m015_split,4,split,16,search,projection,5245,oblique_1,2479,3,1,2,1,0,3,4536082
r8_m240_split,4,split,8,both,feasibility,3219,oblique_1,2226,2,1,2,1,1,4,4519569
r8_m240_split,4,split,8,both,projection,3219,oblique_1,2226,4,1,2,1,1,4,4519569
r8_m240_split,4,split,8,decomposition,feasibility,204,axis_1,40,9,4,2,4,0,81,7190235
r8_m240_split,4,split,8,decomposition,projection,204,axis_1,40,37,16,2,4,0,81,7190235
r8_m240_split,4,split,8,fixed_hit,feasibility,3219,oblique_1,2226,2,1,2,1,1,4,4519569
r8_m240_split,4,split,8,fixed_hit,projection,3219,oblique_1,2226,4,1,2,1,1,4,4519569
r8_m240_split,4,split,8,search,feasibility,204,axis_1,40,5,4,2,4,0,81,7190235
r8_m240_split,4,split,8,search,projection,204,axis_1,40,21,16,2,4,0,81,7190235
r8_m240_same,4,same,8,both,feasibility,2923,oblique_1,1083,2,1,2,1,1,3,2827857
r8_m240_same,4,same,8,both,projection,3119,oblique_1,1012,7,3,2,1,1,9,2848402
r8_m240_same,4,same,8,decomposition,feasibility,204,axis_1,40,9,4,2,4,0,81,7190235
r8_m240_same,4,same,8,decomposition,projection,204,axis_1,40,37,16,2,4,0,81,7190235
r8_m240_same,4,same,8,fixed_hit,feasibility,2923,oblique_1,1083,2,1,2,1,1,3,2827857
r8_m240_same,4,same,8,fixed_hit,projection,3119,oblique_1,1012,7,3,2,1,1,9,2848402
r8_m240_same,4,same,8,search,feasibility,204,axis_1,40,5,4,2,4,0,81,7190235
r8_m240_same,4,same,8,search,projection,204,axis_1,40,21,16,2,4,0,81,7190235
r16_m240_split,4,split,16,both,feasibility,0,axis_1,0,1,0,0,0,0,1,2396745
r16_m240_split,4,split,16,both,projection,0,axis_1,0,1,0,0,0,0,1,2396745
r16_m240_split,4,split,16,decomposition,feasibility,5300,oblique_1,2470,2,1,2,1,0,3,4535954
r16_m240_split,4,split,16,decomposition,projection,5300,oblique_1,2470,3,1,2,1,0,3,4535954
r16_m240_split,4,split,16,fixed_hit,feasibility,0,axis_1,0,1,0,0,0,0,1,2396745
r16_m240_split,4,split,16,fixed_hit,projection,0,axis_1,0,1,0,0,0,0,1,2396745
r16_m240_split,4,split,16,search,feasibility,5300,oblique_1,2470,2,1,2,1,0,3,4535954
r16_m240_split,4,split,16,search,projection,5300,oblique_1,2470,3,1,2,1,0,3,4535954
r16_m240_same,4,same,16,both,feasibility,5228,oblique_1,2470,2,1,3,1,1,6,4667026
r16_m240_same,4,same,16,both,projection,5228,oblique_1,2470,5,1,3,1,1,6,4667026
r16_m240_same,4,same,16,decomposition,feasibility,5184,oblique_1,526,2,1,2,1,0,3,2504338
r16_m240_same,4,same,16,decomposition,projection,5228,oblique_1,2470,5,2,3,1,1,6,4667026
r16_m240_same,4,same,16,fixed_hit,feasibility,5228,oblique_1,2470,2,1,3,1,1,6,4667026
r16_m240_same,4,same,16,fixed_hit,projection,5228,oblique_1,2470,5,1,3,1,1,6,4667026
r16_m240_same,4,same,16,search,feasibility,5184,oblique_1,526,2,1,2,1,0,3,2504338
r16_m240_same,4,same,16,search,projection,5228,oblique_1,2470,5,2,3,1,1,6,4667026
r8_m060_same,4,same,8,both,feasibility,2938,oblique_1,2493,3,2,3,1,2,7,4684425
r8_m060_same,4,same,8,both,projection,3162,oblique_1,2502,9,4,3,1,2,14,5208841
r8_m060_same,4,same,8,decomposition,feasibility,204,axis_1,40,9,4,2,4,0,81,7190235
r8_m060_same,4,same,8,decomposition,projection,204,axis_1,40,37,16,2,4,0,81,7190235
r8_m060_same,4,same,8,fixed_hit,feasibility,2938,oblique_1,2493,3,2,3,1,2,7,4684425
r8_m060_same,4,same,8,fixed_hit,projection,3162,oblique_1,2502,9,4,3,1,2,14,5208841
r8_m060_same,4,same,8,search,feasibility,204,axis_1,40,5,4,2,4,0,81,7190235
r8_m060_same,4,same,8,search,projection,204,axis_1,40,21,16,2,4,0,81,7190235
r8_m060_split,4,split,8,both,feasibility,3327,oblique_1,2226,2,1,2,1,1,4,4519569
r8_m060_split,4,split,8,both,projection,3652,oblique_1,2235,6,2,2,1,1,8,5043985
r8_m060_split,4,split,8,decomposition,feasibility,204,axis_1,40,9,4,2,4,0,81,7190235
r8_m060_split,4,split,8,decomposition,projection,204,axis_1,40,37,16,2,4,0,81,7190235
r8_m060_split,4,split,8,fixed_hit,feasibility,3327,oblique_1,2226,2,1,2,1,1,4,4519569
r8_m060_split,4,split,8,fixed_hit,projection,3652,oblique_1,2235,6,2,2,1,1,8,5043985
r8_m060_split,4,split,8,search,feasibility,204,axis_1,40,5,4,2,4,0,81,7190235
r8_m060_split,4,split,8,search,projection,204,axis_1,40,21,16,2,4,0,81,7190235
r16_m060_same,4,same,16,both,feasibility,4958,oblique_1,3217,3,2,3,1,2,8,4931154
r16_m060_same,4,same,16,both,projection,4958,oblique_1,3217,7,3,3,1,2,8,4931154
r16_m060_same,4,same,16,decomposition,feasibility,5011,oblique_1,3208,3,2,3,1,1,16,4947730
r16_m060_same,4,same,16,decomposition,projection,5011,oblique_1,3208,8,3,3,1,1,16,4947730
r16_m060_same,4,same,16,fixed_hit,feasibility,4958,oblique_1,3217,3,2,3,1,2,8,4931154
r16_m060_same,4,same,16,fixed_hit,projection,4958,oblique_1,3217,7,3,3,1,2,8,4931154
r16_m060_same,4,same,16,search,feasibility,5011,oblique_1,3208,3,2,3,1,1,16,4947730
r16_m060_same,4,same,16,search,projection,5011,oblique_1,3208,8,3,3,1,1,16,4947730
r16_m060_split,4,split,16,both,feasibility,0,axis_1,0,1,0,0,0,0,1,2396745
r16_m060_split,4,split,16,both,projection,0,axis_1,0,1,0,0,0,0,1,2396745
r16_m060_split,4,split,16,decomposition,feasibility,5099,oblique_1,2479,2,1,2,1,0,4,4552466
r16_m060_split,4,split,16,decomposition,projection,5099,oblique_1,2479,4,1,2,1,0,4,4552466
r16_m060_split,4,split,16,fixed_hit,feasibility,0,axis_1,0,1,0,0,0,0,1,2396745
r16_m060_split,4,split,16,fixed_hit,projection,0,axis_1,0,1,0,0,0,0,1,2396745
r16_m060_split,4,split,16,search,feasibility,5099,oblique_1,2479,2,1,2,1,0,4,4552466
r16_m060_split,4,split,16,search,projection,5099,oblique_1,2479,4,1,2,1,0,4,4552466
r8_m090_split,4,split,8,both,feasibility,3327,oblique_1,2226,2,1,2,1,1,4,4519569
r8_m090_split,4,split,8,both,projection,3327,oblique_1,2226,4,1,2,1,1,4,4519569
r8_m090_split,4,split,8,decomposition,feasibility,204,axis_1,40,9,4,2,4,0,81,7190235
r8_m090_split,4,split,8,decomposition,projection,204,axis_1,40,37,16,2,4,0,81,7190235
r8_m090_split,4,split,8,fixed_hit,feasibility,3327,oblique_1,2226,2,1,2,1,1,4,4519569
r8_m090_split,4,split,8,fixed_hit,projection,3327,oblique_1,2226,4,1,2,1,1,4,4519569
r8_m090_split,4,split,8,search,feasibility,204,axis_1,40,5,4,2,4,0,81,7190235
r8_m090_split,4,split,8,search,projection,204,axis_1,40,21,16,2,4,0,81,7190235
r8_m090_same,4,same,8,both,feasibility,2869,oblique_1,2976,2,1,2,1,1,3,4775009
r8_m090_same,4,same,8,both,projection,2869,oblique_1,2976,3,1,2,1,1,3,4775009
r8_m090_same,4,same,8,decomposition,feasibility,204,axis_1,40,9,4,2,4,0,81,7190235
r8_m090_same,4,same,8,decomposition,projection,204,axis_1,40,37,16,2,4,0,81,7190235
r8_m090_same,4,same,8,fixed_hit,feasibility,2869,oblique_1,2976,2,1,2,1,1,3,4775009
r8_m090_same,4,same,8,fixed_hit,projection,2869,oblique_1,2976,3,1,2,1,1,3,4775009
r8_m090_same,4,same,8,search,feasibility,204,axis_1,40,5,4,2,4,0,81,7190235
r8_m090_same,4,same,8,search,projection,204,axis_1,40,21,16,2,4,0,81,7190235
r16_m090_split,4,split,16,both,feasibility,0,axis_1,0,1,0,0,0,0,1,2396745
r16_m090_split,4,split,16,both,projection,0,axis_1,0,1,0,0,0,0,1,2396745
r16_m090_split,4,split,16,decomposition,feasibility,5232,oblique_1,2470,2,1,2,1,0,3,4535954
r16_m090_split,4,split,16,decomposition,projection,5232,oblique_1,2470,3,1,2,1,0,3,4535954
r16_m090_split,4,split,16,fixed_hit,feasibility,0,axis_1,0,1,0,0,0,0,1,2396745
r16_m090_split,4,split,16,fixed_hit,projection,0,axis_1,0,1,0,0,0,0,1,2396745
r16_m090_split,4,split,16,search,feasibility,5232,oblique_1,2470,2,1,2,1,0,3,4535954
r16_m090_split,4,split,16,search,projection,5232,oblique_1,2470,3,1,2,1,0,3,4535954
r16_m090_same,4,same,16,both,feasibility,4786,oblique_1,3220,2,1,2,1,1,4,4800098
r16_m090_same,4,same,16,both,projection,4786,oblique_1,3220,4,1,2,1,1,4,4800098
r16_m090_same,4,same,16,decomposition,feasibility,4542,oblique_1,3222,2,1,2,1,0,3,4807305
r16_m090_same,4,same,16,decomposition,projection,4542,oblique_1,3222,3,1,2,1,0,3,4807305
r16_m090_same,4,same,16,fixed_hit,feasibility,4786,oblique_1,3220,2,1,2,1,1,4,4800098
r16_m090_same,4,same,16,fixed_hit,projection,4786,oblique_1,3220,4,1,2,1,1,4,4800098
r16_m090_same,4,same,16,search,feasibility,4542,oblique_1,3222,2,1,2,1,0,3,4807305
r16_m090_same,4,same,16,search,projection,4542,oblique_1,3222,3,1,2,1,0,3,4807305
r8_m031_same,5,same,8,both,feasibility,80,axis_1,83,3,2,2,1,2,2,2417230
r8_m031_same,5,same,8,both,projection,220,axis_1,122,46,14,2,4,2,54,7202526
r8_m031_same,5,same,8,decomposition,feasibility,220,axis_1,122,10,5,2,4,2,54,7202526
r8_m031_same,5,same,8,decomposition,projection,220,axis_1,122,43,20,2,4,2,54,7202526
r8_m031_same,5,same,8,fixed_hit,feasibility,80,axis_1,83,3,2,2,1,2,2,2417230
r8_m031_same,5,same,8,fixed_hit,projection,220,axis_1,122,24,14,2,4,2,54,7202526
r8_m031_same,5,same,8,search,feasibility,220,axis_1,122,6,5,2,4,2,54,7202526
r8_m031_same,5,same,8,search,projection,220,axis_1,122,27,20,2,4,2,54,7202526
r8_m031_split,5,split,8,both,feasibility,80,axis_1,83,3,2,2,1,2,2,2417230
r8_m031_split,5,split,8,both,projection,220,axis_1,122,46,14,2,4,2,54,7202526
r8_m031_split,5,split,8,decomposition,feasibility,220,axis_1,122,10,5,2,4,2,54,7202526
r8_m031_split,5,split,8,decomposition,projection,220,axis_1,122,43,20,2,4,2,54,7202526
r8_m031_split,5,split,8,fixed_hit,feasibility,80,axis_1,83,3,2,2,1,2,2,2417230
r8_m031_split,5,split,8,fixed_hit,projection,220,axis_1,122,24,14,2,4,2,54,7202526
r8_m031_split,5,split,8,search,feasibility,220,axis_1,122,6,5,2,4,2,54,7202526
r8_m031_split,5,split,8,search,projection,220,axis_1,122,27,20,2,4,2,54,7202526
r8_m248_split,5,split,8,both,feasibility,10,axis_1,2241,3,2,2,1,2,2,12885065
r8_m248_split,5,split,8,both,projection,206,axis_1,2254,46,14,2,4,2,54,13483227
r8_m248_split,5,split,8,decomposition,feasibility,206,axis_1,2254,10,5,2,4,2,54,13483227
r8_m248_split,5,split,8,decomposition,projection,206,axis_1,2254,43,20,2,4,2,54,13483227
r8_m248_split,5,split,8,fixed_hit,feasibility,10,axis_1,2241,3,2,2,1,2,2,12885065
r8_m248_split,5,split,8,fixed_hit,projection,206,axis_1,2254,24,14,2,4,2,54,13483227
r8_m248_split,5,split,8,search,feasibility,206,axis_1,2254,6,5,2,4,2,54,13483227
r8_m248_split,5,split,8,search,projection,206,axis_1,2254,27,20,2,4,2,54,13483227
r8_m248_same,5,same,8,both,feasibility,10,axis_1,2241,3,2,2,1,2,2,12885065
r8_m248_same,5,same,8,both,projection,206,axis_1,2254,46,14,2,4,2,54,13483227
r8_m248_same,5,same,8,decomposition,feasibility,206,axis_1,2254,10,5,2,4,2,54,13483227
r8_m248_same,5,same,8,decomposition,projection,206,axis_1,2254,43,20,2,4,2,54,13483227
r8_m248_same,5,same,8,fixed_hit,feasibility,10,axis_1,2241,3,2,2,1,2,2,12885065
r8_m248_same,5,same,8,fixed_hit,projection,206,axis_1,2254,24,14,2,4,2,54,13483227
r8_m248_same,5,same,8,search,feasibility,206,axis_1,2254,6,5,2,4,2,54,13483227
r8_m248_same,5,same,8,search,projection,206,axis_1,2254,27,20,2,4,2,54,13483227
r8_m103_same,5,same,8,both,feasibility,83,axis_1,996,7,4,2,2,4,4,3871665
r8_m103_same,5,same,8,both,projection,119,axis_1,1024,57,24,2,4,4,36,8075187
r8_m103_same,5,same,8,decomposition,feasibility,119,axis_1,1024,11,6,2,4,4,36,8075187
r8_m103_same,5,same,8,decomposition,projection,119,axis_1,1024,49,24,2,4,4,36,8075187
r8_m103_same,5,same,8,fixed_hit,feasibility,83,axis_1,996,5,4,2,2,4,4,3871665
r8_m103_same,5,same,8,fixed_hit,projection,119,axis_1,1024,35,24,2,4,4,36,8075187
r8_m103_same,5,same,8,search,feasibility,119,axis_1,1024,7,6,2,4,4,36,8075187
r8_m103_same,5,same,8,search,projection,119,axis_1,1024,33,24,2,4,4,36,8075187
r8_m103_split,5,split,8,both,feasibility,83,axis_1,996,7,4,2,2,4,4,3871665
r8_m103_split,5,split,8,both,projection,119,axis_1,1024,57,24,2,4,4,36,8075187
r8_m103_split,5,split,8,decomposition,feasibility,119,axis_1,1024,11,6,2,4,4,36,8075187
r8_m103_split,5,split,8,decomposition,projection,119,axis_1,1024,49,24,2,4,4,36,8075187
r8_m103_split,5,split,8,fixed_hit,feasibility,83,axis_1,996,5,4,2,2,4,4,3871665
r8_m103_split,5,split,8,fixed_hit,projection,119,axis_1,1024,35,24,2,4,4,36,8075187
r8_m103_split,5,split,8,search,feasibility,119,axis_1,1024,7,6,2,4,4,36,8075187
r8_m103_split,5,split,8,search,projection,119,axis_1,1024,33,24,2,4,4,36,8075187
r8_m173_split,5,split,8,both,feasibility,10,axis_1,2241,3,2,2,1,2,2,12885065
r8_m173_split,5,split,8,both,projection,206,axis_1,2254,46,14,2,4,2,54,13483227
r8_m173_split,5,split,8,decomposition,feasibility,206,axis_1,2254,10,5,2,4,2,54,13483227
r8_m173_split,5,split,8,decomposition,projection,206,axis_1,2254,43,20,2,4,2,54,13483227
r8_m173_split,5,split,8,fixed_hit,feasibility,10,axis_1,2241,3,2,2,1,2,2,12885065
r8_m173_split,5,split,8,fixed_hit,projection,206,axis_1,2254,24,14,2,4,2,54,13483227
r8_m173_split,5,split,8,search,feasibility,206,axis_1,2254,6,5,2,4,2,54,13483227
r8_m173_split,5,split,8,search,projection,206,axis_1,2254,27,20,2,4,2,54,13483227
r8_m173_same,5,same,8,both,feasibility,10,axis_1,2241,3,2,2,1,2,2,12885065
r8_m173_same,5,same,8,both,projection,206,axis_1,2254,46,14,2,4,2,54,13483227
r8_m173_same,5,same,8,decomposition,feasibility,206,axis_1,2254,10,5,2,4,2,54,13483227
r8_m173_same,5,same,8,decomposition,projection,206,axis_1,2254,43,20,2,4,2,54,13483227
r8_m173_same,5,same,8,fixed_hit,feasibility,10,axis_1,2241,3,2,2,1,2,2,12885065
r8_m173_same,5,same,8,fixed_hit,projection,206,axis_1,2254,24,14,2,4,2,54,13483227
r8_m173_same,5,same,8,search,feasibility,206,axis_1,2254,6,5,2,4,2,54,13483227
r8_m173_same,5,same,8,search,projection,206,axis_1,2254,27,20,2,4,2,54,13483227
r8_m063_same,6,same,8,both,feasibility,240,axis_1,332,7,4,2,2,4,4,2581110
r8_m063_same,6,same,8,both,projection,252,axis_1,368,57,24,2,4,4,36,7300854
r8_m063_same,6,same,8,decomposition,feasibility,252,axis_1,368,11,6,2,4,4,36,7300854
r8_m063_same,6,same,8,decomposition,projection,252,axis_1,368,49,24,2,4,4,36,7300854
r8_m063_same,6,same,8,fixed_hit,feasibility,240,axis_1,332,5,4,2,2,4,4,2581110
r8_m063_same,6,same,8,fixed_hit,projection,252,axis_1,368,35,24,2,4,4,36,7300854
r8_m063_same,6,same,8,search,feasibility,252,axis_1,368,7,6,2,4,4,36,7300854
r8_m063_same,6,same,8,search,projection,252,axis_1,368,33,24,2,4,4,36,7300854
r8_m063_split,6,split,8,both,feasibility,240,axis_1,332,7,4,2,2,4,4,2581110
r8_m063_split,6,split,8,both,projection,252,axis_1,368,57,24,2,4,4,36,7300854
r8_m063_split,6,split,8,decomposition,feasibility,252,axis_1,368,11,6,2,4,4,36,7300854
r8_m063_split,6,split,8,decomposition,projection,252,axis_1,368,49,24,2,4,4,36,7300854
r8_m063_split,6,split,8,fixed_hit,feasibility,240,axis_1,332,5,4,2,2,4,4,2581110
r8_m063_split,6,split,8,fixed_hit,projection,252,axis_1,368,35,24,2,4,4,36,7300854
r8_m063_split,6,split,8,search,feasibility,252,axis_1,368,7,6,2,4,4,36,7300854
r8_m063_split,6,split,8,search,projection,252,axis_1,368,33,24,2,4,4,36,7300854
r8_m252_split,6,split,8,both,feasibility,15,axis_1,2988,7,4,2,2,4,4,14196105
r8_m252_split,6,split,8,both,projection,207,axis_1,2992,57,24,2,4,4,36,14269851
r8_m252_split,6,split,8,decomposition,feasibility,207,axis_1,2992,11,6,2,4,4,36,14269851
r8_m252_split,6,split,8,decomposition,projection,207,axis_1,2992,49,24,2,4,4,36,14269851
r8_m252_split,6,split,8,fixed_hit,feasibility,15,axis_1,2988,5,4,2,2,4,4,14196105
r8_m252_split,6,split,8,fixed_hit,projection,207,axis_1,2992,35,24,2,4,4,36,14269851
r8_m252_split,6,split,8,search,feasibility,207,axis_1,2992,7,6,2,4,4,36,14269851
r8_m252_split,6,split,8,search,projection,207,axis_1,2992,33,24,2,4,4,36,14269851
r8_m252_same,6,same,8,both,feasibility,15,axis_1,2988,7,4,2,2,4,4,14196105
r8_m252_same,6,same,8,both,projection,207,axis_1,2992,57,24,2,4,4,36,14269851
r8_m252_same,6,same,8,decomposition,feasibility,207,axis_1,2992,11,6,2,4,4,36,14269851
r8_m252_same,6,same,8,decomposition,projection,207,axis_1,2992,49,24,2,4,4,36,14269851
r8_m252_same,6,same,8,fixed_hit,feasibility,15,axis_1,2988,5,4,2,2,4,4,14196105
r8_m252_same,6,same,8,fixed_hit,projection,207,axis_1,2992,35,24,2,4,4,36,14269851
r8_m252_same,6,same,8,search,feasibility,207,axis_1,2992,7,6,2,4,4,36,14269851
r8_m252_same,6,same,8,search,projection,207,axis_1,2992,33,24,2,4,4,36,14269851
r8_m219_same,6,same,8,both,feasibility,90,axis_1,2324,7,4,2,2,4,4,12905550
r8_m219_same,6,same,8,both,projection,222,axis_1,2336,57,24,2,4,4,36,13495518
r8_m219_same,6,same,8,decomposition,feasibility,222,axis_1,2336,11,6,2,4,4,36,13495518
r8_m219_same,6,same,8,decomposition,projection,222,axis_1,2336,49,24,2,4,4,36,13495518
r8_m219_same,6,same,8,fixed_hit,feasibility,90,axis_1,2324,5,4,2,2,4,4,12905550
r8_m219_same,6,same,8,fixed_hit,projection,222,axis_1,2336,35,24,2,4,4,36,13495518
r8_m219_same,6,same,8,search,feasibility,222,axis_1,2336,7,6,2,4,4,36,13495518
r8_m219_same,6,same,8,search,projection,222,axis_1,2336,33,24,2,4,4,36,13495518
r8_m219_split,6,split,8,both,feasibility,90,axis_1,2324,7,4,2,2,4,4,12905550
r8_m219_split,6,split,8,both,projection,222,axis_1,2336,57,24,2,4,4,36,13495518
r8_m219_split,6,split,8,decomposition,feasibility,222,axis_1,2336,11,6,2,4,4,36,13495518
r8_m219_split,6,split,8,decomposition,projection,222,axis_1,2336,49,24,2,4,4,36,13495518
r8_m219_split,6,split,8,fixed_hit,feasibility,90,axis_1,2324,5,4,2,2,4,4,12905550
r8_m219_split,6,split,8,fixed_hit,projection,222,axis_1,2336,35,24,2,4,4,36,13495518
r8_m219_split,6,split,8,search,feasibility,222,axis_1,2336,7,6,2,4,4,36,13495518
r8_m219_split,6,split,8,search,projection,222,axis_1,2336,33,24,2,4,4,36,13495518
r8_m231_split,6,split,8,both,feasibility,165,axis_1,996,7,4,2,2,4,4,3871665
r8_m231_split,6,split,8,both,projection,237,axis_1,1024,57,24,2,4,4,36,8075187
r8_m231_split,6,split,8,decomposition,feasibility,237,axis_1,1024,11,6,2,4,4,36,8075187
r8_m231_split,6,split,8,decomposition,projection,237,axis_1,1024,49,24,2,4,4,36,8075187
r8_m231_split,6,split,8,fixed_hit,feasibility,165,axis_1,996,5,4,2,2,4,4,3871665
r8_m231_split,6,split,8,fixed_hit,projection,237,axis_1,1024,35,24,2,4,4,36,8075187
r8_m231_split,6,split,8,search,feasibility,237,axis_1,1024,7,6,2,4,4,36,8075187
r8_m231_split,6,split,8,search,projection,237,axis_1,1024,33,24,2,4,4,36,8075187
r8_m231_same,6,same,8,both,feasibility,165,axis_1,996,7,4,2,2,4,4,3871665
r8_m231_same,6,same,8,both,projection,237,axis_1,1024,57,24,2,4,4,36,8075187
r8_m231_same,6,same,8,decomposition,feasibility,237,axis_1,1024,11,6,2,4,4,36,8075187
r8_m231_same,6,same,8,decomposition,projection,237,axis_1,1024,49,24,2,4,4,36,8075187
r8_m231_same,6,same,8,fixed_hit,feasibility,165,axis_1,996,5,4,2,2,4,4,3871665
r8_m231_same,6,same,8,fixed_hit,projection,237,axis_1,1024,35,24,2,4,4,36,8075187
r8_m231_same,6,same,8,search,feasibility,237,axis_1,1024,7,6,2,4,4,36,8075187
r8_m231_same,6,same,8,search,projection,237,axis_1,1024,33,24,2,4,4,36,8075187
r8_m127_same,7,same,8,both,feasibility,245,axis_1,1079,10,6,2,3,6,8,3892150
r8_m127_same,7,same,8,both,projection,253,axis_1,1106,61,30,2,4,6,24,8087478
r8_m127_same,7,same,8,decomposition,feasibility,253,axis_1,1106,12,7,2,4,6,24,8087478
r8_m127_same,7,same,8,decomposition,projection,253,axis_1,1106,55,28,2,4,6,24,8087478
r8_m127_same,7,same,8,fixed_hit,feasibility,245,axis_1,1079,7,6,2,3,6,8,3892150
r8_m127_same,7,same,8,fixed_hit,projection,253,axis_1,1106,42,30,2,4,6,24,8087478
r8_m127_same,7,same,8,search,feasibility,253,axis_1,1106,8,7,2,4,6,24,8087478
r8_m127_same,7,same,8,search,projection,253,axis_1,1106,39,28,2,4,6,24,8087478
r8_m127_split,7,split,8,both,feasibility,245,axis_1,1079,10,6,2,3,6,8,3892150
r8_m127_split,7,split,8,both,projection,253,axis_1,1106,61,30,2,4,6,24,8087478
r8_m127_split,7,split,8,decomposition,feasibility,253,axis_1,1106,12,7,2,4,6,24,8087478
r8_m127_split,7,split,8,decomposition,projection,253,axis_1,1106,55,28,2,4,6,24,8087478
r8_m127_split,7,split,8,fixed_hit,feasibility,245,axis_1,1079,7,6,2,3,6,8,3892150
r8_m127_split,7,split,8,fixed_hit,projection,253,axis_1,1106,42,30,2,4,6,24,8087478
r8_m127_split,7,split,8,search,feasibility,253,axis_1,1106,8,7,2,4,6,24,8087478
r8_m127_split,7,split,8,search,projection,253,axis_1,1106,39,28,2,4,6,24,8087478
r8_m254_split,7,split,8,both,feasibility,175,axis_1,3237,10,6,2,3,6,8,14359985
r8_m254_split,7,split,8,both,projection,239,axis_1,3238,61,30,2,4,6,24,14368179
r8_m254_split,7,split,8,decomposition,feasibility,239,axis_1,3238,12,7,2,4,6,24,14368179
r8_m254_split,7,split,8,decomposition,projection,239,axis_1,3238,55,28,2,4,6,24,14368179
r8_m254_split,7,split,8,fixed_hit,feasibility,175,axis_1,3237,7,6,2,3,6,8,14359985
r8_m254_split,7,split,8,fixed_hit,projection,239,axis_1,3238,42,30,2,4,6,24,14368179
r8_m254_split,7,split,8,search,feasibility,239,axis_1,3238,8,7,2,4,6,24,14368179
r8_m254_split,7,split,8,search,projection,239,axis_1,3238,39,28,2,4,6,24,14368179
r8_m254_same,7,same,8,both,feasibility,175,axis_1,3237,10,6,2,3,6,8,14359985
r8_m254_same,7,same,8,both,projection,239,axis_1,3238,61,30,2,4,6,24,14368179
r8_m254_same,7,same,8,decomposition,feasibility,239,axis_1,3238,12,7,2,4,6,24,14368179
r8_m254_same,7,same,8,decomposition,projection,239,axis_1,3238,55,28,2,4,6,24,14368179
r8_m254_same,7,same,8,fixed_hit,feasibility,175,axis_1,3237,7,6,2,3,6,8,14359985
r8_m254_same,7,same,8,fixed_hit,projection,239,axis_1,3238,42,30,2,4,6,24,14368179
r8_m254_same,7,same,8,search,feasibility,239,axis_1,3238,8,7,2,4,6,24,14368179
r8_m254_same,7,same,8,search,projection,239,axis_1,3238,39,28,2,4,6,24,14368179
r8_m191_same,7,same,8,both,feasibility,250,axis_1,2573,10,6,2,3,6,8,13069430
r8_m191_same,7,same,8,both,projection,254,axis_1,2582,61,30,2,4,6,24,13593846
r8_m191_same,7,same,8,decomposition,feasibility,254,axis_1,2582,12,7,2,4,6,24,13593846
r8_m191_same,7,same,8,decomposition,projection,254,axis_1,2582,55,28,2,4,6,24,13593846
r8_m191_same,7,same,8,fixed_hit,feasibility,250,axis_1,2573,7,6,2,3,6,8,13069430
r8_m191_same,7,same,8,fixed_hit,projection,254,axis_1,2582,42,30,2,4,6,24,13593846
r8_m191_same,7,same,8,search,feasibility,254,axis_1,2582,8,7,2,4,6,24,13593846
r8_m191_same,7,same,8,search,projection,254,axis_1,2582,39,28,2,4,6,24,13593846
r8_m191_split,7,split,8,both,feasibility,250,axis_1,2573,10,6,2,3,6,8,13069430
r8_m191_split,7,split,8,both,projection,254,axis_1,2582,61,30,2,4,6,24,13593846
r8_m191_split,7,split,8,decomposition,feasibility,254,axis_1,2582,12,7,2,4,6,24,13593846
r8_m191_split,7,split,8,decomposition,projection,254,axis_1,2582,55,28,2,4,6,24,13593846
r8_m191_split,7,split,8,fixed_hit,feasibility,250,axis_1,2573,7,6,2,3,6,8,13069430
r8_m191_split,7,split,8,fixed_hit,projection,254,axis_1,2582,42,30,2,4,6,24,13593846
r8_m191_split,7,split,8,search,feasibility,254,axis_1,2582,8,7,2,4,6,24,13593846
r8_m191_split,7,split,8,search,projection,254,axis_1,2582,39,28,2,4,6,24,13593846
r8_m223_split,7,split,8,both,feasibility,95,axis_1,3071,10,6,2,3,6,8,14216590
r8_m223_split,7,split,8,both,projection,223,axis_1,3074,61,30,2,4,6,24,14282142
r8_m223_split,7,split,8,decomposition,feasibility,223,axis_1,3074,12,7,2,4,6,24,14282142
r8_m223_split,7,split,8,decomposition,projection,223,axis_1,3074,55,28,2,4,6,24,14282142
r8_m223_split,7,split,8,fixed_hit,feasibility,95,axis_1,3071,7,6,2,3,6,8,14216590
r8_m223_split,7,split,8,fixed_hit,projection,223,axis_1,3074,42,30,2,4,6,24,14282142
r8_m223_split,7,split,8,search,feasibility,223,axis_1,3074,8,7,2,4,6,24,14282142
r8_m223_split,7,split,8,search,projection,223,axis_1,3074,39,28,2,4,6,24,14282142
r8_m223_same,7,same,8,both,feasibility,95,axis_1,3071,10,6,2,3,6,8,14216590
r8_m223_same,7,same,8,both,projection,223,axis_1,3074,61,30,2,4,6,24,14282142
r8_m223_same,7,same,8,decomposition,feasibility,223,axis_1,3074,12,7,2,4,6,24,14282142
r8_m223_same,7,same,8,decomposition,projection,223,axis_1,3074,55,28,2,4,6,24,14282142
r8_m223_same,7,same,8,fixed_hit,feasibility,95,axis_1,3071,7,6,2,3,6,8,14216590
r8_m223_same,7,same,8,fixed_hit,projection,223,axis_1,3074,42,30,2,4,6,24,14282142
r8_m223_same,7,same,8,search,feasibility,223,axis_1,3074,8,7,2,4,6,24,14282142
r8_m223_same,7,same,8,search,projection,223,axis_1,3074,39,28,2,4,6,24,14282142
r8_m255_same,8,same,8,both,feasibility,255,axis_1,3320,13,8,2,4,8,16,14380470
r8_m255_same,8,same,8,both,projection,255,axis_1,3320,61,32,2,4,8,16,14380470
r8_m255_same,8,same,8,decomposition,feasibility,255,axis_1,3320,13,8,2,4,8,16,14380470
r8_m255_same,8,same,8,decomposition,projection,255,axis_1,3320,61,32,2,4,8,16,14380470
r8_m255_same,8,same,8,fixed_hit,feasibility,255,axis_1,3320,9,8,2,4,8,16,14380470
r8_m255_same,8,same,8,fixed_hit,projection,255,axis_1,3320,45,32,2,4,8,16,14380470
r8_m255_same,8,same,8,search,feasibility,255,axis_1,3320,9,8,2,4,8,16,14380470
r8_m255_same,8,same,8,search,projection,255,axis_1,3320,45,32,2,4,8,16,14380470
r8_m255_split,8,split,8,both,feasibility,255,axis_1,3320,13,8,2,4,8,16,14380470
r8_m255_split,8,split,8,both,projection,255,axis_1,3320,61,32,2,4,8,16,14380470
r8_m255_split,8,split,8,decomposition,feasibility,255,axis_1,3320,13,8,2,4,8,16,14380470
r8_m255_split,8,split,8,decomposition,projection,255,axis_1,3320,61,32,2,4,8,16,14380470
r8_m255_split,8,split,8,fixed_hit,feasibility,255,axis_1,3320,9,8,2,4,8,16,14380470
r8_m255_split,8,split,8,fixed_hit,projection,255,axis_1,3320,45,32,2,4,8,16,14380470
r8_m255_split,8,split,8,search,feasibility,255,axis_1,3320,9,8,2,4,8,16,14380470
r8_m255_split,8,split,8,search,projection,255,axis_1,3320,45,32,2,4,8,16,14380470
r16_m255_same,8,same,16,both,feasibility,22465,oblique_1,3218,3,2,3,1,2,8,4931156
r16_m255_same,8,same,16,both,projection,22465,oblique_1,3218,7,3,3,1,2,8,4931156
r16_m255_same,8,same,16,decomposition,feasibility,3009,axis_2,728,5,2,2,2,0,9,11983140
r16_m255_same,8,same,16,decomposition,projection,3009,axis_2,728,9,4,2,2,0,9,11983140
r16_m255_same,8,same,16,fixed_hit,feasibility,22465,oblique_1,3218,3,2,3,1,2,8,4931156
r16_m255_same,8,same,16,fixed_hit,projection,22465,oblique_1,3218,7,3,3,1,2,8,4931156
r16_m255_same,8,same,16,search,feasibility,3009,axis_2,728,3,2,2,2,0,9,11983140
r16_m255_same,8,same,16,search,projection,3009,axis_2,728,7,4,2,2,0,9,11983140
r16_m255_split,8,split,16,both,feasibility,0,axis_1,0,1,0,0,0,0,1,2396745
r16_m255_split,8,split,16,both,projection,0,axis_1,0,1,0,0,0,0,1,2396745
r16_m255_split,8,split,16,decomposition,feasibility,3105,axis_2,728,5,2,2,2,0,9,11983140
r16_m255_split,8,split,16,decomposition,projection,3105,axis_2,728,9,4,2,2,0,9,11983140
r16_m255_split,8,split,16,fixed_hit,feasibility,0,axis_1,0,1,0,0,0,0,1,2396745
r16_m255_split,8,split,16,fixed_hit,projection,0,axis_1,0,1,0,0,0,0,1,2396745
r16_m255_split,8,split,16,search,feasibility,3105,axis_2,728,3,2,2,2,0,9,11983140
r16_m255_split,8,split,16,search,projection,3105,axis_2,728,7,4,2,2,0,9,11983140
