resolution,palette,k,mask,operation,weighting,mean_us,mean_nodes,mean_branches,search_fraction,unique_fraction,mean_family_size,mean_supported_literals,mean_root_components,mean_component
8,same,0,0,feasibility,family,4.57461809419,1,0,0,0.670901180479,4.0006555515,8.98676321447,0.398516033832,0.514913593769
8,same,0,0,feasibility,occupancy_balanced,4.77182877604,1,0,0,0.455078125,11.20703125,10.2330729167,0.751953125,1.2734375
8,same,0,0,feasibility,truth,4.77182877604,1,0,0,0.455078125,11.20703125,10.2330729167,0.751953125,1.2734375
8,same,0,0,projection,family,9.05608159963,1.92676321447,0,0,0.670901180479,4.0006555515,8.98676321447,0.398516033832,0.514913593769
8,same,0,0,projection,occupancy_balanced,13.9695332031,3.06901041667,0,0,0.455078125,11.20703125,10.2330729167,0.751953125,1.2734375
8,same,0,0,projection,truth,13.9695332031,3.06901041667,0,0,0.455078125,11.20703125,10.2330729167,0.751953125,1.2734375
8,same,1,1,feasibility,family,4.70076600641,1,0,0,0.661500398395,3.34193181346,8.9194562211,0.35809379888,0.498149403316
8,same,1,1,feasibility,occupancy_balanced,4.85925260417,1,0,0,0.4658203125,9.06184895833,10.0110677083,0.6845703125,1.12890625
8,same,1,1,feasibility,truth,4.90524262153,1,0,0,0.441840277778,9.28038194444,10.0859375,0.698350694444,1.17274305556
8,same,1,1,projection,family,8.71662759788,1.86424788777,0,0,0.661500398395,3.34193181346,8.9194562211,0.35809379888,0.498149403316
8,same,1,1,projection,occupancy_balanced,12.2118030599,2.84049479167,0,0,0.4658203125,9.06184895833,10.0110677083,0.6845703125,1.12890625
8,same,1,1,projection,truth,12.5312291667,2.91059027778,0,0,0.441840277778,9.28038194444,10.0859375,0.698350694444,1.17274305556
8,same,1,2,feasibility,family,4.80012736488,1,0,0,0.652821767323,3.34240758175,8.92724136815,0.360886505209,0.503734815974
8,same,1,2,feasibility,occupancy_balanced,4.96508984375,1,0,0,0.460286458333,9.0234375,10.0013020833,0.68359375,1.126953125
8,same,1,2,feasibility,truth,5.02266840278,1,0,0,0.432725694444,9.23611111111,10.0798611111,0.702256944444,1.18055555556
8,same,1,2,projection,family,9.17855105254,1.87203303482,0,0,0.652821767323,3.34240758175,8.92724136815,0.360886505209,0.503734815974
8,same,1,2,projection,occupancy_balanced,12.9529775391,2.83072916667,0,0,0.460286458333,9.0234375,10.0013020833,0.68359375,1.126953125
8,same,1,2,projection,truth,13.343312934,2.90451388889,0,0,0.432725694444,9.23611111111,10.0798611111,0.702256944444,1.18055555556
8,same,1,4,feasibility,family,4.76230762817,1,0,0,0.65997348138,3.35645909646,8.9287962327,0.360403311966,0.502768429487
8,same,1,4,feasibility,occupancy_balanced,4.91674316406,1,0,0,0.472981770833,9.06575520833,10.0110677083,0.6845703125,1.12890625
8,same,1,4,feasibility,truth,4.95585546875,1,0,0,0.440972222222,9.30121527778,10.1015625,0.703559027778,1.18315972222
8,same,1,4,projection,family,8.95253429598,1.8727148835,0,0,0.65997348138,3.35645909646,8.9287962327,0.360403311966,0.502768429487
8,same,1,4,projection,occupancy_balanced,12.5177568359,2.83919270833,0,0,0.472981770833,9.06575520833,10.0110677083,0.6845703125,1.12890625
8,same,1,4,projection,truth,12.8350915799,2.92447916667,0,0,0.440972222222,9.30121527778,10.1015625,0.703559027778,1.18315972222
8,same,1,128,feasibility,family,4.72693176629,1,0,0,0.67452374593,3.31164116929,8.89942337245,0.35771890487,0.497399615295
8,same,1,128,feasibility,occupancy_balanced,4.9216953125,1,0,0,0.4873046875,8.978515625,9.962890625,0.6787109375,1.1171875
8,same,1,128,feasibility,truth,4.92994748264,1,0,0,0.46875,9.17621527778,10.0286458333,0.695746527778,1.16753472222
8,same,1,128,projection,family,8.621152814,1.84291295578,0,0,0.67452374593,3.31164116929,8.89942337245,0.35771890487,0.497399615295
8,same,1,128,projection,occupancy_balanced,12.1098408203,2.78450520833,0,0,0.4873046875,8.978515625,9.962890625,0.6787109375,1.1171875
8,same,1,128,projection,truth,12.3569574653,2.84288194444,0,0,0.46875,9.17621527778,10.0286458333,0.695746527778,1.16753472222
8,same,2,3,feasibility,family,4.91330373107,1,0,0,0.646373677237,2.86161841613,8.865397297,0.322849257823,0.486287903111
8,same,2,3,feasibility,occupancy_balanced,5.04059472656,1,0,0,0.470540364583,7.33756510417,9.79850260417,0.62060546875,0.994791666667
8,same,2,3,feasibility,truth,5.15050405093,1,0,0,0.418981481481,7.75868055556,9.96354166667,0.655381944444,1.10243055556
8,same,2,3,projection,family,9.00364708915,1.81440014601,0,0,0.646373677237,2.86161841613,8.865397297,0.322849257823,0.486287903111
8,same,2,3,projection,occupancy_balanced,12.6096671549,2.64127604167,0,0,0.470540364583,7.33756510417,9.79850260417,0.62060546875,0.994791666667
8,same,2,3,projection,truth,13.4080714699,2.78703703704,0,0,0.418981481481,7.75868055556,9.96354166667,0.655381944444,1.10243055556
8,same,2,24,feasibility,family,4.99691003697,1.00759799425,0.00759799425182,0.00759799425182,0.628816504289,2.91341090757,8.92105598798,0.323541770405,0.484081020884
8,same,2,24,feasibility,occupancy_balanced,5.19879654948,1.01953125,0.01953125,0.01953125,0.444661458333,7.47802734375,9.91031901042,0.62646484375,1.00390625
8,same,2,24,feasibility,truth,5.31898871528,1.02430555556,0.0243055555556,0.0243055555556,0.392650462963,7.85011574074,10.0679976852,0.658275462963,1.0943287037
8,same,2,24,projection,family,9.19330713416,1.87321257495,0.00759799425182,0.00759799425182,0.628816504289,2.91341090757,8.92105598798,0.323541770405,0.484081020884
8,same,2,24,projection,occupancy_balanced,12.1941604818,2.75830078125,0.01953125,0.01953125,0.444661458333,7.47802734375,9.91031901042,0.62646484375,1.00390625
8,same,2,24,projection,truth,12.8809401042,2.90451388889,0.0243055555556,0.0243055555556,0.392650462963,7.85011574074,10.0679976852,0.658275462963,1.0943287037
8,same,2,36,feasibility,family,4.88595091581,1.00386313466,0.00386313465784,0.00386313465784,0.639600364991,2.91039869163,8.88663298528,0.323620078808,0.48644514321
8,same,2,36,feasibility,occupancy_balanced,5.0800250651,1.0078125,0.0078125,0.0078125,0.47119140625,7.46907552083,9.83707682292,0.623860677083,1.00406901042
8,same,2,36,feasibility,truth,5.15587008102,1.01128472222,0.0112847222222,0.0112847222222,0.414641203704,7.92766203704,10.0112847222,0.656828703704,1.1009837963
8,same,2,36,projection,family,8.96045238551,1.83712254853,0.00496688741722,0.00386313465784,0.639600364991,2.91039869163,8.88663298528,0.323620078808,0.48644514321
8,same,2,36,projection,occupancy_balanced,11.889347819,2.68001302083,0.0104166666667,0.0078125,0.47119140625,7.46907552083,9.83707682292,0.623860677083,1.00406901042
8,same,2,36,projection,truth,12.5679210069,2.84085648148,0.0159143518519,0.0112847222222,0.414641203704,7.92766203704,10.0112847222,0.656828703704,1.1009837963
8,same,2,192,feasibility,family,4.85439691711,1,0,0,0.674474243757,2.80459527401,8.82470253058,0.321402086476,0.483393560416
8,same,2,192,feasibility,occupancy_balanced,4.97531640625,1,0,0,0.5068359375,7.234375,9.73372395833,0.6162109375,0.986002604167
8,same,2,192,feasibility,truth,5.02215306713,1,0,0,0.470486111111,7.5931712963,9.86516203704,0.650173611111,1.09201388889
8,same,2,192,projection,family,8.65539490268,1.77125523714,0,0,0.674474243757,2.80459527401,8.82470253058,0.321402086476,0.483393560416
8,same,2,192,projection,occupancy_balanced,11.4490050456,2.56770833333,0,0,0.5068359375,7.234375,9.73372395833,0.6162109375,0.986002604167
8,same,2,192,projection,truth,11.9070069444,2.67303240741,0,0,0.470486111111,7.5931712963,9.86516203704,0.650173611111,1.09201388889
8,same,3,7,feasibility,family,4.9733603551,1,0,0,0.656065400351,2.47320301043,8.77993928099,0.275881593106,0.441123119481
8,same,3,7,feasibility,occupancy_balanced,5.06569742839,1,0,0,0.499755859375,6.01529947917,9.59293619792,0.548095703125,0.869303385417
8,same,3,7,feasibility,truth,5.19873283179,1,0,0,0.423611111111,6.52700617284,9.81018518519,0.592399691358,0.994212962963
8,same,3,7,projection,family,8.77635969872,1.73569780215,0,0,0.656065400351,2.47320301043,8.77993928099,0.275881593106,0.441123119481
8,same,3,7,projection,occupancy_balanced,10.9820422363,2.45125325521,0,0,0.499755859375,6.01529947917,9.59293619792,0.548095703125,0.869303385417
8,same,3,7,projection,truth,11.8635667438,2.64583333333,0,0,0.423611111111,6.52700617284,9.81018518519,0.592399691358,0.994212962963
8,same,3,25,feasibility,family,5.426305384,1.20977974345,0.118903971845,0.0679780459192,0.610111081394,3.79537513327,9.15121971058,0.420271700651,0.569354802959
8,same,3,25,feasibility,occupancy_balanced,5.52991935221,1.17610677083,0.0986328125,0.0621744791667,0.452962239583,8.43896484375,10.033203125,0.6728515625,1.00211588542
8,same,3,25,feasibility,truth,5.86316435185,1.30555555556,0.164737654321,0.0999228395062,0.375192901235,9.5837191358,10.3624614198,0.751929012346,1.16010802469
8,same,3,25,projection,family,10.5256925302,2.72939814786,0.358238366572,0.0679780459192,0.610111081394,3.79537513327,9.15121971058,0.420271700651,0.569354802959
8,same,3,25,projection,occupancy_balanced,13.6091112467,3.51774088542,0.347005208333,0.0621744791667,0.452962239583,8.43896484375,10.033203125,0.6728515625,1.00211588542
8,same,3,25,projection,truth,15.4507961034,4.34606481481,0.613811728395,0.0999228395062,0.375192901235,9.5837191358,10.3624614198,0.751929012346,1.16010802469
8,same,3,44,feasibility,family,5.05603964083,1.00768382213,0.00768382213093,0.00768382213093,0.640778655979,2.57433610037,8.83210038462,0.283004434671,0.45964095672
8,same,3,44,feasibility,occupancy_balanced,5.2138347168,1.01611328125,0.01611328125,0.01611328125,0.482340494792,6.30200195312,9.70499674479,0.570963541667,0.923828125
8,same,3,44,feasibility,truth,5.36377237654,1.01948302469,0.0194830246914,0.0194830246914,0.405671296296,6.90316358025,9.9430941358,0.613425925926,1.04841820988
8,same,3,44,projection,family,8.97464417904,1.78645765225,0.00949541633383,0.00768382213093,0.640778655979,2.57433610037,8.83210038462,0.283004434671,0.45964095672
8,same,3,44,projection,occupancy_balanced,11.3743876139,2.55558268229,0.02099609375,0.01611328125,0.482340494792,6.30200195312,9.70499674479,0.570963541667,0.923828125
8,same,3,44,projection,truth,12.2755219907,2.76736111111,0.0256558641975,0.0194830246914,0.405671296296,6.90316358025,9.9430941358,0.613425925926,1.04841820988
8,same,3,224,feasibility,family,4.94775351437,1.00300842359,0.00300842358604,0.00300842358604,0.675645402561,2.42675821377,8.75019809906,0.276008277298,0.441978172581
8,same,3,224,feasibility,occupancy_balanced,5.11815568034,1.0048828125,0.0048828125,0.0048828125,0.515543619792,5.96126302083,9.56437174479,0.549560546875,0.873453776042
8,same,3,224,feasibility,truth,5.21453877315,1.00771604938,0.00771604938272,0.00771604938272,0.458140432099,6.40046296296,9.74189814815,0.591435185185,0.994212962963
8,same,3,224,projection,family,8.57796268088,1.70584505822,0.00361010830325,0.00300842358604,0.675645402561,2.42675821377,8.75019809906,0.276008277298,0.441978172581
8,same,3,224,projection,occupancy_balanced,10.8517701009,2.41910807292,0.00634765625,0.0048828125,0.515543619792,5.96126302083,9.56437174479,0.549560546875,0.873453776042
8,same,3,224,projection,truth,11.5161012731,2.57175925926,0.0100308641975,0.00771604938272,0.458140432099,6.40046296296,9.74189814815,0.591435185185,0.994212962963
8,same,4,15,feasibility,family,5.22625058661,1.00498299728,0.00498299727827,0.00498299727827,0.661713190948,2.22732037966,8.73020351453,0.235977620883,0.400089254364
8,same,4,15,feasibility,occupancy_balanced,5.30346630859,1.00793457031,0.0079345703125,0.0079345703125,0.505004882812,5.08976236979,9.48168945312,0.495483398438,0.782633463542
8,same,4,15,feasibility,truth,5.50797350823,1.01028806584,0.0102880658436,0.0102880658436,0.413451646091,5.7304526749,9.7628600823,0.548482510288,0.930041152263
8,same,4,15,projection,family,8.98387905692,1.68826559296,0.00498299727827,0.00498299727827,0.661713190948,2.22732037966,8.73020351453,0.235977620883,0.400089254364
8,same,4,15,projection,occupancy_balanced,10.9203624674,2.3524983724,0.0079345703125,0.0079345703125,0.505004882812,5.08976236979,9.48168945312,0.495483398438,0.782633463542
8,same,4,15,projection,truth,12.01846875,2.59387860082,0.0102880658436,0.0102880658436,0.413451646091,5.7304526749,9.7628600823,0.548482510288,0.930041152263
8,same,4,60,feasibility,family,5.32168268677,1.01373847536,0.0137384753576,0.0126199071249,0.645124047894,2.35934711973,8.79105751118,0.241445841642,0.415767751288
8,same,4,60,feasibility,occupancy_balanced,5.48207035319,1.02840169271,0.0284016927083,0.0267740885417,0.498128255208,5.47029622396,9.58992513021,0.5107421875,0.826497395833
8,same,4,60,feasibility,truth,5.70916705247,1.0412808642,0.0412808641975,0.0376800411523,0.396476337449,6.2600308642,9.90779320988,0.560185185185,0.96875
8,same,4,60,projection,family,9.3966490136,1.76319286156,0.0204498847536,0.0126199071249,0.645124047894,2.35934711973,8.79105751118,0.241445841642,0.415767751288
8,same,4,60,projection,occupancy_balanced,11.6515125326,2.49308268229,0.046875,0.0267740885417,0.498128255208,5.47029622396,9.58992513021,0.5107421875,0.826497395833
8,same,4,60,projection,truth,12.9552083333,2.79886831276,0.0729166666667,0.0376800411523,0.396476337449,6.2600308642,9.90779320988,0.560185185185,0.96875
8,same,4,90,feasibility,family,5.29395292932,1.00863288306,0.008632883062,0.008632883062,0.666345881622,2.19335340189,8.73075479163,0.233005232333,0.39441225974
8,same,4,90,feasibility,occupancy_balanced,5.40970890299,1.01684570312,0.016845703125,0.016845703125,0.488444010417,5.09631347656,9.52331542969,0.4931640625,0.7841796875
8,same,4,90,feasibility,truth,5.62497106481,1.02777777778,0.0277777777778,0.0277777777778,0.415766460905,5.59979423868,9.76028806584,0.542824074074,0.918724279835
8,same,4,90,projection,family,9.18694344776,1.69419417468,0.008632883062,0.008632883062,0.666345881622,2.19335340189,8.73075479163,0.233005232333,0.39441225974
8,same,4,90,projection,occupancy_balanced,11.3453300781,2.4023844401,0.016845703125,0.016845703125,0.488444010417,5.09631347656,9.52331542969,0.4931640625,0.7841796875
8,same,4,90,projection,truth,12.3648504372,2.61368312757,0.0277777777778,0.0277777777778,0.415766460905,5.59979423868,9.76028806584,0.542824074074,0.918724279835
8,same,4,240,feasibility,family,5.12040294442,1.0072546333,0.00725463329624,0.00725463329624,0.687827939895,2.14703212356,8.68127403465,0.231400601892,0.393178374749
8,same,4,240,feasibility,occupancy_balanced,5.31325415039,1.01704915365,0.0170491536458,0.0170491536458,0.528076171875,4.99865722656,9.43916829427,0.489135742188,0.777262369792
8,same,4,240,feasibility,truth,5.43938695988,1.02250514403,0.0225051440329,0.0225051440329,0.452031893004,5.5133744856,9.66383744856,0.539351851852,0.920267489712
8,same,4,240,projection,family,8.8199508573,1.64798121301,0.0101707391733,0.00725463329624,0.687827939895,2.14703212356,8.68127403465,0.231400601892,0.393178374749
8,same,4,240,projection,occupancy_balanced,11.3109689941,2.33020019531,0.0252685546875,0.0170491536458,0.528076171875,4.99865722656,9.43916829427,0.489135742188,0.777262369792
8,same,4,240,projection,truth,12.3663364198,2.52726337449,0.0348508230453,0.0225051440329,0.452031893004,5.5133744856,9.66383744856,0.539351851852,0.920267489712
8,same,5,31,feasibility,family,5.75125494229,1.19196732955,0.130676406926,0.077104978355,0.591021140061,2.85900476985,9.03738222206,0.347537040173,0.54112929171
8,same,5,31,feasibility,occupancy_balanced,5.73984450277,1.15828450521,0.096435546875,0.0625813802083,0.481302897135,5.89689127604,9.70231119792,0.554341634115,0.830078125
8,same,5,31,feasibility,truth,6.16874537037,1.28455075446,0.169838820302,0.10811042524,0.360768175583,7.12774348422,10.1659807956,0.65200617284,1.02966392318
8,same,5,31,projection,family,10.4903665823,2.43523580788,0.28264153695,0.077104978355,0.591021140061,2.85900476985,9.03738222206,0.347537040173,0.54112929171
8,same,5,31,projection,occupancy_balanced,12.3515062663,3.05330403646,0.278401692708,0.0625813802083,0.481302897135,5.89689127604,9.70231119792,0.554341634115,0.830078125
8,same,5,31,projection,truth,14.540735168,3.88082990398,0.50677297668,0.10811042524,0.360768175583,7.12774348422,10.1659807956,0.65200617284,1.02966392318
8,same,5,103,feasibility,family,5.78129281136,1.42178271502,0.234034699151,0.116475175341,0.588834525817,4.18133169654,9.26663958199,0.483432799624,0.619708315807
8,same,5,103,feasibility,occupancy_balanced,5.67601236979,1.3056640625,0.158528645833,0.0830078125,0.498881022135,7.79256184896,9.8583984375,0.654113769531,0.913330078125
8,same,5,103,feasibility,truth,6.20016486626,1.56301440329,0.285579561043,0.142575445816,0.38134430727,9.81327160494,10.3673696845,0.785751028807,1.12097050754
8,same,5,103,projection,family,11.396966244,3.60414087281,0.761674049465,0.116475175341,0.588834525817,4.18133169654,9.26663958199,0.483432799624,0.619708315807
8,same,5,103,projection,occupancy_balanced,12.8785177002,3.93302408854,0.630777994792,0.0830078125,0.498881022135,7.79256184896,9.8583984375,0.654113769531,0.913330078125
8,same,5,103,projection,truth,15.7498287894,5.55538408779,1.2094478738,0.142575445816,0.38134430727,9.81327160494,10.3673696845,0.785751028807,1.12097050754
8,same,5,173,feasibility,family,5.59767346254,1.19200357071,0.130712648094,0.0767208748398,0.601669495934,2.80581423751,8.97949406131,0.347036747578,0.545601200999
8,same,5,173,feasibility,occupancy_balanced,5.63796632894,1.15598551432,0.0941365559896,0.0596313476562,0.505086263021,5.79661051432,9.60874430339,0.554524739583,0.843709309896
8,same,5,173,feasibility,truth,6.02117961248,1.281978738,0.167266803841,0.104338134431,0.385459533608,7.06258573388,10.0465534979,0.655521262003,1.05555555556
8,same,5,173,projection,family,10.2519178833,2.37961564946,0.285272512182,0.0767208748398,0.601669495934,2.80581423751,8.97949406131,0.347036747578,0.545601200999
8,same,5,173,projection,occupancy_balanced,11.942389974,2.9472249349,0.277567545573,0.0596313476562,0.505086263021,5.79661051432,9.60874430339,0.554524739583,0.843709309896
8,same,5,173,projection,truth,13.9976727538,3.75085733882,0.510202331962,0.104338134431,0.385459533608,7.06258573388,10.0465534979,0.655521262003,1.05555555556
8,same,5,248,feasibility,family,5.62591099867,1.19344992457,0.132159001946,0.0778376671132,0.609209037381,2.76190537192,8.97489240591,0.34683002344,0.544027219248
8,same,5,248,feasibility,occupancy_balanced,5.69125773112,1.16044108073,0.0985921223958,0.0635986328125,0.513631184896,5.72204589844,9.6073811849,0.551472981771,0.832560221354
8,same,5,248,feasibility,truth,6.09526929012,1.29346707819,0.178755144033,0.114197530864,0.393432784636,6.83916323731,10.0331790123,0.658607681756,1.05855624143
8,same,5,248,projection,family,10.1186423008,2.37679074491,0.286030393023,0.0778376671132,0.609209037381,2.76190537192,8.97489240591,0.34683002344,0.544027219248
8,same,5,248,projection,occupancy_balanced,11.8568259277,2.96069335938,0.282674153646,0.0635986328125,0.513631184896,5.72204589844,9.6073811849,0.551472981771,0.832560221354
8,same,5,248,projection,truth,13.8499266975,3.75291495199,0.520318930041,0.114197530864,0.393432784636,6.83916323731,10.0331790123,0.658607681756,1.05855624143
8,same,6,63,feasibility,family,6.23288870103,1.43165443432,0.261506687722,0.139309342067,0.533899121194,3.80883337163,9.35742979538,0.471359879722,0.666970510095
8,same,6,63,feasibility,occupancy_balanced,6.1158200175,1.31815592448,0.184041341146,0.108846028646,0.456136067708,7.08323160807,9.93654378255,0.62900797526,0.930135091146
8,same,6,63,feasibility,truth,6.81015209191,1.58802011888,0.329446730681,0.185185185185,0.310413808871,9.51200274348,10.6396890718,0.784522176497,1.22279378144
8,same,6,63,projection,family,12.2348179107,3.50772815228,0.716546381486,0.139309342067,0.533899121194,3.80883337163,9.35742979538,0.471359879722,0.666970510095
8,same,6,63,projection,occupancy_balanced,13.9451164653,3.88743082682,0.607666015625,0.108846028646,0.456136067708,7.08323160807,9.93654378255,0.62900797526,0.930135091146
8,same,6,63,projection,truth,17.6728088134,5.58213305898,1.17363968907,0.185185185185,0.310413808871,9.51200274348,10.6396890718,0.784522176497,1.22279378144
8,same,6,219,feasibility,family,5.99612660716,1.41828497077,0.248137224174,0.12717633982,0.579545364983,3.5194553542,9.21731440344,0.451627512489,0.608841234937
8,same,6,219,feasibility,occupancy_balanced,5.86224644979,1.29612223307,0.16200764974,0.0890909830729,0.507130940755,6.45139567057,9.72599283854,0.594594319661,0.827209472656
8,same,6,219,feasibility,truth,6.46445576132,1.55864197531,0.300068587106,0.160150891632,0.370884773663,8.2524005487,10.2893804298,0.739654778235,1.05304069502
8,same,6,219,projection,family,11.4260799954,3.35278508278,0.690142641412,0.12717633982,0.579545364983,3.5194553542,9.21731440344,0.451627512489,0.608841234937
8,same,6,219,projection,occupancy_balanced,12.6754004822,3.65177408854,0.563130696615,0.0890909830729,0.507130940755,6.45139567057,9.72599283854,0.594594319661,0.827209472656
8,same,6,219,projection,truth,15.7273109854,5.18135573845,1.09407864655,0.160150891632,0.370884773663,8.2524005487,10.2893804298,0.739654778235,1.05304069502
8,same,6,231,feasibility,family,5.96428269724,1.41308392522,0.242936178621,0.121975294267,0.583627123774,3.49238579417,9.17913916198,0.448941988672,0.605314355122
8,same,6,231,feasibility,occupancy_balanced,5.81432931519,1.29248046875,0.158365885417,0.08544921875,0.524709065755,6.38130696615,9.65344238281,0.594655354818,0.831787109375
8,same,6,231,feasibility,truth,6.37897736626,1.5446959305,0.286122542295,0.146204846822,0.391289437586,8.14254686786,10.1735253772,0.732224508459,1.04652491998
8,same,6,231,projection,family,11.2924579325,3.31533755515,0.687418259143,0.121975294267,0.583627123774,3.49238579417,9.17913916198,0.448941988672,0.605314355122
8,same,6,231,projection,occupancy_balanced,12.3867285461,3.5776163737,0.563232421875,0.08544921875,0.524709065755,6.38130696615,9.65344238281,0.594655354818,0.831787109375
8,same,6,231,projection,truth,15.2420975652,5.06687242798,1.08996342021,0.146204846822,0.391289437586,8.14254686786,10.1735253772,0.732224508459,1.04652491998
8,same,6,252,feasibility,family,6.35385314391,1.42790778635,0.257760039751,0.135268670479,0.565348659575,3.6230259242,9.27030502492,0.466815913541,0.659496650334
8,same,6,252,feasibility,occupancy_balanced,6.25790715535,1.31205240885,0.177937825521,0.103230794271,0.499572753906,6.72546386719,9.80383300781,0.621337890625,0.918395996094
8,same,6,252,feasibility,truth,6.9531983882,1.58773433928,0.329160951075,0.183413351623,0.353680841335,8.77560585277,10.4468449931,0.783036122542,1.22999542753
8,same,6,252,projection,family,13.3950842852,3.416320873,0.707139605092,0.135268670479,0.565348659575,3.6230259242,9.27030502492,0.466815913541,0.659496650334
8,same,6,252,projection,occupancy_balanced,14.8038735657,3.74245198568,0.593912760417,0.103230794271,0.499572753906,6.72546386719,9.80383300781,0.621337890625,0.918395996094
8,same,6,252,projection,truth,18.2138040695,5.36854138089,1.15666438043,0.183413351623,0.353680841335,8.77560585277,10.4468449931,0.783036122542,1.22999542753
8,same,7,127,feasibility,family,6.52931845241,1.66080493616,0.38141505521,0.172737967197,0.532552439944,4.90420737438,9.57599521555,0.561230390822,0.733034853504
8,same,7,127,feasibility,occupancy_balanced,6.28574056498,1.46667480469,0.261352539062,0.137410481771,0.470479329427,7.89558919271,10.0254007975,0.672505696615,0.947489420573
8,same,7,127,feasibility,truth,7.17238092516,1.87052278616,0.480643194635,0.228928516994,0.307651272672,11.1906721536,10.8646928822,0.866217040085,1.27328151196
8,same,7,127,projection,family,13.6237338301,4.85114842792,1.29110753487,0.172737967197,0.532552439944,4.90420737438,9.57599521555,0.561230390822,0.733034853504
8,same,7,127,projection,occupancy_balanced,14.5458352712,4.68374633789,0.965189615885,0.137410481771,0.470479329427,7.89558919271,10.0254007975,0.672505696615,0.947489420573
8,same,7,127,projection,truth,19.4884506173,7.36793171773,1.95839048925,0.228928516994,0.307651272672,11.1906721536,10.8646928822,0.866217040085,1.27328151196
8,same,7,191,feasibility,family,6.53389853956,1.66493432491,0.385544443962,0.176458487358,0.531123380896,4.92918175621,9.57946595226,0.56565784599,0.744642555205
8,same,7,191,feasibility,occupancy_balanced,6.29935577901,1.46979777018,0.264475504557,0.140492757161,0.470479329427,7.86227416992,10.0185241699,0.676361083984,0.961364746094
8,same,7,191,feasibility,truth,7.22349737083,1.88340192044,0.493522328913,0.240245389422,0.305517451608,11.321216278,10.8828684652,0.876848041457,1.3127190977
8,same,7,191,projection,family,13.7582393093,4.86639079457,1.30243760738,0.176458487358,0.531123380896,4.92918175621,9.57946595226,0.56565784599,0.744642555205
8,same,7,191,projection,occupancy_balanced,14.637524231,4.68914794922,0.978627522786,0.140492757161,0.470479329427,7.86227416992,10.0185241699,0.676361083984,0.961364746094
8,same,7,191,projection,truth,19.9082358253,7.4247828075,2.00563938424,0.240245389422,0.305517451608,11.321216278,10.8828684652,0.876848041457,1.3127190977
8,same,7,223,feasibility,family,6.67499102312,1.65405061965,0.3746607387,0.166587953322,0.551690941536,4.75338342919,9.51874904387,0.553950414951,0.713882201737
8,same,7,223,feasibility,occupancy_balanced,6.37838034566,1.45286051432,0.247538248698,0.125223795573,0.499308268229,7.51723225911,9.91341145833,0.658223470052,0.911458333333
8,same,7,223,feasibility,truth,7.28249336991,1.85272824265,0.46284865112,0.212734339278,0.328722755677,10.4681450998,10.7119341564,0.847165066301,1.22016460905
8,same,7,223,projection,family,13.752484642,4.78462475359,1.27588840257,0.166587953322,0.551690941536,4.75338342919,9.51874904387,0.553950414951,0.713882201737
8,same,7,223,projection,occupancy_balanced,14.4131833293,4.55572509766,0.936787923177,0.125223795573,0.499308268229,7.51723225911,9.91341145833,0.658223470052,0.911458333333
8,same,7,223,projection,truth,19.3797055327,7.18461362597,1.90965554031,0.212734339278,0.328722755677,10.4681450998,10.7119341564,0.847165066301,1.22016460905
8,same,7,254,feasibility,family,6.61062243688,1.66149832058,0.382108439623,0.173183684064,0.547454117898,4.8197056738,9.53433707695,0.561258810204,0.735421249965
8,same,7,254,feasibility,occupancy_balanced,6.42434516907,1.46451822917,0.259195963542,0.13564046224,0.492858886719,7.67893473307,9.95096842448,0.669494628906,0.946075439453
8,same,7,254,feasibility,truth,7.40824481786,1.87741960067,0.487540009145,0.23464410913,0.326741350404,10.8311995123,10.7753772291,0.870751409846,1.2970964792
8,same,7,254,projection,family,13.7233523441,4.808956027,1.29040101747,0.173183684064,0.547454117898,4.8197056738,9.53433707695,0.561258810204,0.735421249965
8,same,7,254,projection,occupancy_balanced,14.4869889476,4.60710652669,0.961771647135,0.13564046224,0.492858886719,7.67893473307,9.95096842448,0.669494628906,0.946075439453
8,same,7,254,projection,truth,19.5627376543,7.27693949093,1.96665904588,0.23464410913,0.326741350404,10.8311995123,10.7753772291,0.870751409846,1.2970964792
8,same,8,255,feasibility,family,7.02999038048,1.90147008233,0.510519561501,0.207104353647,0.524430885302,6.59145928047,9.82895649165,0.663144423189,0.823995137616
8,same,8,255,feasibility,occupancy_balanced,6.65213191986,1.62363688151,0.344258626302,0.167134602865,0.476623535156,8.97882080078,10.1504414876,0.728963216146,1.01085408529
8,same,8,255,feasibility,truth,7.88257161002,2.18322918254,0.656886653457,0.282121627801,0.287024335721,13.8341716202,11.2163288117,0.981100442006,1.43542651019
8,same,8,255,projection,family,15.9634905127,6.58231783653,2.02942953519,0.207104353647,0.524430885302,6.59145928047,9.82895649165,0.663144423189,0.823995137616
8,same,8,255,projection,occupancy_balanced,15.9377055486,5.65420532227,1.3926188151,0.167134602865,0.476623535156,8.97882080078,10.1504414876,0.728963216146,1.01085408529
8,same,8,255,projection,truth,23.2406427882,9.68907178784,2.98610476045,0.282121627801,0.287024335721,13.8341716202,11.2163288117,0.981100442006,1.43542651019
8,split,0,0,feasibility,family,4.60650602932,1,0,0,0.670901180479,4.0006555515,8.98676321447,0.398516033832,0.514913593769
8,split,0,0,feasibility,occupancy_balanced,4.81329882813,1,0,0,0.455078125,11.20703125,10.2330729167,0.751953125,1.2734375
8,split,0,0,feasibility,truth,4.81329882813,1,0,0,0.455078125,11.20703125,10.2330729167,0.751953125,1.2734375
8,split,0,0,projection,family,8.9626257846,1.92676321447,0,0,0.670901180479,4.0006555515,8.98676321447,0.398516033832,0.514913593769
8,split,0,0,projection,occupancy_balanced,13.5304427083,3.06901041667,0,0,0.455078125,11.20703125,10.2330729167,0.751953125,1.2734375
8,split,0,0,projection,truth,13.5304427083,3.06901041667,0,0,0.455078125,11.20703125,10.2330729167,0.751953125,1.2734375
8,split,1,1,feasibility,family,4.79557623034,1,0,0,0.676045841097,3.30220061448,8.89402825607,0.356650197715,0.493094500455
8,split,1,1,feasibility,occupancy_balanced,4.96021354167,1,0,0,0.489908854167,8.94986979167,9.95052083333,0.679361979167,1.109375
8,split,1,1,feasibility,truth,4.98061675347,1,0,0,0.473958333333,9.13107638889,10.0052083333,0.69140625,1.14670138889
8,split,1,1,projection,family,8.80492037874,1.84017564995,0,0,0.676045841097,3.30220061448,8.89402825607,0.356650197715,0.493094500455
8,split,1,1,projection,occupancy_balanced,12.1731927083,2.78515625,0,0,0.489908854167,8.94986979167,9.95052083333,0.679361979167,1.109375
8,split,1,1,projection,truth,12.4329340278,2.83680555556,0,0,0.473958333333,9.13107638889,10.0052083333,0.69140625,1.14670138889
8,split,1,2,feasibility,family,4.76805196626,1,0,0,0.676045841097,3.30220061448,8.89402825607,0.356650197715,0.493094500455
8,split,1,2,feasibility,occupancy_balanced,4.91579947917,1,0,0,0.4912109375,8.94466145833,9.9453125,0.675455729167,1.1015625
8,split,1,2,feasibility,truth,4.95505946181,1,0,0,0.473958333333,9.13107638889,10.0052083333,0.69140625,1.14670138889
8,split,1,2,projection,family,8.82853289862,1.84017564995,0,0,0.676045841097,3.30220061448,8.89402825607,0.356650197715,0.493094500455
8,split,1,2,projection,occupancy_balanced,12.2532552083,2.77994791667,0,0,0.4912109375,8.94466145833,9.9453125,0.675455729167,1.1015625
8,split,1,2,projection,truth,12.5233884549,2.83680555556,0,0,0.473958333333,9.13107638889,10.0052083333,0.69140625,1.14670138889
8,split,1,4,feasibility,family,4.76097296775,1,0,0,0.676954426614,3.28566376709,8.88755854498,0.345770981974,0.469299087396
8,split,1,4,feasibility,occupancy_balanced,4.9327047526,1,0,0,0.489583333333,8.884765625,9.94466145833,0.662434895833,1.080078125
8,split,1,4,feasibility,truth,4.96981293403,1,0,0,0.463107638889,9.05989583333,10.0130208333,0.674045138889,1.11805555556
8,split,1,4,projection,family,8.94734871406,1.83307753909,0,0,0.676954426614,3.28566376709,8.88755854498,0.345770981974,0.469299087396
8,split,1,4,projection,occupancy_balanced,12.4877796224,2.76497395833,0,0,0.489583333333,8.884765625,9.94466145833,0.662434895833,1.080078125
8,split,1,4,projection,truth,12.7845338542,2.82552083333,0,0,0.463107638889,9.05989583333,10.0130208333,0.674045138889,1.11805555556
8,split,1,128,feasibility,family,4.58406590679,1,0,0,0.691504691164,3.24084583992,8.85818568472,0.343086574878,0.463930273204
8,split,1,128,feasibility,occupancy_balanced,4.76156282552,1,0,0,0.50390625,8.79752604167,9.896484375,0.656575520833,1.068359375
8,split,1,128,feasibility,truth,4.76852170139,1,0,0,0.490885416667,8.93489583333,9.94010416667,0.666232638889,1.10243055556
8,split,1,128,projection,family,8.7686515498,1.80568880582,0,0,0.691504691164,3.24084583992,8.85818568472,0.343086574878,0.463930273204
8,split,1,128,projection,occupancy_balanced,12.1423815104,2.72265625,0,0,0.50390625,8.79752604167,9.896484375,0.656575520833,1.068359375
8,split,1,128,projection,truth,12.3419140625,2.76041666667,0,0,0.490885416667,8.93489583333,9.94010416667,0.666232638889,1.10243055556
8,split,2,3,feasibility,family,4.79648722232,1,0,0,0.681166018095,2.78027116549,8.80788798529,0.317111729886,0.4701966563
8,split,2,3,feasibility,occupancy_balanced,4.93417057292,1,0,0,0.519856770833,7.16927083333,9.69303385417,0.607096354167,0.953125
8,split,2,3,feasibility,truth,4.99936226852,1,0,0,0.488136574074,7.49768518519,9.80671296296,0.63599537037,1.04050925926
8,split,2,3,projection,family,8.52936972696,1.76044671237,0,0,0.681166018095,2.78027116549,8.80788798529,0.317111729886,0.4701966563
8,split,2,3,projection,occupancy_balanced,11.0622220052,2.54654947917,0,0,0.519856770833,7.16927083333,9.69303385417,0.607096354167,0.953125
8,split,2,3,projection,truth,11.5107673611,2.64641203704,0,0,0.488136574074,7.49768518519,9.80671296296,0.63599537037,1.04050925926
8,split,2,24,feasibility,family,4.85791375347,1.00274725275,0.00274725274725,0.00274725274725,0.679288319918,2.76753646528,8.82050931143,0.302053136104,0.437577293228
8,split,2,24,feasibility,occupancy_balanced,5.02931917318,1.005859375,0.005859375,0.005859375,0.508626302083,7.15104166667,9.73046875,0.588053385417,0.921223958333
8,split,2,24,feasibility,truth,5.07391203704,1.00694444444,0.00694444444444,0.00694444444444,0.475694444444,7.421875,9.83449074074,0.607349537037,0.985532407407
8,split,2,24,projection,family,8.59324077553,1.776675513,0.00274725274725,0.00274725274725,0.679288319918,2.76753646528,8.82050931143,0.302053136104,0.437577293228
8,split,2,24,projection,occupancy_balanced,11.2330569661,2.5810546875,0.005859375,0.005859375,0.508626302083,7.15104166667,9.73046875,0.588053385417,0.921223958333
8,split,2,24,projection,truth,11.6255081019,2.67361111111,0.00694444444444,0.00694444444444,0.475694444444,7.421875,9.83449074074,0.607349537037,0.985532407407
8,split,2,36,feasibility,family,4.97649298383,1,0,0,0.683708855752,2.75510910207,8.79464294394,0.303232584927,0.439936190875
8,split,2,36,feasibility,occupancy_balanced,5.11465380859,1,0,0,0.529459635417,7.12825520833,9.68033854167,0.591634114583,0.928385416667
8,split,2,36,feasibility,truth,5.17825347222,1,0,0,0.482060185185,7.42650462963,9.7974537037,0.610821759259,0.992476851852
8,split,2,36,projection,family,8.7318644867,1.74950024498,0,0,0.683708855752,2.75510910207,8.79464294394,0.303232584927,0.439936190875
8,split,2,36,projection,occupancy_balanced,11.3965206706,2.52604166667,0,0,0.529459635417,7.12825520833,9.68033854167,0.591634114583,0.928385416667
8,split,2,36,projection,truth,11.8659513889,2.63136574074,0,0,0.482060185185,7.42650462963,9.7974537037,0.610821759259,0.992476851852
8,split,2,192,feasibility,family,4.67403574035,1,0,0,0.708270407759,2.66807348975,8.73944722361,0.290473346845,0.412175543443
8,split,2,192,feasibility,occupancy_balanced,4.83638916016,1,0,0,0.544921875,6.94108072917,9.60188802083,0.569173177083,0.883138020833
8,split,2,192,feasibility,truth,4.86024016204,1,0,0,0.519675925926,7.17592592593,9.68287037037,0.586226851852,0.947337962963
8,split,2,192,projection,family,8.24207122155,1.69881698705,0,0,0.708270407759,2.66807348975,8.73944722361,0.290473346845,0.412175543443
8,split,2,192,projection,occupancy_balanced,10.7262828776,2.45247395833,0,0,0.544921875,6.94108072917,9.60188802083,0.569173177083,0.883138020833
8,split,2,192,projection,truth,11.0430934606,2.52025462963,0,0,0.519675925926,7.17592592593,9.68287037037,0.586226851852,0.947337962963
8,split,3,7,feasibility,family,4.92060826359,1,0,0,0.697294477955,2.35711180723,8.70383510694,0.261321918742,0.408544632806
8,split,3,7,feasibility,occupancy_balanced,5.01912752279,1,0,0,0.554443359375,5.78483072917,9.470703125,0.52392578125,0.811767578125
8,split,3,7,feasibility,truth,5.11819675926,1,0,0,0.496720679012,6.1674382716,9.625,0.555941358025,0.906635802469
8,split,3,7,projection,family,8.61365812883,1.66403052958,0,0,0.697294477955,2.35711180723,8.70383510694,0.261321918742,0.408544632806
8,split,3,7,projection,occupancy_balanced,10.7891896159,2.33569335938,0,0,0.554443359375,5.78483072917,9.470703125,0.52392578125,0.811767578125
8,split,3,7,projection,truth,11.4079893904,2.47145061728,0,0,0.496720679012,6.1674382716,9.625,0.555941358025,0.906635802469
8,split,3,25,feasibility,family,5.02682052587,1.17110906863,0.0851715686275,0.0435049019608,0.661708388056,3.51058621586,8.99069887255,0.390042445438,0.470181128116
8,split,3,25,feasibility,occupancy_balanced,5.08267561849,1.1083984375,0.0465494791667,0.0257161458333,0.531412760417,7.45149739583,9.69010416667,0.605305989583,0.81689453125
8,split,3,25,feasibility,truth,5.2378132716,1.18865740741,0.0787037037037,0.0416666666667,0.483217592593,8.21296296296,9.89043209877,0.665895061728,0.918209876543
8,split,3,25,projection,family,9.41631255506,2.52286763608,0.293504901961,0.0435049019608,0.661708388056,3.51058621586,8.99069887255,0.390042445438,0.470181128116
8,split,3,25,projection,occupancy_balanced,11.4141724447,3.03125,0.213216145833,0.0257161458333,0.531412760417,7.45149739583,9.69010416667,0.605305989583,0.81689453125
8,split,3,25,projection,truth,12.3698152006,3.59104938272,0.375,0.0416666666667,0.483217592593,8.21296296296,9.89043209877,0.665895061728,0.918209876543
8,split,3,44,feasibility,family,4.88784405137,1,0,0,0.697925305563,2.32607450636,8.6861747679,0.247226826275,0.37771721095
8,split,3,44,feasibility,occupancy_balanced,4.98640096029,1,0,0,0.561686197917,5.75227864583,9.44555664062,0.509684244792,0.788330078125
8,split,3,44,feasibility,truth,5.07036940586,1,0,0,0.502314814815,6.05516975309,9.58024691358,0.528742283951,0.853780864198
8,split,3,44,projection,family,8.44849501009,1.65005179558,0,0,0.697925305563,2.32607450636,8.6861747679,0.247226826275,0.37771721095
8,split,3,44,projection,occupancy_balanced,10.4161706543,2.30688476562,0,0,0.561686197917,5.75227864583,9.44555664062,0.509684244792,0.788330078125
8,split,3,44,projection,truth,10.9409807099,2.4274691358,0,0,0.502314814815,6.05516975309,9.58024691358,0.528742283951,0.853780864198
8,split,3,224,feasibility,family,4.817059399,1,0,0,0.725050115826,2.26475957889,8.64265549639,0.247160202936,0.377639672071
8,split,3,224,feasibility,occupancy_balanced,4.99002954102,1,0,0,0.577311197917,5.63028971354,9.39176432292,0.504557291667,0.774576822917
8,split,3,224,feasibility,truth,5.05357368827,1,0,0,0.540316358025,5.92592592593,9.49961419753,0.528163580247,0.85262345679
8,split,3,224,projection,family,8.22434773679,1.60820900338,0,0,0.725050115826,2.26475957889,8.64265549639,0.247160202936,0.377639672071
8,split,3,224,projection,occupancy_balanced,10.2677507324,2.26155598958,0,0,0.577311197917,5.63028971354,9.39176432292,0.504557291667,0.774576822917
8,split,3,224,projection,truth,10.6413018904,2.35416666667,0,0,0.540316358025,5.92592592593,9.49961419753,0.528163580247,0.85262345679
8,split,4,15,feasibility,family,4.99705901014,1,0,0,0.7117897517,2.02988206387,8.60088844366,0.205897749711,0.335697681482
8,split,4,15,feasibility,occupancy_balanced,5.07280403646,1,0,0,0.589925130208,4.66593424479,9.24149576823,0.443074544271,0.671305338542
8,split,4,15,feasibility,truth,5.18976157407,1,0,0,0.514017489712,5.07047325103,9.42283950617,0.475565843621,0.771090534979
8,split,4,15,projection,family,8.44190144813,1.57093635824,0,0,0.7117897517,2.02988206387,8.60088844366,0.205897749711,0.335697681482
8,split,4,15,projection,occupancy_balanced,10.0730771891,2.1337483724,0,0,0.589925130208,4.66593424479,9.24149576823,0.443074544271,0.671305338542
8,split,4,15,projection,truth,10.7996655093,2.29166666667,0,0,0.514017489712,5.07047325103,9.42283950617,0.475565843621,0.771090534979
8,split,4,60,feasibility,family,5.07609935061,1.00224550898,0.00224550898204,0.00224550898204,0.721638096991,2.07281723794,8.63189488412,0.205462731816,0.334777421117
8,split,4,60,feasibility,occupancy_balanced,5.17828051758,1.0048828125,0.0048828125,0.0048828125,0.580444335938,4.8495686849,9.33479817708,0.451090494792,0.694580078125
8,split,4,60,feasibility,truth,5.29335455247,1.00617283951,0.00617283950617,0.00617283950617,0.51350308642,5.2170781893,9.51748971193,0.475565843621,0.771090534979
8,split,4,60,projection,family,8.4554614465,1.603113658,0.00299401197605,0.00224550898204,0.721638096991,2.07281723794,8.63189488412,0.205462731816,0.334777421117
8,split,4,60,projection,occupancy_balanced,10.1624897054,2.22387695312,0.00732421875,0.0048828125,0.580444335938,4.8495686849,9.33479817708,0.451090494792,0.694580078125
8,split,4,60,projection,truth,10.8174202675,2.39094650206,0.00925925925926,0.00617283950617,0.51350308642,5.2170781893,9.51748971193,0.475565843621,0.771090534979
8,split,4,90,feasibility,family,5.15680702466,1.00177304965,0.00177304964539,0.00177304964539,0.73519490772,2.00478309346,8.5931178283,0.20499027248,0.333832502444
8,split,4,90,feasibility,occupancy_balanced,5.2913133138,1.0029296875,0.0029296875,0.0029296875,0.587158203125,4.68587239583,9.2783203125,0.444946289062,0.677815755208
8,split,4,90,feasibility,truth,5.35712654321,1.00462962963,0.00462962962963,0.00462962962963,0.536265432099,5.02983539095,9.42541152263,0.474022633745,0.768004115226
8,split,4,90,projection,family,8.37519853317,1.56408119583,0.00177304964539,0.00177304964539,0.73519490772,2.00478309346,8.5931178283,0.20499027248,0.333832502444
8,split,4,90,projection,occupancy_balanced,10.0743074137,2.17154947917,0.0029296875,0.0029296875,0.587158203125,4.68587239583,9.2783203125,0.444946289062,0.677815755208
8,split,4,90,projection,truth,10.6183967335,2.29835390947,0.00462962962963,0.00462962962963,0.536265432099,5.02983539095,9.42541152263,0.474022633745,0.768004115226
8,split,4,240,feasibility,family,4.96411802317,1.00157232704,0.00157232704403,0.00157232704403,0.748030918382,1.98106577317,8.56937647441,0.205550493884,0.335003169828
8,split,4,240,feasibility,occupancy_balanced,5.1090082194,1.00406901042,0.00406901041667,0.00406901041667,0.600830078125,4.65242513021,9.2538655599,0.443888346354,0.672932942708
8,split,4,240,feasibility,truth,5.17658359053,1.00462962963,0.00462962962963,0.00462962962963,0.551697530864,4.99897119342,9.3945473251,0.475565843621,0.771090534979
8,split,4,240,projection,family,8.31729863369,1.5405576905,0.00157232704403,0.00157232704403,0.748030918382,1.98106577317,8.56937647441,0.205550493884,0.335003169828
8,split,4,240,projection,occupancy_balanced,10.05900354,2.14880371094,0.00406901041667,0.00406901041667,0.600830078125,4.65242513021,9.2538655599,0.443888346354,0.672932942708
8,split,4,240,projection,truth,10.5618460648,2.26826131687,0.00462962962963,0.00462962962963,0.551697530864,4.99897119342,9.3945473251,0.475565843621,0.771090534979
8,split,5,31,feasibility,family,5.304774427,1.14017941269,0.0848408710218,0.0431742043551,0.672433010526,2.51142482306,8.817032362,0.292072425783,0.407080826291
8,split,5,31,feasibility,occupancy_balanced,5.26189634196,1.09358723958,0.0441080729167,0.0232747395833,0.58251953125,5.08119710286,9.34423828125,0.472473144531,0.627624511719
8,split,5,31,feasibility,truth,5.48622856653,1.16615226337,0.0781893004115,0.0411522633745,0.496999314129,5.79320987654,9.62234224966,0.536351165981,0.743741426612
8,split,5,31,projection,family,9.31427589105,2.15502527802,0.210343383585,0.0431742043551,0.672433010526,2.51142482306,8.817032362,0.292072425783,0.407080826291
8,split,5,31,projection,occupancy_balanced,10.5661818848,2.59958902995,0.170328776042,0.0232747395833,0.58251953125,5.08119710286,9.34423828125,0.472473144531,0.627624511719
8,split,5,31,projection,truth,11.6744856824,3.12585733882,0.302469135802,0.0411522633745,0.496999314129,5.79320987654,9.62234224966,0.536351165981,0.743741426612
8,split,5,103,feasibility,family,5.41935633043,1.36171457219,0.186274509804,0.0827205882353,0.652782412814,3.78527396437,9.0697279939,0.445956699603,0.496559774698
8,split,5,103,feasibility,occupancy_balanced,5.28923209635,1.22249348958,0.1015625,0.0481770833333,0.590108235677,6.60925292969,9.48197428385,0.583638509115,0.688761393229
8,split,5,103,feasibility,truth,5.59908513374,1.40637860082,0.185185185185,0.0843621399177,0.507458847737,7.84516460905,9.80015432099,0.689128943759,0.827417695473
8,split,5,103,projection,family,10.302737642,3.31048094291,0.663324420677,0.0827205882353,0.652782412814,3.78527396437,9.0697279939,0.445956699603,0.496559774698
8,split,5,103,projection,occupancy_balanced,11.1575293579,3.34246826172,0.451171875,0.0481770833333,0.590108235677,6.60925292969,9.48197428385,0.583638509115,0.688761393229
8,split,5,103,projection,truth,12.7336058813,4.48165294925,0.847736625514,0.0843621399177,0.507458847737,7.84516460905,9.80015432099,0.689128943759,0.827417695473
8,split,5,173,feasibility,family,5.36478914827,1.15978801376,0.102941176471,0.0514705882353,0.665315066175,2.47828164279,8.79950960942,0.301811888263,0.433346707447
8,split,5,173,feasibility,occupancy_balanced,5.3465061849,1.11364746094,0.0598958333333,0.0299479166667,0.601033528646,5.00526936849,9.28358968099,0.483459472656,0.651509602865
8,split,5,173,feasibility,truth,5.56022427984,1.20936213992,0.111111111111,0.0555555555556,0.506430041152,5.69307270233,9.54835390947,0.548525377229,0.769547325103
8,split,5,173,projection,family,9.39428152482,2.17347140484,0.242269984917,0.0514705882353,0.665315066175,2.47828164279,8.79950960942,0.301811888263,0.433346707447
8,split,5,173,projection,occupancy_balanced,10.566395284,2.58469645182,0.207885742188,0.0299479166667,0.601033528646,5.00526936849,9.28358968099,0.483459472656,0.651509602865
8,split,5,173,projection,truth,11.6777737483,3.15209190672,0.382716049383,0.0555555555556,0.506430041152,5.69307270233,9.54835390947,0.548525377229,0.769547325103
8,split,5,248,feasibility,family,5.31274509386,1.16094542117,0.104098583878,0.0526279956427,0.68195024577,2.46213234148,8.79948046359,0.302044817177,0.433875836133
8,split,5,248,feasibility,occupancy_balanced,5.32036067708,1.11608886719,0.0623372395833,0.0323893229167,0.59228515625,5.01542154948,9.31860351562,0.482645670573,0.649190266927
8,split,5,248,feasibility,truth,5.54527229081,1.21244855967,0.114197530864,0.0586419753086,0.517489711934,5.66838134431,9.56447187929,0.549039780521,0.770576131687
8,split,5,248,projection,family,9.2959885933,2.17401113937,0.243427392324,0.0526279956427,0.68195024577,2.46213234148,8.79948046359,0.302044817177,0.433875836133
8,split,5,248,projection,occupancy_balanced,10.5804337565,2.62145996094,0.210327148438,0.0323893229167,0.59228515625,5.01542154948,9.31860351562,0.482645670573,0.649190266927
8,split,5,248,projection,truth,11.6618360768,3.17095336077,0.385802469136,0.0586419753086,0.517489711934,5.66838134431,9.56447187929,0.549039780521,0.770576131687
8,split,6,63,feasibility,family,5.59782284541,1.31741976351,0.16768018018,0.0739301801802,0.6504240253,3.16179100204,9.00080172218,0.379505378109,0.434066740654
8,split,6,63,feasibility,occupancy_balanced,5.47874529012,1.189453125,0.0852864583333,0.041015625,0.586639404297,5.51937866211,9.38079833984,0.504272460938,0.58555094401
8,split,6,63,feasibility,truth,5.76612831504,1.33813443073,0.150891632373,0.0685871056241,0.490454961134,6.61351165981,9.73456790123,0.600137174211,0.714334705075
8,split,6,63,projection,family,10.4167116274,2.97718233571,0.543018018018,0.0739301801802,0.6504240253,3.16179100204,9.00080172218,0.379505378109,0.434066740654
8,split,6,63,projection,occupancy_balanced,11.1648431905,3.07995605469,0.367513020833,0.041015625,0.586639404297,5.51937866211,9.38079833984,0.504272460938,0.58555094401
8,split,6,63,projection,truth,12.7991570645,4.07658893461,0.679012345679,0.0685871056241,0.490454961134,6.61351165981,9.73456790123,0.600137174211,0.714334705075
8,split,6,219,feasibility,family,5.56945155099,1.33891389116,0.187054541005,0.0835006194365,0.669669967147,3.10069050848,8.97125317433,0.388405936546,0.457610043472
8,split,6,219,feasibility,occupancy_balanced,5.45365437826,1.21065266927,0.102783203125,0.0493977864583,0.604400634766,5.44153849284,9.34716796875,0.513315836589,0.606852213542
8,split,6,219,feasibility,truth,5.76096547782,1.38545953361,0.187242798354,0.0864197530864,0.527377686328,6.45953360768,9.6547210791,0.610310928212,0.735425240055
8,split,6,219,projection,family,10.2220701187,2.98709898825,0.578747704757,0.0835006194365,0.669669967147,3.10069050848,8.97125317433,0.388405936546,0.457610043472
8,split,6,219,projection,occupancy_balanced,10.985986379,3.09193929036,0.407165527344,0.0493977864583,0.604400634766,5.44153849284,9.34716796875,0.513315836589,0.606852213542
8,split,6,219,projection,truth,12.527853738,4.10505258345,0.767489711934,0.0864197530864,0.527377686328,6.45953360768,9.6547210791,0.610310928212,0.735425240055
8,split,6,231,feasibility,family,5.5654381356,1.33813385996,0.186274509804,0.0827205882353,0.664478246125,3.08831648236,8.95082679842,0.388862304949,0.458522780278
8,split,6,231,feasibility,occupancy_balanced,5.40978000895,1.20943196615,0.1015625,0.0481770833333,0.619171142578,5.41144816081,9.29966227214,0.514027913411,0.608276367188
8,split,6,231,feasibility,truth,5.742858139,1.38340192044,0.185185185185,0.0843621399177,0.527720621856,6.43770004572,9.60956790123,0.611339734797,0.737482853224
8,split,6,231,projection,family,10.1583370473,2.96708775955,0.577967673556,0.0827205882353,0.664478246125,3.08831648236,8.95082679842,0.388862304949,0.458522780278
8,split,6,231,projection,occupancy_balanced,10.7673883667,3.04376220703,0.405944824219,0.0481770833333,0.619171142578,5.41144816081,9.29966227214,0.514027913411,0.608276367188
8,split,6,231,projection,truth,12.2988550526,4.06012802926,0.765432098765,0.0843621399177,0.527720621856,6.43770004572,9.60956790123,0.611339734797,0.737482853224
8,split,6,252,feasibility,family,5.77418702573,1.36350435575,0.207997759734,0.0937677070533,0.641489862742,3.19630681839,9.04543478576,0.402740461448,0.493905453612
8,split,6,252,feasibility,occupancy_balanced,5.61470689901,1.23606363932,0.122639973958,0.0594380696615,0.588734944661,5.56856282552,9.41599527995,0.529134114583,0.643900553385
8,split,6,252,feasibility,truth,6.02202429127,1.44147233653,0.228166438043,0.105852766347,0.484110653864,6.71136259717,9.80852766347,0.636202560585,0.796982167353
8,split,6,252,projection,family,10.7358734235,3.10565152933,0.619501378856,0.0937677070533,0.641489862742,3.19630681839,9.04543478576,0.402740461448,0.493905453612
8,split,6,252,projection,occupancy_balanced,11.383366862,3.21229044596,0.45399983724,0.0594380696615,0.588734944661,5.56856282552,9.41599527995,0.529134114583,0.643900553385
8,split,6,252,projection,truth,13.287030064,4.37842935528,0.87037037037,0.105852766347,0.484110653864,6.71136259717,9.80852766347,0.636202560585,0.796982167353
8,split,7,127,feasibility,family,5.95522547393,1.53650264315,0.280695273278,0.11223462513,0.631673411183,4.17303829212,9.22528364253,0.487715434186,0.50442279141
8,split,7,127,feasibility,occupancy_balanced,5.67201385498,1.31331380208,0.147786458333,0.0673828125,0.591913859049,6.24166870117,9.47734578451,0.559026082357,0.619354248047
8,split,7,127,feasibility,truth,6.1388339811,1.5752171925,0.274348422497,0.115683584819,0.479919219631,7.95107453132,9.93750952599,0.699245541838,0.785932022558
8,split,7,127,projection,family,11.7819280545,4.21800947937,1.04872621983,0.11223462513,0.631673411183,4.17303829212,9.22528364253,0.487715434186,0.50442279141
8,split,7,127,projection,occupancy_balanced,11.7896408742,3.72741699219,0.636637369792,0.0673828125,0.591913859049,6.24166870117,9.47734578451,0.559026082357,0.619354248047
8,split,7,127,projection,truth,14.2285189377,5.4357567444,1.24371284865,0.115683584819,0.479919219631,7.95107453132,9.93750952599,0.699245541838,0.785932022558
8,split,7,191,feasibility,family,5.93647807739,1.53631689391,0.280509524042,0.112048875894,0.63322571613,4.18270763295,9.22670891156,0.487529613966,0.504271124573
8,split,7,191,feasibility,occupancy_balanced,5.6663739268,1.3125406901,0.147013346354,0.0666097005208,0.590845743815,6.25349934896,9.48272705078,0.558252970378,0.618011474609
8,split,7,191,feasibility,truth,6.10931279531,1.57510288066,0.274234110654,0.115569272977,0.479500076208,7.98933089468,9.95176040238,0.699131229995,0.786503581771
8,split,7,191,projection,family,11.7362213733,4.21984199367,1.04854731546,0.112048875894,0.63322571613,4.18270763295,9.22670891156,0.487529613966,0.504271124573
8,split,7,191,projection,occupancy_balanced,11.7615889842,3.73377482096,0.635620117188,0.0666097005208,0.590845743815,6.25349934896,9.48272705078,0.558252970378,0.618011474609
8,split,7,191,projection,truth,14.1541225042,5.45214144185,1.24359853681,0.115569272977,0.479500076208,7.98933089468,9.95176040238,0.699131229995,0.786503581771
8,split,7,223,feasibility,family,6.0496515664,1.56237235218,0.301053588561,0.121522848275,0.628764009183,4.2041540032,9.25066817563,0.500080190391,0.534318258691
8,split,7,223,feasibility,occupancy_balanced,5.73960310364,1.33736165365,0.165649414062,0.0753784179688,0.592147827148,6.28494262695,9.5022277832,0.572219848633,0.649978637695
8,split,7,223,feasibility,truth,6.26751939491,1.63435451913,0.313366864807,0.13244932175,0.476299344612,8.05517451608,9.99333180918,0.720545648529,0.831390032007
8,split,7,223,projection,family,11.9717544649,4.29298668106,1.09132556385,0.121522848275,0.628764009183,4.2041540032,9.25066817563,0.500080190391,0.534318258691
8,split,7,223,projection,occupancy_balanced,12.0171094716,3.80439249674,0.680867513021,0.0753784179688,0.592147827148,6.28494262695,9.5022277832,0.572219848633,0.649978637695
8,split,7,223,projection,truth,14.5912851318,5.62505715592,1.35032769395,0.13244932175,0.476299344612,8.05517451608,9.99333180918,0.720545648529,0.831390032007
8,split,7,254,feasibility,family,6.02685286335,1.56264506998,0.301326306361,0.121795566075,0.629683750893,4.20351804032,9.24997814666,0.500352818967,0.535000296038
8,split,7,254,feasibility,occupancy_balanced,5.72254324849,1.33758544922,0.165873209635,0.0756022135417,0.592178344727,6.28531901042,9.50252278646,0.572443644206,0.650588989258
8,split,7,254,feasibility,truth,6.25388766956,1.63519280597,0.314205151654,0.133287608596,0.477404359092,8.05578417924,9.99348422497,0.721383935376,0.833600060966
8,split,7,254,projection,family,11.8964290251,4.29244450015,1.09169679085,0.121795566075,0.629683750893,4.20351804032,9.24997814666,0.500352818967,0.535000296038
8,split,7,254,projection,occupancy_balanced,11.8690126953,3.80473327637,0.681121826172,0.0756022135417,0.592178344727,6.28531901042,9.50252278646,0.572443644206,0.650588989258
8,split,7,254,projection,truth,14.4658125667,5.62555250724,1.35139460448,0.133287608596,0.477404359092,8.05578417924,9.99348422497,0.721383935376,0.833600060966
8,split,8,255,feasibility,family,6.60432179274,1.76458992776,0.394650370144,0.143760048755,0.613231854093,5.70701086963,9.46585780715,0.59991018017,0.572770467384
8,split,8,255,feasibility,occupancy_balanced,6.16161630249,1.44122314453,0.209940592448,0.0905558268229,0.589314778646,7.18587239583,9.60591634115,0.619598388672,0.670033772786
8,split,8,255,feasibility,truth,6.83258067876,1.82998018595,0.400370878423,0.155387898186,0.458923944521,9.86221612559,10.2150078748,0.813316059544,0.891810191536
8,split,8,255,projection,family,13.4914252502,5.79587484673,1.69141255374,0.143760048755,0.613231854093,5.70701086963,9.46585780715,0.59991018017,0.572770467384
8,split,8,255,projection,occupancy_balanced,12.6151535339,4.49655151367,0.940907796224,0.0905558268229,0.589314778646,7.18587239583,9.60591634115,0.619598388672,0.670033772786
8,split,8,255,projection,truth,16.1437744246,7.10199156633,1.91975308642,0.155387898186,0.458923944521,9.86221612559,10.2150078748,0.813316059544,0.891810191536
16,same,0,0,feasibility,family,7.17845874525,1,0,0,0.780464469014,1.45486289516,8.31360145231,0.0021871945259,0.00437438905181
16,same,0,0,feasibility,occupancy_balanced,7.19811067708,1,0,0,0.694661458333,1.85286458333,8.49869791667,0.005859375,0.01171875
16,same,0,0,feasibility,truth,7.19811067708,1,0,0,0.694661458333,1.85286458333,8.49869791667,0.005859375,0.01171875
16,same,0,0,projection,family,12.3251759915,1.31360145231,0,0,0.780464469014,1.45486289516,8.31360145231,0.0021871945259,0.00437438905181
16,same,0,0,projection,occupancy_balanced,12.8933170573,1.49869791667,0,0,0.694661458333,1.85286458333,8.49869791667,0.005859375,0.01171875
16,same,0,0,projection,truth,12.8933170573,1.49869791667,0,0,0.694661458333,1.85286458333,8.49869791667,0.005859375,0.01171875
16,same,4,15,feasibility,family,8.36643326148,1.00088370449,0.000883704489219,0.000883704489219,0.802532223642,1.2944875438,8.24508194431,0.00655850834235,0.0131170166847
16,same,4,15,feasibility,occupancy_balanced,8.15592541504,1.00203450521,0.00203450520833,0.00203450520833,0.769124348958,1.38696289062,8.30688476562,0.0111490885417,0.0222981770833
16,same,4,15,feasibility,truth,8.43674807099,1.00257201646,0.00257201646091,0.00257201646091,0.695216049383,1.58564814815,8.43351337449,0.0195473251029,0.0390946502058
16,same,4,15,projection,family,13.6576241094,1.2426537553,0.000883704489219,0.000883704489219,0.802532223642,1.2944875438,8.24508194431,0.00655850834235,0.0131170166847
16,same,4,15,projection,occupancy_balanced,13.6666801758,1.30297851562,0.00203450520833,0.00203450520833,0.769124348958,1.38696289062,8.30688476562,0.0111490885417,0.0222981770833
16,same,4,15,projection,truth,14.5807427984,1.42386831276,0.00257201646091,0.00257201646091,0.695216049383,1.58564814815,8.43351337449,0.0195473251029,0.0390946502058
16,same,4,60,feasibility,family,8.22369168892,1.00135975136,0.00135975135975,0.0011655011655,0.793575231537,1.3366717202,8.27500564856,0.00372007447479,0.00860565011508
16,same,4,60,feasibility,occupancy_balanced,8.16489994303,1.00537109375,0.00537109375,0.00439453125,0.744954427083,1.55338541667,8.39119466146,0.00895182291667,0.0222981770833
16,same,4,60,feasibility,truth,8.43627391975,1.00900205761,0.00900205761317,0.00797325102881,0.66679526749,1.75797325103,8.52906378601,0.0165895061728,0.0411522633745
16,same,4,60,projection,family,13.637116327,1.27569102189,0.001554001554,0.0011655011655,0.793575231537,1.3366717202,8.27500564856,0.00372007447479,0.00860565011508
16,same,4,60,projection,occupancy_balanced,14.0850848389,1.39363606771,0.00634765625,0.00439453125,0.744954427083,1.55338541667,8.39119466146,0.00895182291667,0.0222981770833
16,same,4,60,projection,truth,15.2399718364,1.53189300412,0.0100308641975,0.00797325102881,0.66679526749,1.75797325103,8.52906378601,0.0165895061728,0.0411522633745
16,same,4,90,feasibility,family,8.21053236639,1.00034614053,0.000346140533056,0.000346140533056,0.809275475389,1.30655815282,8.25326976639,0.00486504607485,0.0097300921497
16,same,4,90,feasibility,occupancy_balanced,8.17533508301,1.00048828125,0.00048828125,0.00048828125,0.733235677083,1.53792317708,8.39876302083,0.0126953125,0.025390625
16,same,4,90,feasibility,truth,8.32887345679,1.00102880658,0.00102880658436,0.00102880658436,0.68878600823,1.66769547325,8.48894032922,0.019804526749,0.0396090534979
16,same,4,90,projection,family,13.5135542695,1.25135645416,0.000346140533056,0.000346140533056,0.809275475389,1.30655815282,8.25326976639,0.00486504607485,0.0097300921497
16,same,4,90,projection,occupancy_balanced,14.114588501,1.39322916667,0.00048828125,0.00048828125,0.733235677083,1.53792317708,8.39876302083,0.0126953125,0.025390625
16,same,4,90,projection,truth,14.9159367284,1.47736625514,0.00102880658436,0.00102880658436,0.68878600823,1.66769547325,8.48894032922,0.019804526749,0.0396090534979
16,same,4,240,feasibility,family,7.80175922932,1.00048169557,0.000481695568401,0.000481695568401,0.818839214427,1.28962228884,8.23608229031,0.00258859728268,0.00565889013375
16,same,4,240,feasibility,occupancy_balanced,7.93057275391,1.00162760417,0.00162760416667,0.00162760416667,0.733194986979,1.6122639974,8.41479492188,0.00618489583333,0.0139973958333
16,same,4,240,feasibility,truth,7.93082355967,1.0033436214,0.00334362139918,0.00334362139918,0.707047325103,1.62088477366,8.44675925926,0.011316872428,0.0259773662551
16,same,4,240,projection,family,12.9487920875,1.23656398587,0.000481695568401,0.000481695568401,0.818839214427,1.28962228884,8.23608229031,0.00258859728268,0.00565889013375
16,same,4,240,projection,occupancy_balanced,13.693940918,1.41642252604,0.00162760416667,0.00162760416667,0.733194986979,1.6122639974,8.41479492188,0.00618489583333,0.0139973958333
16,same,4,240,projection,truth,14.1618447788,1.45010288066,0.00334362139918,0.00334362139918,0.707047325103,1.62088477366,8.44675925926,0.011316872428,0.0259773662551
16,same,8,255,feasibility,family,9.09456172016,1.00204951631,0.00204951631415,0.00196753566158,0.718985904425,1.55113335992,8.41811969316,0.0185116209706,0.0373431503179
16,same,8,255,feasibility,occupancy_balanced,8.82869259898,1.00229899089,0.00229899088542,0.00217692057292,0.697255452474,1.70439656576,8.48526000977,0.021006266276,0.0425211588542
16,same,8,255,feasibility,truth,9.35090750902,1.00871310268,0.00871310267744,0.00830666057004,0.572168876696,2.21013056953,8.78616064624,0.0545902555505,0.112203424275
16,same,8,255,projection,family,15.166247294,1.41424545797,0.00229545827185,0.00196753566158,0.718985904425,1.55113335992,8.41811969316,0.0185116209706,0.0373431503179
16,same,8,255,projection,occupancy_balanced,14.9772848333,1.48126220703,0.00270589192708,0.00217692057292,0.697255452474,1.70439656576,8.48526000977,0.021006266276,0.0425211588542
16,same,8,255,projection,truth,17.6319743687,1.76909007773,0.010338871107,0.00830666057004,0.572168876696,2.21013056953,8.78616064624,0.0545902555505,0.112203424275
16,split,0,0,feasibility,family,7.19525523742,1,0,0,0.780464469014,1.45486289516,8.31360145231,0.0021871945259,0.00437438905181
16,split,0,0,feasibility,occupancy_balanced,7.21661328125,1,0,0,0.694661458333,1.85286458333,8.49869791667,0.005859375,0.01171875
16,split,0,0,feasibility,truth,7.21661328125,1,0,0,0.694661458333,1.85286458333,8.49869791667,0.005859375,0.01171875
16,split,0,0,projection,family,12.3643445536,1.31360145231,0,0,0.780464469014,1.45486289516,8.31360145231,0.0021871945259,0.00437438905181
16,split,0,0,projection,occupancy_balanced,12.9792441406,1.49869791667,0,0,0.694661458333,1.85286458333,8.49869791667,0.005859375,0.01171875
16,split,0,0,projection,truth,12.9792441406,1.49869791667,0,0,0.694661458333,1.85286458333,8.49869791667,0.005859375,0.01171875
16,split,4,15,feasibility,family,7.84726769199,1,0,0,0.814295130429,1.26979331548,8.22281590501,0.000800291640981,0.00160058328196
16,split,4,15,feasibility,occupancy_balanced,7.69975419108,1,0,0,0.791381835938,1.34094238281,8.26477050781,0.000813802083333,0.00162760416667
16,split,4,15,feasibility,truth,7.8422662037,1,0,0,0.721836419753,1.51568930041,8.37319958848,0.00192901234568,0.00385802469136
16,split,4,15,projection,family,12.9378755571,1.22281590501,0,0,0.814295130429,1.26979331548,8.22281590501,0.000800291640981,0.00160058328196
16,split,4,15,projection,occupancy_balanced,12.8225778809,1.26477050781,0,0,0.791381835938,1.34094238281,8.26477050781,0.000813802083333,0.00162760416667
16,split,4,15,projection,truth,13.3862537294,1.37319958848,0,0,0.721836419753,1.51568930041,8.37319958848,0.00192901234568,0.00385802469136
16,split,4,60,feasibility,family,7.97548189015,1,0,0,0.813955024659,1.29123991434,8.24303574767,0.000819731954359,0.00163946390872
16,split,4,60,feasibility,occupancy_balanced,7.91459883626,1,0,0,0.773071289062,1.45259602865,8.33264160156,0.00113932291667,0.00227864583333
16,split,4,60,feasibility,truth,8.00510288066,1,0,0,0.708976337449,1.57818930041,8.43209876543,0.00231481481481,0.00462962962963
16,split,4,60,projection,family,13.2310220009,1.24303574767,0,0,0.813955024659,1.29123991434,8.24303574767,0.000819731954359,0.00163946390872
16,split,4,60,projection,occupancy_balanced,13.371886027,1.33264160156,0,0,0.773071289062,1.45259602865,8.33264160156,0.00113932291667,0.00227864583333
16,split,4,60,projection,truth,13.9460884774,1.43209876543,0,0,0.708976337449,1.57818930041,8.43209876543,0.00231481481481,0.00462962962963
16,split,4,90,feasibility,family,7.68380955336,1,0,0,0.826811666359,1.2717717002,8.2242777608,0.000616930264143,0.00123386052829
16,split,4,90,feasibility,occupancy_balanced,7.67649430339,1,0,0,0.759399414062,1.46614583333,8.34488932292,0.0010986328125,0.002197265625
16,split,4,90,feasibility,truth,7.70602829218,1,0,0,0.728395061728,1.54475308642,8.40072016461,0.00180041152263,0.00360082304527
16,split,4,90,projection,family,12.7381055382,1.2242777608,0,0,0.826811666359,1.2717717002,8.2242777608,0.000616930264143,0.00123386052829
16,split,4,90,projection,occupancy_balanced,13.0818389893,1.34488932292,0,0,0.759399414062,1.46614583333,8.34488932292,0.0010986328125,0.002197265625
16,split,4,90,projection,truth,13.3864849537,1.40072016461,0,0,0.728395061728,1.54475308642,8.40072016461,0.00180041152263,0.00360082304527
16,split,4,240,feasibility,family,7.59901858366,1,0,0,0.838472422577,1.25675713369,8.20855296702,0.000575233628019,0.00115046725604
16,split,4,240,feasibility,occupancy_balanced,7.68192740885,1,0,0,0.75732421875,1.55883789062,8.37390136719,0.000895182291667,0.00179036458333
16,split,4,240,feasibility,truth,7.64128510802,1,0,0,0.748971193416,1.51903292181,8.37294238683,0.00180041152263,0.00360082304527
16,split,4,240,projection,family,12.4759046549,1.20855296702,0,0,0.838472422577,1.25675713369,8.20855296702,0.000575233628019,0.00115046725604
16,split,4,240,projection,occupancy_balanced,12.9962766113,1.37390136719,0,0,0.75732421875,1.55883789062,8.37390136719,0.000895182291667,0.00179036458333
16,split,4,240,projection,truth,13.0351552212,1.37294238683,0,0,0.748971193416,1.51903292181,8.37294238683,0.00180041152263,0.00360082304527
16,split,8,255,feasibility,family,8.44569329491,1,0,0,0.760926950572,1.45080538864,8.34390419504,0.00562892547917,0.0111813281545
16,split,8,255,feasibility,occupancy_balanced,8.31970119222,1,0,0,0.735120137533,1.60158284505,8.41208902995,0.00690205891927,0.013676961263
16,split,8,255,feasibility,truth,8.47439201341,1,0,0,0.65277142712,1.86948127826,8.580907382,0.013971447442,0.0274856475131
16,split,8,255,projection,family,13.8217340023,1.34291498431,0,0,0.760926950572,1.45080538864,8.34390419504,0.00562892547917,0.0111813281545
16,split,8,255,projection,occupancy_balanced,13.8282895203,1.41078440348,0,0,0.735120137533,1.60158284505,8.41208902995,0.00690205891927,0.013676961263
16,split,8,255,projection,truth,14.6712864401,1.57704618198,0,0,0.65277142712,1.86948127826,8.580907382,0.013971447442,0.0274856475131
