resolution,palette,k,mode,operation,weighting,families,strata,mean_us,median_us,p95_us,max_us,mean_trial_us,max_raw_us,mean_nodes,mean_branches,mean_factor_updates,mean_fixed_calls,mean_decompositions,mean_component_solves,mean_fixed_checks,mean_fixed_rejections,mean_literal_queries,p95_nodes,max_nodes,p95_branches,max_branches,search_fraction,fixed_fraction,decomposition_fraction,identified_fraction,unique_fraction,mean_family_size,mean_free_cells,mean_gac_gap,mean_shape_variables,max_component,mean_component,mean_root_components,mean_supported_literals
8,split,0,search,feasibility,occupancy_balanced,886,6,16.7290957031,6.149,20.141,331.071,18.4586078559,779.41,1.79752604167,0.797526041667,49.8587239583,0,0,0,0,0,0,5,5,4,4,0.386067708333,0,0,0.720865885417,0.455078125,11.20703125,0.1640625,0,0,8,1.2734375,0.751953125,10.2330729167
8,split,0,search,projection,occupancy_balanced,886,6,15.1571458333,11.077,37.677,72.76,22.5992792969,905.73,4.53125,2.37825520833,119.744791667,0,0,0,0,0,1.15299479167,21,21,16,16,0.386067708333,0,0,0.720865885417,0.455078125,11.20703125,0.1640625,0,0,8,1.2734375,0.751953125,10.2330729167
8,split,0,decomposition,feasibility,occupancy_balanced,886,6,6.3185,5.498,11.327,64.888,6.98785546875,147.063,2.353515625,0.797526041667,46.0305989583,0,0.190104166667,0.555989583333,0,0,0,9,9,4,4,0.386067708333,0,0.190104166667,0.720865885417,0.455078125,11.20703125,0.1640625,0,0,8,1.2734375,0.751953125,10.2330729167
8,split,0,decomposition,projection,occupancy_balanced,886,6,14.4078730469,11.117,36.114,69.115,17.1740720486,6253.515,6.26953125,2.37825520833,107.44921875,0,0.67578125,1.73828125,0,0,1.15299479167,37,37,16,16,0.386067708333,0,0.190104166667,0.720865885417,0.455078125,11.20703125,0.1640625,0,0,8,1.2734375,0.751953125,10.2330729167
8,split,0,fixed_hit,feasibility,occupancy_balanced,886,6,4.81331705729,4.537,8.473,10.386,5.12618467882,236.538,1,0,36.7936197917,0.386067708333,0,0,0.386067708333,0,0,1,1,0,0,0,0.386067708333,0,0.720865885417,0.455078125,11.20703125,0.1640625,0,0,8,1.2734375,0.751953125,10.2330729167
8,split,0,fixed_hit,projection,occupancy_balanced,886,6,13.5910403646,10.476,29.936,77.097,18.0723736979,1577.202,3.06901041667,0,103.432291667,1.990234375,0,0,1.990234375,0,2.06901041667,9,9,0,0,0,0.386067708333,0,0.720865885417,0.455078125,11.20703125,0.1640625,0,0,8,1.2734375,0.751953125,10.2330729167
8,split,0,both,feasibility,occupancy_balanced,886,6,4.81329882812,4.577,8.373,9.565,5.46025499132,102.205,1,0,36.7936197917,0.386067708333,0,0,0.386067708333,0,0,1,1,0,0,0,0.386067708333,0,0.720865885417,0.455078125,11.20703125,0.1640625,0,0,8,1.2734375,0.751953125,10.2330729167
8,split,0,both,projection,occupancy_balanced,886,6,13.5304427083,10.445,28.793,76.185,16.7921705729,977.861,3.06901041667,0,103.432291667,1.990234375,0,0,1.990234375,0,2.06901041667,9,9,0,0,0,0.386067708333,0,0.720865885417,0.455078125,11.20703125,0.1640625,0,0,8,1.2734375,0.751953125,10.2330729167
8,same,0,search,feasibility,occupancy_balanced,886,6,6.33809570312,5.909,11.748,34.452,8.96280099826,987.214,1.79752604167,0.797526041667,49.8587239583,0,0,0,0,0,0,5,5,4,4,0.386067708333,0,0,0.720865885417,0.455078125,11.20703125,0.1640625,0,0,8,1.2734375,0.751953125,10.2330729167
8,same,0,search,projection,occupancy_balanced,886,6,14.5671503906,11.087,34.292,65.48,15.5724663628,294.737,4.53125,2.37825520833,119.744791667,0,0,0,0,0,1.15299479167,21,21,16,16,0.386067708333,0,0,0.720865885417,0.455078125,11.20703125,0.1640625,0,0,8,1.2734375,0.751953125,10.2330729167
8,same,0,decomposition,feasibility,occupancy_balanced,886,6,6.26212044271,5.398,11.518,28.002,7.27105729167,654.491,2.353515625,0.797526041667,46.0305989583,0,0.190104166667,0.555989583333,0,0,0,9,9,4,4,0.386067708333,0,0.190104166667,0.720865885417,0.455078125,11.20703125,0.1640625,0,0,8,1.2734375,0.751953125,10.2330729167
8,same,0,decomposition,projection,occupancy_balanced,886,6,14.075735026,11.067,33.35,66.25,16.5004144965,2395.856,6.26953125,2.37825520833,107.44921875,0,0.67578125,1.73828125,0,0,1.15299479167,37,37,16,16,0.386067708333,0,0.190104166667,0.720865885417,0.455078125,11.20703125,0.1640625,0,0,8,1.2734375,0.751953125,10.2330729167
8,same,0,fixed_hit,feasibility,occupancy_balanced,886,6,4.7531328125,4.507,8.423,10.436,5.44468359375,623.484,1,0,36.7936197917,0.386067708333,0,0,0.386067708333,0,0,1,1,0,0,0,0.386067708333,0,0.720865885417,0.455078125,11.20703125,0.1640625,0,0,8,1.2734375,0.751953125,10.2330729167
8,same,0,fixed_hit,projection,occupancy_balanced,886,6,13.3971764323,10.026,27.852,90.437,14.9996510417,645.306,3.06901041667,0,103.432291667,1.990234375,0,0,1.990234375,0,2.06901041667,9,9,0,0,0,0.386067708333,0,0.720865885417,0.455078125,11.20703125,0.1640625,0,0,8,1.2734375,0.751953125,10.2330729167
8,same,0,both,feasibility,occupancy_balanced,886,6,4.77182877604,4.557,8.372,9.795,5.93846419271,1776.559,1,0,36.7936197917,0.386067708333,0,0,0.386067708333,0,0,1,1,0,0,0,0.386067708333,0,0.720865885417,0.455078125,11.20703125,0.1640625,0,0,8,1.2734375,0.751953125,10.2330729167
8,same,0,both,projection,occupancy_balanced,886,6,13.9695332031,10.296,43.256,119.271,16.7170091146,2078.145,3.06901041667,0,103.432291667,1.990234375,0,0,1.990234375,0,2.06901041667,9,9,0,0,0,0.386067708333,0,0.720865885417,0.455078125,11.20703125,0.1640625,0,0,8,1.2734375,0.751953125,10.2330729167
16,split,0,search,feasibility,occupancy_balanced,1241,6,7.27116796875,5.247,17.075,37.557,8.25981271701,528.58,1.005859375,0.005859375,65.46484375,0,0,0,0,0,0,1,2,0,1,0.005859375,0,0,0.937662760417,0.694661458333,1.85286458333,0.486979166667,0,0,2,0.01171875,0.005859375,8.49869791667
16,split,0,search,projection,occupancy_balanced,1241,6,12.9081386719,10.456,27.651,77.898,14.074265625,305.242,1.49869791667,0.005859375,127.202473958,0,0,0,0,0,0.492838541667,4,5,0,1,0.005859375,0,0,0.937662760417,0.694661458333,1.85286458333,0.486979166667,0,0,2,0.01171875,0.005859375,8.49869791667
16,split,0,decomposition,feasibility,occupancy_balanced,1241,6,7.28263085937,5.338,17.126,35.935,8.0714390191,320.165,1.005859375,0.005859375,65.46484375,0,0,0,0,0,0,1,2,0,1,0.005859375,0,0,0.937662760417,0.694661458333,1.85286458333,0.486979166667,0,0,2,0.01171875,0.005859375,8.49869791667
16,split,0,decomposition,projection,occupancy_balanced,1241,6,12.9674876302,10.556,27.682,81.253,14.7944761285,817.457,1.49869791667,0.005859375,127.202473958,0,0,0,0,0,0.492838541667,4,5,0,1,0.005859375,0,0,0.937662760417,0.694661458333,1.85286458333,0.486979166667,0,0,2,0.01171875,0.005859375,8.49869791667
16,split,0,fixed_hit,feasibility,occupancy_balanced,1241,6,7.28113671875,5.228,17.095,61.894,8.08911197917,886.231,1,0,64.95703125,0.005859375,0,0,0.005859375,0,0,1,1,0,0,0,0.005859375,0,0.937662760417,0.694661458333,1.85286458333,0.486979166667,0,0,2,0.01171875,0.005859375,8.49869791667
16,split,0,fixed_hit,projection,occupancy_balanced,1241,6,12.9303528646,10.546,27.601,94.373,14.1174450955,277.781,1.49869791667,0,127.266927083,0.005859375,0,0,0.005859375,0,0.498697916667,4,5,0,0,0,0.005859375,0,0.937662760417,0.694661458333,1.85286458333,0.486979166667,0,0,2,0.01171875,0.005859375,8.49869791667
16,split,0,both,feasibility,occupancy_balanced,1241,6,7.21661328125,6.069,17.136,22.114,7.88637456597,199.992,1,0,64.95703125,0.005859375,0,0,0.005859375,0,0,1,1,0,0,0,0.005859375,0,0.937662760417,0.694661458333,1.85286458333,0.486979166667,0,0,2,0.01171875,0.005859375,8.49869791667
16,split,0,both,projection,occupancy_balanced,1241,6,12.9792441406,10.546,27.652,92.039,14.7818958333,1094.617,1.49869791667,0,127.266927083,0.005859375,0,0,0.005859375,0,0.498697916667,4,5,0,0,0,0.005859375,0,0.937662760417,0.694661458333,1.85286458333,0.486979166667,0,0,2,0.01171875,0.005859375,8.49869791667
16,same,0,search,feasibility,occupancy_balanced,1241,6,7.27720117187,5.909,17.336,41.272,8.77901671007,1077.852,1.005859375,0.005859375,65.46484375,0,0,0,0,0,0,1,2,0,1,0.005859375,0,0,0.937662760417,0.694661458333,1.85286458333,0.486979166667,0,0,2,0.01171875,0.005859375,8.49869791667
16,same,0,search,projection,occupancy_balanced,1241,6,12.8400976562,10.246,28.212,59.23,14.7112519531,1807.696,1.49869791667,0.005859375,127.202473958,0,0,0,0,0,0.492838541667,4,5,0,1,0.005859375,0,0,0.937662760417,0.694661458333,1.85286458333,0.486979166667,0,0,2,0.01171875,0.005859375,8.49869791667
16,same,0,decomposition,feasibility,occupancy_balanced,1241,6,7.25296484375,5.969,17.376,33.521,9.06792751736,2720.408,1.005859375,0.005859375,65.46484375,0,0,0,0,0,0,1,2,0,1,0.005859375,0,0,0.937662760417,0.694661458333,1.85286458333,0.486979166667,0,0,2,0.01171875,0.005859375,8.49869791667
16,same,0,decomposition,projection,occupancy_balanced,1241,6,12.8588873698,10.215,28.192,60.091,15.3357248264,998.141,1.49869791667,0.005859375,127.202473958,0,0,0,0,0,0.492838541667,4,5,0,1,0.005859375,0,0,0.937662760417,0.694661458333,1.85286458333,0.486979166667,0,0,2,0.01171875,0.005859375,8.49869791667
16,same,0,fixed_hit,feasibility,occupancy_balanced,1241,6,7.22107877604,5.959,17.256,36.986,8.1183062066,1268.42,1,0,64.95703125,0.005859375,0,0,0.005859375,0,0,1,1,0,0,0,0.005859375,0,0.937662760417,0.694661458333,1.85286458333,0.486979166667,0,0,2,0.01171875,0.005859375,8.49869791667
16,same,0,fixed_hit,projection,occupancy_balanced,1241,6,12.9739199219,10.285,28.263,139.942,14.2696134983,549.862,1.49869791667,0,127.266927083,0.005859375,0,0,0.005859375,0,0.498697916667,4,5,0,0,0,0.005859375,0,0.937662760417,0.694661458333,1.85286458333,0.486979166667,0,0,2,0.01171875,0.005859375,8.49869791667
16,same,0,both,feasibility,occupancy_balanced,1241,6,7.19811067708,5.949,17.236,24.076,8.28193055556,1089.389,1,0,64.95703125,0.005859375,0,0,0.005859375,0,0,1,1,0,0,0,0.005859375,0,0.937662760417,0.694661458333,1.85286458333,0.486979166667,0,0,2,0.01171875,0.005859375,8.49869791667
16,same,0,both,projection,occupancy_balanced,1241,6,12.8933170573,10.186,28.382,62.044,14.9108951823,1628.675,1.49869791667,0,127.266927083,0.005859375,0,0,0.005859375,0,0.498697916667,4,5,0,0,0,0.005859375,0,0.937662760417,0.694661458333,1.85286458333,0.486979166667,0,0,2,0.01171875,0.005859375,8.49869791667
8,same,1,search,feasibility,occupancy_balanced,5308,24,6.29793888346,5.719,11.197,51.588,7.69725683594,2091.936,1.71150716146,0.711507161458,48.8576660156,0,0,0,0,0,0,4,5,3,4,0.362548828125,0,0,0.750427246094,0.471598307292,9.03238932292,0.176432291667,0,0,8,1.12548828125,0.682861328125,9.99658203125
8,same,1,search,projection,occupancy_balanced,5308,24,13.7616790365,10.886,36.405,73.341,18.10912736,3020.972,4.05403645833,1.99877929688,111.712076823,0,0,0,0,0,1.05525716146,13,21,9,16,0.362548828125,0,0,0.750427246094,0.471598307292,9.03238932292,0.176432291667,0,0,8,1.12548828125,0.682861328125,9.99658203125
8,same,1,decomposition,feasibility,occupancy_balanced,5308,24,6.16085555013,5.558,11.457,65.519,7.41412120226,2346.722,2.21150716146,0.711507161458,45.3781738281,0,0.1796875,0.5,0,0,0,7,9,3,4,0.362548828125,0,0.1796875,0.750427246094,0.471598307292,9.03238932292,0.176432291667,0,0,8,1.12548828125,0.682861328125,9.99658203125
8,same,1,decomposition,projection,occupancy_balanced,5308,24,13.3238588053,10.746,35.694,88.584,16.0571024577,3087.013,5.49348958333,1.99877929688,101.478678385,0,0.5791015625,1.439453125,0,0,1.05525716146,22,37,9,16,0.362548828125,0,0.1796875,0.750427246094,0.471598307292,9.03238932292,0.176432291667,0,0,8,1.12548828125,0.682861328125,9.99658203125
8,same,1,fixed_hit,feasibility,occupancy_balanced,5308,24,4.92571687826,4.647,8.532,14.492,5.77711263021,2076.243,1,0,37.7082519531,0.362548828125,0,0,0.362548828125,0,0,1,1,0,0,0,0.362548828125,0,0.750427246094,0.471598307292,9.03238932292,0.176432291667,0,0,8,1.12548828125,0.682861328125,9.99658203125
8,same,1,fixed_hit,projection,occupancy_balanced,5308,24,12.5455206706,10.005,29.214,86.43,16.3271452365,2807.499,2.82373046875,0,97.9951985677,1.69539388021,0,0,1.69539388021,0,1.82373046875,9,9,0,0,0,0.362548828125,0,0.750427246094,0.471598307292,9.03238932292,0.176432291667,0,0,8,1.12548828125,0.682861328125,9.99658203125
8,same,1,both,feasibility,occupancy_balanced,5308,24,4.91569523112,4.647,8.462,16.335,5.77043937174,2061.63,1,0,37.7082519531,0.362548828125,0,0,0.362548828125,0,0,1,1,0,0,0,0.362548828125,0,0.750427246094,0.471598307292,9.03238932292,0.176432291667,0,0,8,1.12548828125,0.682861328125,9.99658203125
8,same,1,both,projection,occupancy_balanced,5308,24,12.4480945638,9.965,28.484,101.734,14.0579887695,1175.189,2.82373046875,0,97.9951985677,1.69539388021,0,0,1.69539388021,0,1.82373046875,9,9,0,0,0,0.362548828125,0,0.750427246094,0.471598307292,9.03238932292,0.176432291667,0,0,8,1.12548828125,0.682861328125,9.99658203125
8,split,1,search,feasibility,occupancy_balanced,5508,24,6.20358398437,5.609,10.676,53.431,6.81437508138,2274.312,1.69710286458,0.697102864583,48.4230957031,0,0,0,0,0,0,4,5,3,4,0.3515625,0,0,0.758219401042,0.49365234375,8.89420572917,0.161783854167,0,0,8,1.08984375,0.66845703125,9.93424479167
8,split,1,search,projection,occupancy_balanced,5508,24,13.3906079102,10.797,36.005,71.118,15.1353726942,1115.509,3.984375,1.96826171875,109.677490234,0,0,0,0,0,1.01611328125,13,21,9,16,0.3515625,0,0,0.758219401042,0.49365234375,8.89420572917,0.161783854167,0,0,8,1.08984375,0.66845703125,9.93424479167
8,split,1,decomposition,feasibility,occupancy_balanced,5508,24,6.11494254557,5.509,11.568,35.053,6.93420551215,988.826,2.19026692708,0.697102864583,45.0017089844,0,0.17626953125,0.4931640625,0,0,0,7,9,3,4,0.3515625,0,0.17626953125,0.758219401042,0.49365234375,8.89420572917,0.161783854167,0,0,8,1.08984375,0.66845703125,9.93424479167
8,split,1,decomposition,projection,occupancy_balanced,5508,24,13.0707240397,10.626,35.564,180.994,14.4421062283,939.412,5.41015625,1.96826171875,99.5773925781,0,0.572265625,1.42578125,0,0,1.01611328125,22,37,9,16,0.3515625,0,0.17626953125,0.758219401042,0.49365234375,8.89420572917,0.161783854167,0,0,8,1.08984375,0.66845703125,9.93424479167
8,split,1,fixed_hit,feasibility,occupancy_balanced,5508,24,4.91943416341,4.657,8.372,157.478,5.52492385525,3469.381,1,0,37.6405436198,0.3515625,0,0,0.3515625,0,0,1,1,0,0,0,0.3515625,0,0.758219401042,0.49365234375,8.89420572917,0.161783854167,0,0,8,1.08984375,0.66845703125,9.93424479167
8,split,1,fixed_hit,projection,occupancy_balanced,5508,24,12.2760771484,9.875,28.253,89.465,13.5532966851,1854.517,2.76318359375,0,96.2012532552,1.65787760417,0,0,1.65787760417,0,1.76318359375,9,9,0,0,0,0.3515625,0,0.758219401042,0.49365234375,8.89420572917,0.161783854167,0,0,8,1.08984375,0.66845703125,9.93424479167
8,split,1,both,feasibility,occupancy_balanced,5508,24,4.89257014974,4.647,8.383,26.27,5.56937448459,1032.082,1,0,37.6405436198,0.3515625,0,0,0.3515625,0,0,1,1,0,0,0,0.3515625,0,0.758219401042,0.49365234375,8.89420572917,0.161783854167,0,0,8,1.08984375,0.66845703125,9.93424479167
8,split,1,both,projection,occupancy_balanced,5508,24,12.2641522624,9.855,28.644,264.841,13.5671855197,1191.363,2.76318359375,0,96.2012532552,1.65787760417,0,0,1.65787760417,0,1.76318359375,9,9,0,0,0,0.3515625,0,0.758219401042,0.49365234375,8.89420572917,0.161783854167,0,0,8,1.08984375,0.66845703125,9.93424479167
8,same,2,search,feasibility,occupancy_balanced,7812,24,6.18989693197,5.598,9.825,24.647,7.01930933974,2104.125,1.6387125651,0.638712565104,48.3844807943,0,0,0,0,0,0,4,5,3,4,0.345255533854,0,0,0.775543212891,0.473307291667,7.37976074219,0.17333984375,0,0.00764973958333,8,0.997192382813,0.621785481771,9.81990559896
8,same,2,search,projection,occupancy_balanced,7812,24,12.9456356201,10.917,33.891,96.816,14.94814308,2927.07,3.6748453776,1.67338053385,106.549072266,0,0,0,0,0,1.00146484375,13,21,9,16,0.345255533854,0,0,0.775543212891,0.473307291667,7.37976074219,0.17333984375,0,0.00764973958333,8,0.997192382813,0.621785481771,9.81990559896
8,same,2,decomposition,feasibility,occupancy_balanced,7812,24,6.06012837728,5.608,9.794,20.38,7.02737080892,6977.962,2.08142089844,0.638712565104,45.2738037109,0,0.166666666667,0.442708333333,0,0,0,7,9,3,4,0.345255533854,0,0.166666666667,0.775543212891,0.473307291667,7.37976074219,0.17333984375,0,0.00764973958333,8,0.997192382813,0.621785481771,9.81990559896
8,same,2,decomposition,projection,occupancy_balanced,7812,24,12.8735515951,10.737,28.814,103.747,14.6729725477,3324.963,4.84411621094,1.67338053385,98.2030436198,0,0.483072916667,1.16927083333,0,0,1.00146484375,22,37,9,16,0.345255533854,0,0.166666666667,0.775543212891,0.473307291667,7.37976074219,0.17333984375,0,0.00764973958333,8,0.997192382813,0.621785481771,9.81990559896
8,same,2,fixed_hit,feasibility,occupancy_balanced,7812,24,5.06892911784,4.727,8.773,29.024,5.97380406359,5539.384,1.0068359375,0.0068359375,38.9028320313,0.338419596354,0,0,0.345255533854,0.0068359375,0,1,2,0,1,0.0068359375,0.338419596354,0,0.775543212891,0.473307291667,7.37976074219,0.17333984375,0,0.00764973958333,8,0.997192382813,0.621785481771,9.81990559896
8,same,2,fixed_hit,projection,occupancy_balanced,7812,24,11.9868483073,10.075,21.923,134.223,13.3034312473,2083.283,2.66182454427,0.00748697916667,95.3826090495,1.4434000651,0,0,1.45088704427,0.00748697916667,1.6543375651,9,9,0,2,0.0068359375,0.338419596354,0,0.775543212891,0.473307291667,7.37976074219,0.17333984375,0,0.00764973958333,8,0.997192382813,0.621785481771,9.81990559896
8,same,2,both,feasibility,occupancy_balanced,7812,24,5.07368318685,4.717,8.813,34.392,5.7289230957,2088.591,1.0068359375,0.0068359375,38.9028320313,0.338419596354,0,0,0.345255533854,0.0068359375,0,1,2,0,1,0.0068359375,0.338419596354,0,0.775543212891,0.473307291667,7.37976074219,0.17333984375,0,0.00764973958333,8,0.997192382813,0.621785481771,9.81990559896
8,same,2,both,projection,occupancy_balanced,7812,24,12.0355451253,10.025,21.693,164.088,14.0022702094,2087.929,2.66182454427,0.00748697916667,95.3826090495,1.4434000651,0,0,1.45088704427,0.00748697916667,1.6543375651,9,9,0,2,0.0068359375,0.338419596354,0,0.775543212891,0.473307291667,7.37976074219,0.17333984375,0,0.00764973958333,8,0.997192382813,0.621785481771,9.81990559896
8,split,2,search,feasibility,occupancy_balanced,8519,24,6.02608256022,5.408,9.234,37.847,6.76334084744,2523.59,1.6064046224,0.606404622396,47.3690592448,0,0,0,0,0,0,4,5,3,4,0.318440755208,0,0,0.792215983073,0.525716145833,7.09741210938,0.146484375,0,0.00146484375,8,0.921468098958,0.588989257812,9.67643229167
8,split,2,search,projection,occupancy_balanced,8519,24,12.3626072591,10.636,33.451,87.783,15.1098531087,1038.852,3.52425130208,1.61726888021,102.042195638,0,0,0,0,0,0.906982421875,13,21,9,16,0.318440755208,0,0,0.792215983073,0.525716145833,7.09741210938,0.146484375,0,0.00146484375,8,0.921468098958,0.588989257812,9.67643229167
8,split,2,decomposition,feasibility,occupancy_balanced,8519,24,5.91914119466,5.418,9.384,183.268,6.81252332899,6179.274,2.0381266276,0.606404622396,44.3572591146,0,0.161173502604,0.431722005208,0,0,0,7,9,3,4,0.318440755208,0,0.161173502604,0.792215983073,0.525716145833,7.09741210938,0.146484375,0,0.00146484375,8,0.921468098958,0.588989257812,9.67643229167
8,split,2,decomposition,projection,occupancy_balanced,8519,24,11.7687234701,10.406,27.412,357.982,12.5504804959,1215.92,4.67374674479,1.61726888021,93.8917236328,0,0.473185221354,1.14949544271,0,0,0.906982421875,22,37,9,16,0.318440755208,0,0.161173502604,0.792215983073,0.525716145833,7.09741210938,0.146484375,0,0.00146484375,8,0.921468098958,0.588989257812,9.67643229167
8,split,2,fixed_hit,feasibility,occupancy_balanced,8519,24,4.9859621582,4.647,8.393,50.096,5.47748421224,1229.932,1.00146484375,0.00146484375,38.5419921875,0.316975911458,0,0,0.318440755208,0.00146484375,0,1,2,0,1,0.00146484375,0.316975911458,0,0.792215983073,0.525716145833,7.09741210938,0.146484375,0,0.00146484375,8,0.921468098958,0.588989257812,9.67643229167
8,split,2,fixed_hit,projection,occupancy_balanced,8519,24,11.1615579834,9.744,21.943,75.475,12.122910102,362.839,2.52652994792,0.00146484375,91.1827799479,1.38435872396,0,0,1.38582356771,0.00146484375,1.52506510417,9,9,0,1,0.00146484375,0.316975911458,0,0.792215983073,0.525716145833,7.09741210938,0.146484375,0,0.00146484375,8,0.921468098958,0.588989257812,9.67643229167
8,split,2,both,feasibility,occupancy_balanced,8519,24,4.97863317871,4.657,8.373,71.488,5.32925543891,279.984,1.00146484375,0.00146484375,38.5419921875,0.316975911458,0,0,0.318440755208,0.00146484375,0,1,2,0,1,0.00146484375,0.316975911458,0,0.792215983073,0.525716145833,7.09741210938,0.146484375,0,0.00146484375,8,0.921468098958,0.588989257812,9.67643229167
8,split,2,both,projection,occupancy_balanced,8519,24,11.1045206299,9.735,20.581,76.005,12.0609922282,4071.632,2.52652994792,0.00146484375,91.1827799479,1.38435872396,0,0,1.38582356771,0.00146484375,1.52506510417,9,9,0,1,0.00146484375,0.316975911458,0,0.792215983073,0.525716145833,7.09741210938,0.146484375,0,0.00146484375,8,0.921468098958,0.588989257812,9.67643229167
8,same,3,search,feasibility,occupancy_balanced,11568,24,6.21713968913,5.688,10.116,30.336,6.83613115777,1546.591,1.60400390625,0.60400390625,48.257425944,0,0,0,0,0,0,4,6,3,5,0.329182942708,0,0,0.789077758789,0.487650553385,6.67938232422,0.159383138021,0.0182291666667,0.0328369140625,8,0.917175292969,0.585367838542,9.72387695312
8,same,3,search,projection,occupancy_balanced,11568,24,12.5634292399,10.966,32.92,69.956,13.4405188192,788.914,3.55002848307,1.55444335938,104.714742025,0,0,0,0,0,0.995585123698,13,27,9,20,0.329182942708,0,0,0.789077758789,0.487650553385,6.67938232422,0.159383138021,0.0182291666667,0.0328369140625,8,0.917175292969,0.585367838542,9.72387695312
8,same,3,decomposition,feasibility,occupancy_balanced,11568,24,6.09017203776,5.659,9.734,31.347,6.60106376817,848.675,2.01611328125,0.60400390625,45.3303426107,0,0.1572265625,0.412109375,0,0,0,7,10,3,5,0.329182942708,0,0.1572265625,0.789077758789,0.487650553385,6.67938232422,0.159383138021,0.0182291666667,0.0328369140625,8,0.917175292969,0.585367838542,9.72387695312
8,same,3,decomposition,projection,occupancy_balanced,11568,24,12.198703776,10.747,27.882,67.562,14.5363074409,975.477,4.61350504557,1.55444335938,97.0373535156,0,0.44189453125,1.0634765625,0,0,0.995585123698,22,43,9,20,0.329182942708,0,0.1572265625,0.789077758789,0.487650553385,6.67938232422,0.159383138021,0.0182291666667,0.0328369140625,8,0.917175292969,0.585367838542,9.72387695312
8,same,3,fixed_hit,feasibility,occupancy_balanced,11568,24,5.2428236084,4.838,9.013,54.994,6.06725046115,868.675,1.02990722656,0.0299072265625,39.9377237956,0.318806966146,0,0,0.339599609375,0.0207926432292,0,1,3,0,2,0.0207926432292,0.318806966146,0,0.789077758789,0.487650553385,6.67938232422,0.159383138021,0.0182291666667,0.0328369140625,8,0.917175292969,0.585367838542,9.72387695312
8,same,3,fixed_hit,projection,occupancy_balanced,11568,24,11.7396907552,9.985,22.965,125.039,12.7065639174,2306.22,2.66479492188,0.0935872395833,94.7961629232,1.29420979818,0,0,1.35247802734,0.0582682291667,1.57120768229,7,24,0,14,0.0207926432292,0.318806966146,0,0.789077758789,0.487650553385,6.67938232422,0.159383138021,0.0182291666667,0.0328369140625,8,0.917175292969,0.585367838542,9.72387695312
8,same,3,both,feasibility,occupancy_balanced,11568,24,5.23190179443,4.838,9.053,51.569,5.71740216743,2058.946,1.04927571615,0.0299072265625,39.9009399414,0.325642903646,0.00699869791667,0.0193684895833,0.353434244792,0.0277913411458,0,1,7,0,2,0.0207926432292,0.318806966146,0.00699869791667,0.789077758789,0.487650553385,6.67938232422,0.159383138021,0.0182291666667,0.0328369140625,8,0.917175292969,0.585367838542,9.72387695312
8,same,3,both,projection,occupancy_balanced,11568,24,11.7043277995,9.985,22.304,128.465,12.5336388753,938.531,2.73592122396,0.0935872395833,94.6214396159,1.30983479818,0.0284830729167,0.0711263020833,1.39658610026,0.0867513020833,1.57120768229,7,46,0,14,0.0207926432292,0.318806966146,0.00699869791667,0.789077758789,0.487650553385,6.67938232422,0.159383138021,0.0182291666667,0.0328369140625,8,0.917175292969,0.585367838542,9.72387695312
8,split,3,search,feasibility,occupancy_balanced,13082,24,5.91176112874,5.428,9.304,98.179,6.97373826769,5110.816,1.55190022786,0.551900227865,46.5107828776,0,0,0,0,0,0,4,6,3,5,0.289469401042,0,0,0.81431833903,0.556213378906,6.15472412109,0.140502929687,0.0104166666667,0.0116373697917,8,0.797892252604,0.535868326823,9.4995320638
8,split,3,search,projection,occupancy_balanced,13082,24,11.4638148193,10.105,22.003,172.341,12.6324137641,2067.128,3.28106689453,1.44256591797,97.2797851562,0,0,0,0,0,0.838500976562,13,27,9,20,0.289469401042,0,0,0.81431833903,0.556213378906,6.15472412109,0.140502929687,0.0104166666667,0.0116373697917,8,0.797892252604,0.535868326823,9.4995320638
8,split,3,decomposition,feasibility,occupancy_balanced,13082,24,5.78662795003,5.388,8.683,39.951,6.70792687988,1687.665,1.94704182943,0.551900227865,43.728108724,0,0.148742675781,0.395141601562,0,0,0,7,10,3,5,0.289469401042,0,0.148742675781,0.81431833903,0.556213378906,6.15472412109,0.140502929687,0.0104166666667,0.0116373697917,8,0.797892252604,0.535868326823,9.4995320638
8,split,3,decomposition,projection,occupancy_balanced,13082,24,11.1601660156,10.115,21.844,168.595,12.2506482069,1961.539,4.30413818359,1.44256591797,89.9835611979,0,0.421691894531,1.02307128906,0,0,0.838500976562,22,43,9,20,0.289469401042,0,0.148742675781,0.81431833903,0.556213378906,6.15472412109,0.140502929687,0.0104166666667,0.0116373697917,8,0.797892252604,0.535868326823,9.4995320638
8,split,3,fixed_hit,feasibility,occupancy_balanced,13082,24,5.01045257568,4.678,8.132,23.896,5.53766469998,1681.405,1.01163736979,0.0116373697917,39.0531005859,0.2880859375,0,0,0.294514973958,0.00642903645833,0,1,3,0,2,0.00642903645833,0.2880859375,0,0.81431833903,0.556213378906,6.15472412109,0.140502929687,0.0104166666667,0.0116373697917,8,0.797892252604,0.535868326823,9.4995320638
8,split,3,fixed_hit,projection,occupancy_balanced,13082,24,10.6533358154,9.585,21.142,76.245,11.6761130846,3078.339,2.42248535156,0.0533040364583,87.9943440755,1.20241292318,0,0,1.22967529297,0.0272623697917,1.3691813151,7,24,0,14,0.00642903645833,0.2880859375,0,0.81431833903,0.556213378906,6.15472412109,0.140502929687,0.0104166666667,0.0116373697917,8,0.797892252604,0.535868326823,9.4995320638
8,split,3,both,feasibility,occupancy_balanced,13082,24,5.01955841064,4.677,8.103,56.035,5.51362331136,1150.08,1.02709960938,0.0116373697917,39.0231526693,0.29345703125,0.00504557291667,0.0154622395833,0.304931640625,0.011474609375,0,1,7,0,2,0.00642903645833,0.2880859375,0.00504557291667,0.81431833903,0.556213378906,6.15472412109,0.140502929687,0.0104166666667,0.0116373697917,8,0.797892252604,0.535868326823,9.4995320638
8,split,3,both,projection,occupancy_balanced,13082,24,10.7218208618,9.574,20.971,128.284,11.7180490316,2122.382,2.48384602865,0.0533040364583,87.8433024089,1.21657307943,0.0236002604167,0.0613606770833,1.26743570964,0.0508626302083,1.3691813151,7,46,0,14,0.00642903645833,0.2880859375,0.00504557291667,0.81431833903,0.556213378906,6.15472412109,0.140502929687,0.0104166666667,0.0116373697917,8,0.797892252604,0.535868326823,9.4995320638
8,same,4,search,feasibility,occupancy_balanced,17719,24,6.16109899902,5.709,9.925,60.331,6.67183417087,2255.464,1.50309244792,0.503092447917,47.5748799642,0,0,0,0,0,0,4,5,3,4,0.303334554036,0,0,0.820844014486,0.504913330078,5.16375732422,0.125508626302,0.000813802083333,0.0222371419271,8,0.792643229167,0.497131347656,9.50852457682
8,same,4,search,projection,occupancy_balanced,17719,24,11.8183961385,10.386,23.926,74.613,12.7439510769,938.611,3.05830891927,1.15826416016,99.6649475098,0,0,0,0,0,0.900044759115,13,21,9,16,0.303334554036,0,0,0.820844014486,0.504913330078,5.16375732422,0.125508626302,0.000813802083333,0.0222371419271,8,0.792643229167,0.497131347656,9.50852457682
8,same,4,decomposition,feasibility,occupancy_balanced,17719,24,6.08142253621,5.668,9.955,23.546,6.6920929362,2138.036,1.82493082682,0.503092447917,45.2895202637,0,0.129669189453,0.321838378906,0,0,0,7,9,3,4,0.303334554036,0,0.129669189453,0.820844014486,0.504913330078,5.16375732422,0.125508626302,0.000813802083333,0.0222371419271,8,0.792643229167,0.497131347656,9.50852457682
8,same,4,decomposition,projection,occupancy_balanced,17719,24,11.6318090922,10.356,23.485,90.186,12.5013708293,1532.329,3.79042561849,1.15826416016,94.4181009928,0,0.313975016276,0.732116699219,0,0,0.900044759115,22,37,9,16,0.303334554036,0,0.129669189453,0.820844014486,0.504913330078,5.16375732422,0.125508626302,0.000813802083333,0.0222371419271,8,0.792643229167,0.497131347656,9.50852457682
8,same,4,fixed_hit,feasibility,occupancy_balanced,17719,24,5.38144721476,4.918,9.394,42.615,5.86438509793,2980.431,1.01755777995,0.0175577799479,40.7980448405,0.286590576172,0,0,0.30414835612,0.0175577799479,0,1,3,0,2,0.0171508789063,0.286590576172,0,0.820844014486,0.504913330078,5.16375732422,0.125508626302,0.000813802083333,0.0222371419271,8,0.792643229167,0.497131347656,9.50852457682
8,same,4,fixed_hit,projection,occupancy_balanced,17719,24,11.1941011759,9.775,22.033,76.155,12.0288264906,2083.263,2.39454142253,0.0242309570313,92.4590047201,1.02480061849,0,0,1.04903157552,0.0242309570313,1.37031046549,7,9,0,4,0.0171508789063,0.286590576172,0,0.820844014486,0.504913330078,5.16375732422,0.125508626302,0.000813802083333,0.0222371419271,8,0.792643229167,0.497131347656,9.50852457682
8,same,4,both,feasibility,occupancy_balanced,17719,24,5.37712492879,4.928,9.364,51.798,5.8931743571,1929.05,1.01755777995,0.0175577799479,40.7980448405,0.286590576172,0,0,0.30414835612,0.0175577799479,0,1,3,0,2,0.0171508789063,0.286590576172,0,0.820844014486,0.504913330078,5.16375732422,0.125508626302,0.000813802083333,0.0222371419271,8,0.792643229167,0.497131347656,9.50852457682
8,same,4,both,projection,occupancy_balanced,17719,24,11.3070435181,9.795,22.133,186.592,12.514309255,4893.441,2.39454142253,0.0242309570313,92.4590047201,1.02480061849,0,0,1.04903157552,0.0242309570313,1.37031046549,7,9,0,4,0.0171508789063,0.286590576172,0,0.820844014486,0.504913330078,5.16375732422,0.125508626302,0.000813802083333,0.0222371419271,8,0.792643229167,0.497131347656,9.50852457682
8,split,4,search,feasibility,occupancy_balanced,20323,24,5.81147350057,5.568,8.824,35.984,6.38058325195,3068.605,1.45226033529,0.452260335286,45.6269734701,0,0,0,0,0,0,4,5,3,4,0.259195963542,0,0,0.845258076986,0.589589436849,4.71345011393,0.112670898438,0,0.00297037760417,8,0.679158528646,0.44574991862,9.27711995443
8,split,4,search,projection,occupancy_balanced,20323,24,10.7937981669,9.815,21.683,716.044,11.9703553806,8135.623,2.81223551432,1.07868448893,91.6540629069,0,0,0,0,0,0.733551025391,13,21,9,16,0.259195963542,0,0,0.845258076986,0.589589436849,4.71345011393,0.112670898438,0,0.00297037760417,8,0.679158528646,0.44574991862,9.27711995443
8,split,4,decomposition,feasibility,occupancy_balanced,20323,24,5.73361123657,5.428,8.583,40.742,6.19233977254,1257.517,1.76286824544,0.452260335286,43.4468383789,0,0.124053955078,0.310607910156,0,0,0,7,9,3,4,0.259195963542,0,0.124053955078,0.845258076986,0.589589436849,4.71345011393,0.112670898438,0,0.00297037760417,8,0.679158528646,0.44574991862,9.27711995443
8,split,4,decomposition,projection,occupancy_balanced,20323,24,10.4864408162,9.825,19.33,154.383,11.2938089261,1792.052,3.52579752604,1.07868448893,86.5930074056,0,0.304697672526,0.713562011719,0,0,0.733551025391,22,37,9,16,0.259195963542,0,0.124053955078,0.845258076986,0.589589436849,4.71345011393,0.112670898438,0,0.00297037760417,8,0.679158528646,0.44574991862,9.27711995443
8,split,4,fixed_hit,feasibility,occupancy_balanced,20323,24,5.11446488444,4.747,8.192,48.784,5.53022975667,1326.577,1.0029703776,0.00297037760417,39.7027994792,0.256225585938,0,0,0.259195963542,0.00297037760417,0,1,2,0,1,0.00297037760417,0.256225585938,0,0.845258076986,0.589589436849,4.71345011393,0.112670898438,0,0.00297037760417,8,0.679158528646,0.44574991862,9.27711995443
8,split,4,fixed_hit,projection,occupancy_balanced,20323,24,10.0806445109,9.505,16.665,76.035,11.0490049167,2063.272,2.16949462891,0.00358072916667,84.821492513,0.959920247396,0,0,0.963500976562,0.00358072916667,1.16591389974,7,9,0,2,0.00297037760417,0.256225585938,0,0.845258076986,0.589589436849,4.71345011393,0.112670898438,0,0.00297037760417,8,0.679158528646,0.44574991862,9.27711995443
8,split,4,both,feasibility,occupancy_balanced,20323,24,5.16285152181,4.758,8.192,1225.435,5.64002951728,2047.359,1.0029703776,0.00297037760417,39.7027994792,0.256225585938,0,0,0.259195963542,0.00297037760417,0,1,2,0,1,0.00297037760417,0.256225585938,0,0.845258076986,0.589589436849,4.71345011393,0.112670898438,0,0.00297037760417,8,0.679158528646,0.44574991862,9.27711995443
8,split,4,both,projection,occupancy_balanced,20323,24,10.0922194621,9.514,16.264,85.339,11.0232594706,1689.267,2.16949462891,0.00358072916667,84.821492513,0.959920247396,0,0,0.963500976562,0.00358072916667,1.16591389974,7,9,0,2,0.00297037760417,0.256225585938,0,0.845258076986,0.589589436849,4.71345011393,0.112670898438,0,0.00297037760417,8,0.679158528646,0.44574991862,9.27711995443
16,same,4,search,feasibility,occupancy_balanced,25286,24,8.2217594401,6.62,19.089,292.874,9.10446950616,5074.189,1.0102335612,0.0102335611979,69.1026000977,0,0,0,0,0,0,1,3,0,2,0.00974527994792,0,0,0.956019083659,0.745127360026,1.52263387044,0.144978841146,0,0.00238037109375,3,0.02099609375,0.00974527994792,8.37790934245
16,same,4,search,projection,occupancy_balanced,25286,24,13.8719810791,10.857,31.127,215.637,15.2596485087,7076.098,1.37990315755,0.0117390950521,131.053039551,0,0,0,0,0,0.3681640625,3,8,0,3,0.00974527994792,0,0,0.956019083659,0.745127360026,1.52263387044,0.144978841146,0,0.00238037109375,3,0.02099609375,0.00974527994792,8.37790934245
16,same,4,decomposition,feasibility,occupancy_balanced,25286,24,8.17436743164,6.6,19.069,97.728,9.07374991862,3088.113,1.0102335612,0.0102335611979,69.1026000977,0,0,0,0,0,0,1,3,0,2,0.00974527994792,0,0,0.956019083659,0.745127360026,1.52263387044,0.144978841146,0,0.00238037109375,3,0.02099609375,0.00974527994792,8.37790934245
16,same,4,decomposition,projection,occupancy_balanced,25286,24,13.8959691772,10.877,31.237,334.957,15.0788730774,5084.374,1.37990315755,0.0117390950521,131.053039551,0,0,0,0,0,0.3681640625,3,8,0,3,0.00974527994792,0,0,0.956019083659,0.745127360026,1.52263387044,0.144978841146,0,0.00238037109375,3,0.02099609375,0.00974527994792,8.37790934245
16,same,4,fixed_hit,feasibility,occupancy_balanced,25286,24,8.11115685018,6.6,18.829,131.969,8.93872717624,3067.752,1.00238037109,0.00238037109375,68.39159139,0.00887044270833,0,0,0.0112508138021,0.00238037109375,0,1,3,0,2,0.00213623046875,0.00887044270833,0,0.956019083659,0.745127360026,1.52263387044,0.144978841146,0,0.00238037109375,3,0.02099609375,0.00974527994792,8.37790934245
16,same,4,fixed_hit,projection,occupancy_balanced,25286,24,13.8911965942,10.857,31.177,288.137,15.3282538791,7123.284,1.37656656901,0.00262451171875,130.821858724,0.0101318359375,0,0,0.0127563476562,0.00262451171875,0.373942057292,3,7,0,3,0.00213623046875,0.00887044270833,0,0.956019083659,0.745127360026,1.52263387044,0.144978841146,0,0.00238037109375,3,0.02099609375,0.00974527994792,8.37790934245
16,same,4,both,feasibility,occupancy_balanced,25286,24,8.10668329875,6.58,18.849,136.527,8.96770964559,5061.079,1.00238037109,0.00238037109375,68.39159139,0.00887044270833,0,0,0.0112508138021,0.00238037109375,0,1,3,0,2,0.00213623046875,0.00887044270833,0,0.956019083659,0.745127360026,1.52263387044,0.144978841146,0,0.00238037109375,3,0.02099609375,0.00974527994792,8.37790934245
16,same,4,both,projection,occupancy_balanced,25286,24,13.8900736084,10.876,31.187,158.31,15.3841840142,5123.113,1.37656656901,0.00262451171875,130.821858724,0.0101318359375,0,0,0.0127563476562,0.00262451171875,0.373942057292,3,7,0,3,0.00213623046875,0.00887044270833,0,0.956019083659,0.745127360026,1.52263387044,0.144978841146,0,0.00238037109375,3,0.02099609375,0.00974527994792,8.37790934245
16,split,4,search,feasibility,occupancy_balanced,26067,24,7.73397282918,6.53,17.657,102.615,8.66094193861,2094.088,1.00098673503,0.000986735026042,66.9819946289,0,0,0,0,0,0,1,2,0,1,0.000986735026042,0,0,0.960755666097,0.770294189453,1.45463053385,0.140258789062,0,0,2,0.00197347005208,0.000986735026042,8.32905069987
16,split,4,search,projection,occupancy_balanced,26067,24,13.0332944438,10.907,28.554,142.225,14.4943748237,2337.287,1.32905069987,0.000986735026042,125.33186849,0,0,0,0,0,0.328063964844,3,5,0,1,0.000986735026042,0,0,0.960755666097,0.770294189453,1.45463053385,0.140258789062,0,0,2,0.00197347005208,0.000986735026042,8.32905069987
16,split,4,decomposition,feasibility,occupancy_balanced,26067,24,7.74216325887,6.55,17.687,137.137,8.62267455377,2011.385,1.00098673503,0.000986735026042,66.9819946289,0,0,0,0,0,0,1,2,0,1,0.000986735026042,0,0,0.960755666097,0.770294189453,1.45463053385,0.140258789062,0,0,2,0.00197347005208,0.000986735026042,8.32905069987
16,split,4,decomposition,projection,occupancy_balanced,26067,24,13.039992513,10.897,28.553,94.814,14.5295356072,3070.516,1.32905069987,0.000986735026042,125.33186849,0,0,0,0,0,0.328063964844,3,5,0,1,0.000986735026042,0,0,0.960755666097,0.770294189453,1.45463053385,0.140258789062,0,0,2,0.00197347005208,0.000986735026042,8.32905069987
16,split,4,fixed_hit,feasibility,occupancy_balanced,26067,24,7.73263357544,6.53,17.667,128.926,8.67628318278,3195.957,1,0,66.903330485,0.000986735026042,0,0,0.000986735026042,0,0,1,1,0,0,0,0.000986735026042,0,0.960755666097,0.770294189453,1.45463053385,0.140258789062,0,0,2,0.00197347005208,0.000986735026042,8.32905069987
16,split,4,fixed_hit,projection,occupancy_balanced,26067,24,13.0376349691,10.906,28.573,109.425,14.63957508,5050.833,1.32905069987,0,125.342722575,0.000986735026042,0,0,0.000986735026042,0,0.32905069987,3,5,0,0,0,0.000986735026042,0,0.960755666097,0.770294189453,1.45463053385,0.140258789062,0,0,2,0.00197347005208,0.000986735026042,8.32905069987
16,split,4,both,feasibility,occupancy_balanced,26067,24,7.7431936849,6.55,17.697,182.427,8.62971056112,2342.996,1,0,66.903330485,0.000986735026042,0,0,0.000986735026042,0,0,1,1,0,0,0,0.000986735026042,0,0.960755666097,0.770294189453,1.45463053385,0.140258789062,0,0,2,0.00197347005208,0.000986735026042,8.32905069987
16,split,4,both,projection,occupancy_balanced,26067,24,13.0681448771,10.917,28.543,139.942,14.5188117913,2554.776,1.32905069987,0,125.342722575,0.000986735026042,0,0,0.000986735026042,0,0.32905069987,3,5,0,0,0,0.000986735026042,0,0.960755666097,0.770294189453,1.45463053385,0.140258789062,0,0,2,0.00197347005208,0.000986735026042,8.32905069987
8,same,5,search,feasibility,occupancy_balanced,24540,24,6.49419080607,6.029,10.286,38.798,7.16241480001,926.001,1.62519836426,0.625198364258,49.0622507731,0,0,0,0,0,0,4,7,3,6,0.319788614909,0,0,0.79500579834,0.499725341797,6.30202738444,0.115051269531,0.0898030598958,0.124643961589,8,0.854919433594,0.57861328125,9.69420878092
8,same,5,search,projection,occupancy_balanced,24540,24,12.9137373606,11.307,28.663,419.965,14.4305966237,3094.603,3.67838541667,1.6102549235,105.781397502,0,0,0,0,0,1.06813049316,13,33,9,24,0.319788614909,0,0,0.79500579834,0.499725341797,6.30202738444,0.115051269531,0.0898030598958,0.124643961589,8,0.854919433594,0.57861328125,9.69420878092
8,same,5,decomposition,feasibility,occupancy_balanced,24540,24,6.38779041036,6.019,10.166,81.303,7.10539610969,1255.25,2.0421295166,0.625198364258,45.9609578451,0,0.159637451172,0.416931152344,0,0,0,7,11,3,6,0.319788614909,0,0.159637451172,0.79500579834,0.499725341797,6.30202738444,0.115051269531,0.0898030598958,0.124643961589,8,0.854919433594,0.57861328125,9.69420878092
8,same,5,decomposition,projection,occupancy_balanced,24540,24,12.5868902944,11.077,27.832,150.638,13.9354513685,1355.641,4.75146484375,1.6102549235,97.6786855062,0,0.446695963542,1.07307942708,0,0,1.06813049316,22,49,9,24,0.319788614909,0,0.159637451172,0.79500579834,0.499725341797,6.30202738444,0.115051269531,0.0898030598958,0.124643961589,8,0.854919433594,0.57861328125,9.69420878092
8,same,5,fixed_hit,feasibility,occupancy_balanced,24540,24,5.65176633708,5.318,9.534,35.924,6.28888047791,3070.407,1.11192321777,0.111923217773,41.989074707,0.293965657552,0,0,0.362920125326,0.0689544677734,0,2,5,1,4,0.0672047932943,0.293965657552,0,0.79500579834,0.499725341797,6.30202738444,0.115051269531,0.0898030598958,0.124643961589,8,0.854919433594,0.57861328125,9.69420878092
8,same,5,fixed_hit,projection,occupancy_balanced,24540,24,12.2557808075,10.436,25.068,153.372,13.5314739193,2094.53,2.95118204753,0.36735534668,97.5860799154,1.18003336589,0,0,1.39803568522,0.218002319336,1.58382670085,9,35,2,24,0.0672047932943,0.293965657552,0,0.79500579834,0.499725341797,6.30202738444,0.115051269531,0.0898030598958,0.124643961589,8,0.854919433594,0.57861328125,9.69420878092
8,same,5,both,feasibility,occupancy_balanced,24540,24,5.68627023315,5.338,9.655,144.158,6.34962721252,2632.665,1.19509379069,0.111923217773,41.7453918457,0.317708333333,0.03173828125,0.0831705729167,0.418401082357,0.100692749023,0,2,9,1,4,0.0672047932943,0.293965657552,0.03173828125,0.79500579834,0.499725341797,6.30202738444,0.115051269531,0.0898030598958,0.124643961589,8,0.854919433594,0.57861328125,9.69420878092
8,same,5,both,projection,occupancy_balanced,24540,24,12.257309967,10.445,25.088,126.772,13.3518655752,1077.4,3.22356160482,0.36735534668,96.6592305501,1.23111979167,0.112426757812,0.272379557292,1.56154886882,0.330429077148,1.58382670085,9,57,2,24,0.0672047932943,0.293965657552,0.03173828125,0.79500579834,0.499725341797,6.30202738444,0.115051269531,0.0898030598958,0.124643961589,8,0.854919433594,0.57861328125,9.69420878092
8,split,5,search,feasibility,occupancy_balanced,29528,24,6.0172006073,5.709,9.164,62.304,6.74182419162,844.418,1.53759765625,0.53759765625,46.1006825765,0,0,0,0,0,0,4,7,3,6,0.261016845703,0,0,0.833709081014,0.591486612956,5.42778523763,0.101643880208,0.0657552083333,0.0669759114583,8,0.654271443685,0.505554199219,9.35710144043
8,split,5,search,projection,occupancy_balanced,29528,24,11.3004193522,10.025,22.604,106.851,12.1888719771,1555.584,3.23393249512,1.40021769206,94.2360687256,0,0,0,0,0,0.83371480306,13,33,9,24,0.261016845703,0,0,0.833709081014,0.591486612956,5.42778523763,0.101643880208,0.0657552083333,0.0669759114583,8,0.654271443685,0.505554199219,9.35710144043
8,split,5,decomposition,feasibility,occupancy_balanced,29528,24,5.88396191915,5.608,8.512,44.918,6.37402272203,874.644,1.92901611328,0.53759765625,43.2120107015,0,0.146881103516,0.391418457031,0,0,0,7,11,3,6,0.261016845703,0,0.146881103516,0.833709081014,0.591486612956,5.42778523763,0.101643880208,0.0657552083333,0.0669759114583,8,0.654271443685,0.505554199219,9.35710144043
8,split,5,decomposition,projection,occupancy_balanced,29528,24,11.0020519206,10.035,21.162,84.829,11.9289050106,3066.2,4.23808288574,1.40021769206,86.8045654297,0,0.412231445312,1.00415039062,0,0,0.83371480306,22,49,9,24,0.261016845703,0,0.146881103516,0.833709081014,0.591486612956,5.42778523763,0.101643880208,0.0657552083333,0.0669759114583,8,0.654271443685,0.505554199219,9.35710144043
8,split,5,fixed_hit,feasibility,occupancy_balanced,29528,24,5.28875236003,4.907,8.282,66.611,5.81474869792,1163.23,1.06697591146,0.0669759114583,40.1832631429,0.252380371094,0,0,0.286478678385,0.0340983072917,0,1,5,0,4,0.033447265625,0.252380371094,0,0.833709081014,0.591486612956,5.42778523763,0.101643880208,0.0657552083333,0.0669759114583,8,0.654271443685,0.505554199219,9.35710144043
8,split,5,fixed_hit,projection,occupancy_balanced,29528,24,10.7238530172,9.795,20.942,137.959,11.5380134583,1331.725,2.54764302572,0.257385253906,86.9458312988,1.04840087891,0,0,1.17785644531,0.129455566406,1.29025777181,8,35,0,24,0.033447265625,0.252380371094,0,0.833709081014,0.591486612956,5.42778523763,0.101643880208,0.0657552083333,0.0669759114583,8,0.654271443685,0.505554199219,9.35710144043
8,split,5,both,feasibility,occupancy_balanced,29528,24,5.30449882507,4.908,8.292,61.703,5.80855330912,2357.669,1.13645426432,0.0669759114583,39.9783528646,0.271504720052,0.024892171224,0.0694783528646,0.330495198568,0.0589904785156,0,1,9,0,4,0.033447265625,0.252380371094,0.024892171224,0.833709081014,0.591486612956,5.42778523763,0.101643880208,0.0657552083333,0.0669759114583,8,0.654271443685,0.505554199219,9.35710144043
8,split,5,both,projection,occupancy_balanced,29528,24,10.7176350708,9.805,20.902,85.469,11.5827460598,2377.869,2.78705342611,0.259928385417,86.1150919596,1.09239705404,0.0956624348958,0.238850911458,1.31878662109,0.226389567057,1.28827412923,8,57,0,24,0.033447265625,0.252380371094,0.024892171224,0.833709081014,0.591486612956,5.42778523763,0.101643880208,0.0657552083333,0.0669759114583,8,0.654271443685,0.505554199219,9.35710144043
8,same,6,search,feasibility,occupancy_balanced,35079,24,6.85764095306,6.38,10.817,113.261,7.58705911255,1526.911,1.68087768555,0.680877685547,50.2252578735,0,0,0,0,0,0,4,7,3,6,0.325663248698,0,0,0.786018371582,0.496887207031,6.66034952799,0.0937296549479,0.144327799479,0.194814046224,8,0.876881917318,0.609898885091,9.77995300293
8,same,6,search,projection,occupancy_balanced,35079,24,14.0999554927,11.878,33.951,268.055,15.4147106501,1255.42,3.96868896484,1.80126444499,109.468249003,0,0,0,0,0,1.16742451986,13,33,9,24,0.325663248698,0,0,0.786018371582,0.496887207031,6.66034952799,0.0937296549479,0.144327799479,0.194814046224,8,0.876881917318,0.609898885091,9.77995300293
8,same,6,decomposition,feasibility,occupancy_balanced,35079,24,6.68539124552,6.33,10.486,108.814,7.42663980018,1763.118,2.13603719076,0.680877685547,46.7548395793,0,0.172892252604,0.455159505208,0,0,0,7,11,3,6,0.325663248698,0,0.172892252604,0.786018371582,0.496887207031,6.66034952799,0.0937296549479,0.144327799479,0.194814046224,8,0.876881917318,0.609898885091,9.77995300293
8,same,6,decomposition,projection,occupancy_balanced,35079,24,13.6336984787,11.797,29.585,123.527,15.0086401706,3944.63,5.16798909505,1.80126444499,100.187243144,0,0.498087565104,1.19930013021,0,0,1.16742451986,22,49,9,24,0.325663248698,0,0.172892252604,0.786018371582,0.496887207031,6.66034952799,0.0937296549479,0.144327799479,0.194814046224,8,0.876881917318,0.609898885091,9.77995300293
8,same,6,fixed_hit,feasibility,occupancy_balanced,35079,24,5.96967376963,5.719,9.935,141.755,6.65796961975,1841.227,1.17058817546,0.170588175456,43.1983311971,0.291997273763,0,0,0.394551595052,0.102554321289,0,3,5,2,4,0.0966542561849,0.291997273763,0,0.786018371582,0.496887207031,6.66034952799,0.0937296549479,0.144327799479,0.194814046224,8,0.876881917318,0.609898885091,9.77995300293
8,same,6,fixed_hit,projection,occupancy_balanced,35079,24,13.3404415054,11.247,29.164,185.882,14.8430882636,2165.818,3.27601623535,0.581985473633,101.59858195,1.21936543783,0,0,1.56091308594,0.341547648112,1.69403076172,10,35,4,24,0.0966542561849,0.291997273763,0,0.786018371582,0.496887207031,6.66034952799,0.0937296549479,0.144327799479,0.194814046224,8,0.876881917318,0.609898885091,9.77995300293
8,same,6,both,feasibility,occupancy_balanced,35079,24,6.01257573446,5.789,10.025,79.01,6.71818388367,2511.451,1.30470275879,0.170588175456,42.7815424601,0.328130086263,0.0514322916667,0.134114583333,0.482116699219,0.153986612956,0,4,9,2,4,0.0966542561849,0.291997273763,0.0514322916667,0.786018371582,0.496887207031,6.66034952799,0.0937296549479,0.144327799479,0.194814046224,8,0.876881917318,0.609898885091,9.77995300293
8,same,6,both,projection,occupancy_balanced,35079,24,13.4527797648,11.207,30.787,148.916,14.7210706753,2065.816,3.71481831868,0.581985473633,100.046539307,1.29716491699,0.182291666667,0.438802083333,1.82100423177,0.523839314779,1.69403076172,10,57,4,24,0.0966542561849,0.291997273763,0.0514322916667,0.786018371582,0.496887207031,6.66034952799,0.0937296549479,0.144327799479,0.194814046224,8,0.876881917318,0.609898885091,9.77995300293
8,split,6,search,feasibility,occupancy_balanced,43987,24,6.16013681285,5.849,9.284,73.972,7.04258822632,1854.286,1.5618947347,0.561894734701,46.4803187052,0,0,0,0,0,0,4,7,3,6,0.252807617188,0,0,0.834802627563,0.599736531576,5.48523203532,0.0767110188802,0.101765950521,0.103169759115,8,0.611145019531,0.51518758138,9.36090596517
8,split,6,search,projection,occupancy_balanced,43987,24,11.7944448776,10.186,24.808,153.843,13.0298713854,2171.536,3.3800684611,1.50085703532,95.1236394246,0,0,0,0,0,0.879211425781,13,33,9,24,0.252807617188,0,0,0.834802627563,0.599736531576,5.48523203532,0.0767110188802,0.101765950521,0.103169759115,8,0.611145019531,0.51518758138,9.36090596517
8,split,6,decomposition,feasibility,occupancy_balanced,43987,24,6.0407562027,5.789,8.653,133.331,6.84639744737,2319.16,1.97727966309,0.561894734701,43.3498764038,0,0.153004964193,0.415384928385,0,0,0,7,11,3,6,0.252807617188,0,0.153004964193,0.834802627563,0.599736531576,5.48523203532,0.0767110188802,0.101765950521,0.103169759115,8,0.611145019531,0.51518758138,9.36090596517
8,split,6,decomposition,projection,occupancy_balanced,43987,24,11.2871797969,10.205,24.307,102.666,12.5907541962,1822.829,4.47251637777,1.50085703532,86.9027786255,0,0.444661458333,1.09244791667,0,0,0.879211425781,22,49,9,24,0.252807617188,0,0.153004964193,0.834802627563,0.599736531576,5.48523203532,0.0767110188802,0.101765950521,0.103169759115,8,0.611145019531,0.51518758138,9.36090596517
8,split,6,fixed_hit,feasibility,occupancy_balanced,43987,24,5.46778613536,5.118,8.423,167.934,6.17580787828,1449.053,1.10306803385,0.103068033854,40.9029388428,0.241065979004,0,0,0.293301900228,0.052235921224,0,1,5,0,4,0.0495071411133,0.241065979004,0,0.834802627563,0.599736531576,5.48523203532,0.0767110188802,0.101765950521,0.103169759115,8,0.611145019531,0.51518758138,9.36090596517
8,split,6,fixed_hit,projection,occupancy_balanced,43987,24,11.0708656006,9.965,22.043,174.925,12.2204084939,1429.012,2.73082224528,0.405858357747,88.2367095947,1.03920237223,0,0,1.24306996663,0.203867594401,1.32496388753,9,35,0,24,0.0495071411133,0.241065979004,0,0.834802627563,0.599736531576,5.48523203532,0.0767110188802,0.101765950521,0.103169759115,8,0.611145019531,0.51518758138,9.36090596517
8,split,6,both,feasibility,occupancy_balanced,43987,24,5.48922164408,5.118,8.442,134.905,6.1959068985,2999.88,1.21140034993,0.103068033854,40.5771433512,0.270362854004,0.0385411580404,0.108332316081,0.361139933268,0.0907770792643,0,1,9,0,4,0.0495071411133,0.241065979004,0.0385411580404,0.834802627563,0.599736531576,5.48523203532,0.0767110188802,0.101765950521,0.103169759115,8,0.611145019531,0.51518758138,9.36090596517
8,split,6,both,projection,occupancy_balanced,43987,24,11.0753961995,9.965,21.863,270.179,12.4173253394,1806.765,3.10698699951,0.408655802409,86.9171396891,1.10642242432,0.15079498291,0.37580871582,1.46248372396,0.356061299642,1.32252248128,9,57,0,24,0.0495071411133,0.241065979004,0.0385411580404,0.834802627563,0.599736531576,5.48523203532,0.0767110188802,0.101765950521,0.103169759115,8,0.611145019531,0.51518758138,9.36090596517
8,same,7,search,feasibility,occupancy_balanced,47927,24,7.18792148209,6.84,11.557,132.691,7.93436228053,2097.765,1.78190612793,0.78190612793,51.907778422,0,0,0,0,0,0,5,8,4,7,0.338577270508,0,0,0.764386812846,0.483281453451,7.7385075887,0.0774230957031,0.223103841146,0.290786743164,8,0.941596984863,0.669146219889,9.97707621257
8,same,7,search,projection,occupancy_balanced,47927,24,15.034100647,12.068,36.315,123.537,16.7182523838,4015.487,4.56627400716,2.21557108561,117.399353027,0,0,0,0,0,1.35070292155,18,39,12,28,0.338577270508,0,0,0.764386812846,0.483281453451,7.7385075887,0.0774230957031,0.223103841146,0.290786743164,8,0.941596984863,0.669146219889,9.97707621257
8,same,7,decomposition,feasibility,occupancy_balanced,47927,24,7.0221011645,6.61,11.107,81.694,7.85970249176,1983.918,2.29753112793,0.78190612793,47.8852564494,0,0.1875,0.515625,0,0,0,8,12,4,7,0.338577270508,0,0.1875,0.764386812846,0.483281453451,7.7385075887,0.0774230957031,0.223103841146,0.290786743164,8,0.941596984863,0.669146219889,9.97707621257
8,same,7,decomposition,projection,occupancy_balanced,47927,24,14.4852162666,11.968,33.942,604.164,15.9369272325,2839.328,6.05243937174,2.21557108561,105.55476888,0,0.602457682292,1.48616536458,0,0,1.35070292155,27,55,12,28,0.338577270508,0,0.1875,0.764386812846,0.483281453451,7.7385075887,0.0774230957031,0.223103841146,0.290786743164,8,0.941596984863,0.669146219889,9.97707621257
8,same,7,fixed_hit,feasibility,occupancy_balanced,47927,24,6.26715434519,6.039,10.316,117.238,7.00997440084,2418.24,1.25814056396,0.258140563965,44.5639775594,0.29830678304,0,0,0.449106852214,0.150800069173,0,3,7,2,6,0.134691874186,0.29830678304,0,0.764386812846,0.483281453451,7.7385075887,0.0774230957031,0.223103841146,0.290786743164,8,0.941596984863,0.669146219889,9.97707621257
8,same,7,fixed_hit,projection,occupancy_balanced,47927,24,14.3381977959,11.397,32.178,189.607,16.3813553929,4723.409,3.87782796224,0.960594177246,109.260111491,1.334815979,0,0,1.89002482096,0.55520884196,1.91723378499,18,42,10,30,0.134691874186,0.29830678304,0,0.764386812846,0.483281453451,7.7385075887,0.0774230957031,0.223103841146,0.290786743164,8,0.941596984863,0.669146219889,9.97707621257
8,same,7,both,feasibility,occupancy_balanced,47927,24,6.34695546468,6.139,10.396,201.314,7.07376150597,1139.555,1.46346282959,0.258140563965,43.9267705282,0.359260559082,0.0750732421875,0.205322265625,0.585133870443,0.225873311361,0,5,11,2,6,0.134691874186,0.29830678304,0.0750732421875,0.764386812846,0.483281453451,7.7385075887,0.0774230957031,0.223103841146,0.290786743164,8,0.941596984863,0.669146219889,9.97707621257
8,same,7,both,projection,occupancy_balanced,47927,24,14.5208829447,11.307,32.479,201.656,16.0289160987,1474.872,4.63393147786,0.960594177246,106.511779785,1.47714996338,0.306111653646,0.756103515625,2.33847045898,0.861320495605,1.91723378499,28,61,10,30,0.134691874186,0.29830678304,0.0750732421875,0.764386812846,0.483281453451,7.7385075887,0.0774230957031,0.223103841146,0.290786743164,8,0.941596984863,0.669146219889,9.97707621257
8,split,7,search,feasibility,occupancy_balanced,62715,24,6.40487750498,6.049,9.755,117.418,7.34227093336,4887.356,1.63341267904,0.633412679036,47.4475390116,0,0,0,0,0,0,5,8,4,7,0.259902954102,0,0,0.820138295492,0.591771443685,6.26635742188,0.0640258789062,0.155314127604,0.156763712565,8,0.634483337402,0.565485636393,9.49120585124
8,split,7,search,projection,occupancy_balanced,62715,24,12.4617822291,10.716,28.884,387.346,13.9177991274,4710.39,3.80783971151,1.80431111654,99.8501815796,0,0,0,0,0,1.00352859497,18,39,12,28,0.259902954102,0,0,0.820138295492,0.591771443685,6.26635742188,0.0640258789062,0.155314127604,0.156763712565,8,0.634483337402,0.565485636393,9.49120585124
8,split,7,decomposition,feasibility,occupancy_balanced,62715,24,6.23743133672,6.029,8.834,459.966,7.16342808406,2157.465,2.10395304362,0.633412679036,43.8159777323,0,0.164957682292,0.470540364583,0,0,0,8,12,4,7,0.259902954102,0,0.164957682292,0.820138295492,0.591771443685,6.26635742188,0.0640258789062,0.155314127604,0.156763712565,8,0.634483337402,0.565485636393,9.49120585124
8,split,7,decomposition,projection,occupancy_balanced,62715,24,11.9294489886,10.706,25.508,546.677,13.6225891702,4985.265,5.1500638326,1.80431111654,89.4909642537,0,0.530487060547,1.34222412109,0,0,1.00352859497,27,55,12,28,0.259902954102,0,0.164957682292,0.820138295492,0.591771443685,6.26635742188,0.0640258789062,0.155314127604,0.156763712565,8,0.634483337402,0.565485636393,9.49120585124
8,split,7,fixed_hit,feasibility,occupancy_balanced,62715,24,5.65337066015,5.358,8.593,110.377,6.36852128601,7385.447,1.1565806071,0.156580607096,41.6763407389,0.243957519531,0,0,0.32297261556,0.0790150960286,0,3,7,2,6,0.0712432861328,0.243957519531,0,0.820138295492,0.591771443685,6.26635742188,0.0640258789062,0.155314127604,0.156763712565,8,0.634483337402,0.565485636393,9.49120585124
8,split,7,fixed_hit,projection,occupancy_balanced,62715,24,11.7868913409,10.356,25.869,443.401,13.1171695205,2778.786,3.12438837687,0.655255635579,92.4018656413,1.11601257324,0,0,1.44463221232,0.328619639079,1.46913274129,12,42,6,30,0.0712432861328,0.243957519531,0,0.820138295492,0.591771443685,6.26635742188,0.0640258789062,0.155314127604,0.156763712565,8,0.634483337402,0.565485636393,9.49120585124
8,split,7,both,feasibility,occupancy_balanced,62715,24,5.70013353348,5.378,8.603,123.777,6.45762024053,3856.257,1.32520039876,0.156580607096,41.1667836507,0.292785644531,0.0567220052083,0.168619791667,0.428522745768,0.135737101237,0,5,11,2,6,0.0712432861328,0.243957519531,0.0567220052083,0.820138295492,0.591771443685,6.26635742188,0.0640258789062,0.155314127604,0.156763712565,8,0.634483337402,0.565485636393,9.49120585124
8,split,7,both,projection,occupancy_balanced,62715,24,11.8593380063,10.366,24.056,415.959,13.6425349117,5195.954,3.76757939657,0.658561706543,90.1171875,1.2400894165,0.249440511068,0.642761230469,1.81980260213,0.579713185628,1.46625645955,14,61,6,30,0.0712432861328,0.243957519531,0.0567220052083,0.820138295492,0.591771443685,6.26635742188,0.0640258789062,0.155314127604,0.156763712565,8,0.634483337402,0.565485636393,9.49120585124
8,same,8,search,feasibility,occupancy_balanced,16654,6,7.58382097117,7.281,12.218,288.247,9.13575366296,2945.147,1.88599650065,0.885996500651,53.7735697428,0,0,0,0,0,0,5,9,4,8,0.351003011068,0,0,0.742193857829,0.476623535156,8.97882080078,0.0621744791667,0.3056640625,0.389068603516,8,1.01085408529,0.728963216146,10.1504414876
8,same,8,search,projection,occupancy_balanced,16654,6,16.4744526164,12.629,42.785,193.293,19.0174549823,3079.051,5.1838684082,2.68156941732,125.136408488,0,0,0,0,0,1.50229899089,21,45,16,32,0.351003011068,0,0,0.742193857829,0.476623535156,8.97882080078,0.0621744791667,0.3056640625,0.389068603516,8,1.01085408529,0.728963216146,10.1504414876
8,same,8,decomposition,feasibility,occupancy_balanced,16654,6,7.43911460622,7.01,12.118,81.664,8.54074278005,2152.758,2.46151733398,0.885996500651,49.1980489095,0,0.199869791667,0.575520833333,0,0,0,9,13,4,8,0.351003011068,0,0.199869791667,0.742193857829,0.476623535156,8.97882080078,0.0621744791667,0.3056640625,0.389068603516,8,1.01085408529,0.728963216146,10.1504414876
8,same,8,decomposition,projection,occupancy_balanced,16654,6,15.6935997874,12.629,36.185,174.765,17.773730239,3072.481,6.99116007487,2.68156941732,110.362238566,0,0.710286458333,1.80729166667,0,0,1.50229899089,37,61,16,32,0.351003011068,0,0.199869791667,0.742193857829,0.476623535156,8.97882080078,0.0621744791667,0.3056640625,0.389068603516,8,1.01085408529,0.728963216146,10.1504414876
8,same,8,fixed_hit,feasibility,occupancy_balanced,16654,6,6.57630931854,6.319,10.817,67.963,7.35268351407,3114.614,1.3442586263,0.344258626302,45.9319966634,0.306549072266,0,0,0.503672281901,0.197123209635,0,3,9,2,8,0.167134602865,0.306549072266,0,0.742193857829,0.476623535156,8.97882080078,0.0621744791667,0.3056640625,0.389068603516,8,1.01085408529,0.728963216146,10.1504414876
8,same,8,fixed_hit,projection,occupancy_balanced,16654,6,15.7570321477,12.048,39.449,124.068,18.3580656823,2136.774,4.51073201497,1.3926188151,116.68325297,1.46741739909,0,0,2.26217651367,0.794759114583,2.11811319987,22,45,12,32,0.167134602865,0.306549072266,0,0.742193857829,0.476623535156,8.97882080078,0.0621744791667,0.3056640625,0.389068603516,8,1.01085408529,0.728963216146,10.1504414876
8,same,8,both,feasibility,occupancy_balanced,16654,6,6.65213191986,6.529,10.836,76.696,7.31293702867,1415.822,1.62363688151,0.344258626302,45.0581359863,0.395660400391,0.0975748697917,0.279378255208,0.690358479818,0.294698079427,0,6,13,2,8,0.167134602865,0.306549072266,0.0975748697917,0.742193857829,0.476623535156,8.97882080078,0.0621744791667,0.3056640625,0.389068603516,8,1.01085408529,0.728963216146,10.1504414876
8,same,8,both,projection,occupancy_balanced,16654,6,15.9377055486,12.008,46.55,192.101,18.429249705,3292.444,5.65420532227,1.3926188151,112.430486043,1.6989440918,0.448160807292,1.14347330729,2.94186401367,1.24291992188,2.11811319987,29,61,12,32,0.167134602865,0.306549072266,0.0975748697917,0.742193857829,0.476623535156,8.97882080078,0.0621744791667,0.3056640625,0.389068603516,8,1.01085408529,0.728963216146,10.1504414876
8,split,8,search,feasibility,occupancy_balanced,22730,6,6.95262643687,6.63,10.356,57.607,7.75983193292,2141.361,1.70997111003,0.709971110026,48.6831258138,0,0,0,0,0,0,5,9,4,8,0.269337972005,0,0,0.805554707845,0.589314778646,7.18587239583,0.0491536458333,0.209147135417,0.21034749349,8,0.670033772786,0.619598388672,9.60591634115
8,split,8,search,projection,occupancy_balanced,22730,6,13.2371014175,11.007,36.345,235.177,14.7017151591,2073.97,4.25365193685,2.15061442057,104.779083252,0,0,0,0,0,1.10303751628,21,45,16,32,0.269337972005,0,0,0.805554707845,0.589314778646,7.18587239583,0.0491536458333,0.209147135417,0.21034749349,8,0.670033772786,0.619598388672,9.60591634115
8,split,8,decomposition,feasibility,occupancy_balanced,22730,6,6.68671413167,6.51,9.404,134.073,7.38778952789,2075.04,2.23471069336,0.709971110026,44.5550333659,0,0.174479166667,0.524739583333,0,0,0,9,13,4,8,0.269337972005,0,0.174479166667,0.805554707845,0.589314778646,7.18587239583,0.0491536458333,0.209147135417,0.21034749349,8,0.670033772786,0.619598388672,9.60591634115
8,split,8,decomposition,projection,occupancy_balanced,22730,6,12.5157693202,10.997,29.114,279.773,13.8409951146,2112.127,5.87051391602,2.15061442057,92.0343526204,0,0.615071614583,1.61686197917,0,0,1.10303751628,37,61,16,32,0.269337972005,0,0.174479166667,0.805554707845,0.589314778646,7.18587239583,0.0491536458333,0.209147135417,0.21034749349,8,0.670033772786,0.619598388672,9.60591634115
8,split,8,fixed_hit,feasibility,occupancy_balanced,22730,6,6.11738573964,5.849,9.214,94.953,6.7470607605,3076.296,1.20994059245,0.209940592448,42.5260543823,0.250315348307,0,0,0.355885823568,0.10557047526,0,3,9,2,8,0.0905558268229,0.250315348307,0,0.805554707845,0.589314778646,7.18587239583,0.0491536458333,0.209147135417,0.21034749349,8,0.670033772786,0.619598388672,9.60591634115
8,split,8,fixed_hit,projection,occupancy_balanced,22730,6,12.4089478378,10.536,29.635,90.717,13.5768908768,3508.951,3.53476969401,0.937001546224,96.688949585,1.20715332031,0,0,1.67643737793,0.469284057617,1.59776814779,18,45,10,32,0.0905558268229,0.250315348307,0,0.805554707845,0.589314778646,7.18587239583,0.0491536458333,0.209147135417,0.21034749349,8,0.670033772786,0.619598388672,9.60591634115
8,split,8,both,feasibility,occupancy_balanced,22730,6,6.16161630249,5.879,9.224,55.093,6.83793876648,1680.664,1.44122314453,0.209940592448,41.8261845907,0.321523030599,0.0735270182292,0.231282552083,0.500620524089,0.17909749349,0,6,13,2,8,0.0905558268229,0.250315348307,0.0735270182292,0.805554707845,0.589314778646,7.18587239583,0.0491536458333,0.209147135417,0.21034749349,8,0.670033772786,0.619598388672,9.60591634115
8,split,8,both,projection,occupancy_balanced,22730,6,12.6151535339,10.546,31.258,100.603,13.9453440925,3089.637,4.49655151367,0.940907796224,93.267461141,1.40925089518,0.357055664063,0.961263020833,2.23754374186,0.82829284668,1.59438069661,29,61,10,32,0.0905558268229,0.250315348307,0.0735270182292,0.805554707845,0.589314778646,7.18587239583,0.0491536458333,0.209147135417,0.21034749349,8,0.670033772786,0.619598388672,9.60591634115
16,same,8,search,feasibility,occupancy_balanced,28417,6,8.94260775757,7.341,20.041,749.465,9.82332221561,2403.097,1.021484375,0.021484375,73.0986633301,0,0,0,0,0,0,1,3,0,2,0.0206502278646,0,0,0.943659464518,0.697255452474,1.70439656576,0.0264282226562,0,0.00315348307292,3,0.0425211588542,0.021006266276,8.48526000977
16,same,8,search,projection,occupancy_balanced,28417,6,15.0061956685,11.688,32.51,304.591,17.0307621036,4456.756,1.49010213216,0.0258483886719,137.559997559,0,0,0,0,0,0.46425374349,3,8,0,4,0.0206502278646,0,0,0.943659464518,0.697255452474,1.70439656576,0.0264282226562,0,0.00315348307292,3,0.0425211588542,0.021006266276,8.48526000977
16,same,8,decomposition,feasibility,occupancy_balanced,28417,6,8.91202079773,7.332,20.06,66.14,10.2014612079,4077.926,1.0219930013,0.021484375,73.0869649251,0,0.000254313151042,0.000508626302083,0,0,0,1,5,0,2,0.0206502278646,0,0.000254313151042,0.943659464518,0.697255452474,1.70439656576,0.0264282226562,0,0.00315348307292,3,0.0425211588542,0.021006266276,8.48526000977
16,same,8,decomposition,projection,occupancy_balanced,28417,6,15.0060090307,11.697,32.64,290.73,16.7146394823,3543.494,1.49061075846,0.0258483886719,137.548299154,0,0.000254313151042,0.000508626302083,0,0,0.46425374349,3,9,0,4,0.0206502278646,0,0.000254313151042,0.943659464518,0.697255452474,1.70439656576,0.0264282226562,0,0.00315348307292,3,0.0425211588542,0.021006266276,8.48526000977
16,same,8,fixed_hit,feasibility,occupancy_balanced,28417,6,8.82481973267,7.221,19.85,77.107,9.72391403961,2061.961,1.00229899089,0.00229899088542,72.2343088786,0.0193684895833,0,0,0.0216674804688,0.00229899088542,0,1,3,0,2,0.00217692057292,0.0193684895833,0,0.943659464518,0.697255452474,1.70439656576,0.0264282226562,0,0.00315348307292,3,0.0425211588542,0.021006266276,8.48526000977
16,same,8,fixed_hit,projection,occupancy_balanced,28417,6,14.978774676,11.768,32.6,204.539,16.456099845,2112.989,1.48126220703,0.00270589192708,137.275568644,0.0215250651042,0,0,0.0242309570312,0.00270589192708,0.478556315104,3,7,0,3,0.00217692057292,0.0193684895833,0,0.943659464518,0.697255452474,1.70439656576,0.0264282226562,0,0.00315348307292,3,0.0425211588542,0.021006266276,8.48526000977
16,same,8,both,feasibility,occupancy_balanced,28417,6,8.82869259898,7.191,19.85,101.303,10.0988226929,6883.499,1.00229899089,0.00229899088542,72.2343088786,0.0193684895833,0,0,0.0216674804688,0.00229899088542,0,1,3,0,2,0.00217692057292,0.0193684895833,0,0.943659464518,0.697255452474,1.70439656576,0.0264282226562,0,0.00315348307292,3,0.0425211588542,0.021006266276,8.48526000977
16,same,8,both,projection,occupancy_balanced,28417,6,14.9772848333,11.778,32.519,134.393,16.7718892398,5083.014,1.48126220703,0.00270589192708,137.275568644,0.0215250651042,0,0,0.0242309570312,0.00270589192708,0.478556315104,3,7,0,3,0.00217692057292,0.0193684895833,0,0.943659464518,0.697255452474,1.70439656576,0.0264282226562,0,0.00315348307292,3,0.0425211588542,0.021006266276,8.48526000977
16,split,8,search,feasibility,occupancy_balanced,30708,6,8.31021238963,7.1,18.267,309.058,9.32303597768,2018.808,1.00690205892,0.00690205891927,70.3455276489,0,0,0,0,0,0,1,3,0,2,0.00683848063151,0,0,0.951325098674,0.735120137533,1.60158284505,0.0225524902344,0,0,2,0.013676961263,0.00690205891927,8.41208902995
16,split,8,search,projection,occupancy_balanced,30708,6,13.7959967473,11.397,29.355,101.313,15.1970024999,2256.175,1.41358947754,0.00840250651042,130.53637441,0,0,0,0,0,0.405186971029,3,7,0,4,0.00683848063151,0,0,0.951325098674,0.735120137533,1.60158284505,0.0225524902344,0,0,2,0.013676961263,0.00690205891927,8.41208902995
16,split,8,decomposition,feasibility,occupancy_balanced,30708,6,8.32022221629,7.11,18.268,93.631,9.25444999271,2112.259,1.00702921549,0.00690205891927,70.3426030477,0,6.35782877604e-05,0.000127156575521,0,0,0,1,5,0,2,0.00683848063151,0,6.35782877604e-05,0.951325098674,0.735120137533,1.60158284505,0.0225524902344,0,0,2,0.013676961263,0.00690205891927,8.41208902995
16,split,8,decomposition,projection,occupancy_balanced,30708,6,13.8853222173,11.408,29.434,220.915,15.4893633669,2078.145,1.41371663411,0.00840250651042,130.533449809,0,6.35782877604e-05,0.000127156575521,0,0,0.405186971029,3,9,0,4,0.00683848063151,0,6.35782877604e-05,0.951325098674,0.735120137533,1.60158284505,0.0225524902344,0,0,2,0.013676961263,0.00690205891927,8.41208902995
16,split,8,fixed_hit,feasibility,occupancy_balanced,30708,6,8.31246670024,7.001,18.258,501.099,9.38480313704,3564.94,1,0,70.1541137695,0.00683848063151,0,0,0.00683848063151,0,0,1,1,0,0,0,0.00683848063151,0,0.951325098674,0.735120137533,1.60158284505,0.0225524902344,0,0,2,0.013676961263,0.00690205891927,8.41208902995
16,split,8,fixed_hit,projection,occupancy_balanced,30708,6,13.8014576314,11.437,29.374,197.6,15.4480696521,3615.196,1.41078440348,0,130.490638733,0.00720723470052,0,0,0.00720723470052,0,0.410784403483,3,5,0,0,0,0.00683848063151,0,0.951325098674,0.735120137533,1.60158284505,0.0225524902344,0,0,2,0.013676961263,0.00690205891927,8.41208902995
16,split,8,both,feasibility,occupancy_balanced,30708,6,8.31970119222,7.01,18.308,208.545,9.18044019826,2026.6,1,0,70.1541137695,0.00683848063151,0,0,0.00683848063151,0,0,1,1,0,0,0,0.00683848063151,0,0.951325098674,0.735120137533,1.60158284505,0.0225524902344,0,0,2,0.013676961263,0.00690205891927,8.41208902995
16,split,8,both,projection,occupancy_balanced,30708,6,13.8282895203,11.448,29.384,142.175,15.8565619871,3181.565,1.41078440348,0,130.490638733,0.00720723470052,0,0,0.00720723470052,0,0.410784403483,3,5,0,0,0,0.00683848063151,0,0.951325098674,0.735120137533,1.60158284505,0.0225524902344,0,0,2,0.013676961263,0.00690205891927,8.41208902995
