job,resolution,palette,k,kind,cases,sat,unsat,root_rejected,unsat_after_nonempty_gac
r8_m000_split,8,split,0,perturb_0,6,6,0,0,0
r8_m000_split,8,split,0,perturb_1,6,6,0,0,0
r8_m000_split,8,split,0,perturb_2,6,1,5,5,0
r8_m000_split,8,split,0,perturb_3,6,0,6,6,0
r8_m000_split,8,split,0,perturb_4,6,1,5,5,0
r8_m000_split,8,split,0,perturb_5,6,0,6,6,0
r8_m000_split,8,split,0,perturb_6,6,0,6,6,0
r8_m000_split,8,split,0,perturb_7,6,3,3,3,0
r8_m000_same,8,same,0,perturb_0,6,6,0,0,0
r8_m000_same,8,same,0,perturb_1,6,6,0,0,0
r8_m000_same,8,same,0,perturb_2,6,1,5,5,0
r8_m000_same,8,same,0,perturb_3,6,0,6,6,0
r8_m000_same,8,same,0,perturb_4,6,1,5,5,0
r8_m000_same,8,same,0,perturb_5,6,0,6,6,0
r8_m000_same,8,same,0,perturb_6,6,0,6,6,0
r8_m000_same,8,same,0,perturb_7,6,3,3,3,0
r16_m000_split,16,split,0,perturb_0,6,6,0,0,0
r16_m000_split,16,split,0,perturb_1,6,6,0,0,0
r16_m000_split,16,split,0,perturb_2,6,0,6,6,0
r16_m000_split,16,split,0,perturb_3,6,0,6,6,0
r16_m000_split,16,split,0,perturb_4,6,0,6,6,0
r16_m000_split,16,split,0,perturb_5,6,0,6,6,0
r16_m000_split,16,split,0,perturb_6,6,0,6,6,0
r16_m000_split,16,split,0,perturb_7,6,0,6,6,0
r16_m000_same,16,same,0,perturb_0,6,6,0,0,0
r16_m000_same,16,same,0,perturb_1,6,6,0,0,0
r16_m000_same,16,same,0,perturb_2,6,0,6,6,0
r16_m000_same,16,same,0,perturb_3,6,0,6,6,0
r16_m000_same,16,same,0,perturb_4,6,0,6,6,0
r16_m000_same,16,same,0,perturb_5,6,0,6,6,0
r16_m000_same,16,same,0,perturb_6,6,0,6,6,0
r16_m000_same,16,same,0,perturb_7,6,0,6,6,0
r8_m001_same,8,same,1,perturb_0,6,6,0,0,0
r8_m001_same,8,same,1,perturb_1,6,6,0,0,0
r8_m001_same,8,same,1,perturb_2,6,0,6,6,0
r8_m001_same,8,same,1,perturb_3,6,0,6,6,0
r8_m001_same,8,same,1,perturb_4,6,0,6,6,0
r8_m001_same,8,same,1,perturb_5,6,0,6,6,0
r8_m001_same,8,same,1,perturb_6,6,0,6,6,0
r8_m001_same,8,same,1,perturb_7,6,2,4,4,0
r8_m001_split,8,split,1,perturb_0,6,6,0,0,0
r8_m001_split,8,split,1,perturb_1,6,6,0,0,0
r8_m001_split,8,split,1,perturb_2,6,0,6,6,0
r8_m001_split,8,split,1,perturb_3,6,0,6,6,0
r8_m001_split,8,split,1,perturb_4,6,0,6,6,0
r8_m001_split,8,split,1,perturb_5,6,0,6,6,0
r8_m001_split,8,split,1,perturb_6,6,0,6,6,0
r8_m001_split,8,split,1,perturb_7,6,2,4,4,0
r8_m128_split,8,split,1,perturb_0,6,6,0,0,0
r8_m128_split,8,split,1,perturb_1,6,6,0,0,0
r8_m128_split,8,split,1,perturb_2,6,1,5,5,0
r8_m128_split,8,split,1,perturb_3,6,1,5,5,0
r8_m128_split,8,split,1,perturb_4,6,0,6,6,0
r8_m128_split,8,split,1,perturb_5,6,0,6,6,0
r8_m128_split,8,split,1,perturb_6,6,0,6,6,0
r8_m128_split,8,split,1,perturb_7,6,3,3,3,0
r8_m128_same,8,same,1,perturb_0,6,6,0,0,0
r8_m128_same,8,same,1,perturb_1,6,6,0,0,0
r8_m128_same,8,same,1,perturb_2,6,1,5,5,0
r8_m128_same,8,same,1,perturb_3,6,1,5,5,0
r8_m128_same,8,same,1,perturb_4,6,0,6,6,0
r8_m128_same,8,same,1,perturb_5,6,0,6,6,0
r8_m128_same,8,same,1,perturb_6,6,0,6,6,0
r8_m128_same,8,same,1,perturb_7,6,3,3,3,0
r8_m002_same,8,same,1,perturb_0,6,6,0,0,0
r8_m002_same,8,same,1,perturb_1,6,6,0,0,0
r8_m002_same,8,same,1,perturb_2,6,0,6,6,0
r8_m002_same,8,same,1,perturb_3,6,1,5,5,0
r8_m002_same,8,same,1,perturb_4,6,0,6,6,0
r8_m002_same,8,same,1,perturb_5,6,0,6,6,0
r8_m002_same,8,same,1,perturb_6,6,0,6,6,0
r8_m002_same,8,same,1,perturb_7,6,1,5,5,0
r8_m002_split,8,split,1,perturb_0,6,6,0,0,0
r8_m002_split,8,split,1,perturb_1,6,6,0,0,0
r8_m002_split,8,split,1,perturb_2,6,0,6,6,0
r8_m002_split,8,split,1,perturb_3,6,1,5,5,0
r8_m002_split,8,split,1,perturb_4,6,0,6,6,0
r8_m002_split,8,split,1,perturb_5,6,0,6,6,0
r8_m002_split,8,split,1,perturb_6,6,0,6,6,0
r8_m002_split,8,split,1,perturb_7,6,1,5,5,0
r8_m004_split,8,split,1,perturb_0,6,6,0,0,0
r8_m004_split,8,split,1,perturb_1,6,6,0,0,0
r8_m004_split,8,split,1,perturb_2,6,0,6,6,0
r8_m004_split,8,split,1,perturb_3,6,0,6,6,0
r8_m004_split,8,split,1,perturb_4,6,0,6,6,0
r8_m004_split,8,split,1,perturb_5,6,0,6,6,0
r8_m004_split,8,split,1,perturb_6,6,0,6,6,0
r8_m004_split,8,split,1,perturb_7,6,2,4,4,0
r8_m004_same,8,same,1,perturb_0,6,6,0,0,0
r8_m004_same,8,same,1,perturb_1,6,6,0,0,0
r8_m004_same,8,same,1,perturb_2,6,0,6,6,0
r8_m004_same,8,same,1,perturb_3,6,0,6,6,0
r8_m004_same,8,same,1,perturb_4,6,0,6,6,0
r8_m004_same,8,same,1,perturb_5,6,0,6,6,0
r8_m004_same,8,same,1,perturb_6,6,0,6,6,0
r8_m004_same,8,same,1,perturb_7,6,2,4,4,0
r8_m003_same,8,same,2,perturb_0,6,6,0,0,0
r8_m003_same,8,same,2,perturb_1,6,6,0,0,0
r8_m003_same,8,same,2,perturb_2,6,0,6,6,0
r8_m003_same,8,same,2,perturb_3,6,0,6,6,0
r8_m003_same,8,same,2,perturb_4,6,2,4,4,0
r8_m003_same,8,same,2,perturb_5,6,0,6,6,0
r8_m003_same,8,same,2,perturb_6,6,0,6,6,0
r8_m003_same,8,same,2,perturb_7,6,1,5,5,0
r8_m003_split,8,split,2,perturb_0,6,6,0,0,0
r8_m003_split,8,split,2,perturb_1,6,6,0,0,0
r8_m003_split,8,split,2,perturb_2,6,0,6,6,0
r8_m003_split,8,split,2,perturb_3,6,0,6,6,0
r8_m003_split,8,split,2,perturb_4,6,2,4,4,0
r8_m003_split,8,split,2,perturb_5,6,0,6,6,0
r8_m003_split,8,split,2,perturb_6,6,0,6,6,0
r8_m003_split,8,split,2,perturb_7,6,1,5,5,0
r8_m192_split,8,split,2,perturb_0,6,6,0,0,0
r8_m192_split,8,split,2,perturb_1,6,6,0,0,0
r8_m192_split,8,split,2,perturb_2,6,0,6,6,0
r8_m192_split,8,split,2,perturb_3,6,0,6,6,0
r8_m192_split,8,split,2,perturb_4,6,3,3,3,0
r8_m192_split,8,split,2,perturb_5,6,0,6,6,0
r8_m192_split,8,split,2,perturb_6,6,0,6,6,0
r8_m192_split,8,split,2,perturb_7,6,2,4,4,0
r8_m192_same,8,same,2,perturb_0,6,6,0,0,0
r8_m192_same,8,same,2,perturb_1,6,6,0,0,0
r8_m192_same,8,same,2,perturb_2,6,0,6,6,0
r8_m192_same,8,same,2,perturb_3,6,0,6,6,0
r8_m192_same,8,same,2,perturb_4,6,2,4,4,0
r8_m192_same,8,same,2,perturb_5,6,0,6,6,0
r8_m192_same,8,same,2,perturb_6,6,0,6,6,0
r8_m192_same,8,same,2,perturb_7,6,3,3,3,0
r8_m024_same,8,same,2,perturb_0,6,6,0,0,0
r8_m024_same,8,same,2,perturb_1,6,6,0,0,0
r8_m024_same,8,same,2,perturb_2,6,0,6,6,0
r8_m024_same,8,same,2,perturb_3,6,0,6,6,0
r8_m024_same,8,same,2,perturb_4,6,1,5,5,0
r8_m024_same,8,same,2,perturb_5,6,0,6,6,0
r8_m024_same,8,same,2,perturb_6,6,0,6,6,0
r8_m024_same,8,same,2,perturb_7,6,0,6,6,0
r8_m024_split,8,split,2,perturb_0,6,6,0,0,0
r8_m024_split,8,split,2,perturb_1,6,6,0,0,0
r8_m024_split,8,split,2,perturb_2,6,0,6,6,0
r8_m024_split,8,split,2,perturb_3,6,0,6,6,0
r8_m024_split,8,split,2,perturb_4,6,1,5,5,0
r8_m024_split,8,split,2,perturb_5,6,0,6,6,0
r8_m024_split,8,split,2,perturb_6,6,0,6,6,0
r8_m024_split,8,split,2,perturb_7,6,0,6,6,0
r8_m036_split,8,split,2,perturb_0,6,6,0,0,0
r8_m036_split,8,split,2,perturb_1,6,6,0,0,0
r8_m036_split,8,split,2,perturb_2,6,0,6,6,0
r8_m036_split,8,split,2,perturb_3,6,0,6,6,0
r8_m036_split,8,split,2,perturb_4,6,1,5,5,0
r8_m036_split,8,split,2,perturb_5,6,0,6,6,0
r8_m036_split,8,split,2,perturb_6,6,0,6,6,0
r8_m036_split,8,split,2,perturb_7,6,1,5,5,0
r8_m036_same,8,same,2,perturb_0,6,6,0,0,0
r8_m036_same,8,same,2,perturb_1,6,6,0,0,0
r8_m036_same,8,same,2,perturb_2,6,0,6,6,0
r8_m036_same,8,same,2,perturb_3,6,0,6,6,0
r8_m036_same,8,same,2,perturb_4,6,1,5,5,0
r8_m036_same,8,same,2,perturb_5,6,0,6,6,0
r8_m036_same,8,same,2,perturb_6,6,0,6,6,0
r8_m036_same,8,same,2,perturb_7,6,1,5,5,0
r8_m007_same,8,same,3,perturb_0,6,6,0,0,0
r8_m007_same,8,same,3,perturb_1,6,6,0,0,0
r8_m007_same,8,same,3,perturb_2,6,0,6,6,0
r8_m007_same,8,same,3,perturb_3,6,0,6,6,0
r8_m007_same,8,same,3,perturb_4,6,2,4,4,0
r8_m007_same,8,same,3,perturb_5,6,0,6,6,0
r8_m007_same,8,same,3,perturb_6,6,0,6,6,0
r8_m007_same,8,same,3,perturb_7,6,0,6,6,0
r8_m007_split,8,split,3,perturb_0,6,6,0,0,0
r8_m007_split,8,split,3,perturb_1,6,6,0,0,0
r8_m007_split,8,split,3,perturb_2,6,0,6,6,0
r8_m007_split,8,split,3,perturb_3,6,0,6,6,0
r8_m007_split,8,split,3,perturb_4,6,2,4,4,0
r8_m007_split,8,split,3,perturb_5,6,0,6,6,0
r8_m007_split,8,split,3,perturb_6,6,0,6,6,0
r8_m007_split,8,split,3,perturb_7,6,0,6,6,0
r8_m224_split,8,split,3,perturb_0,6,6,0,0,0
r8_m224_split,8,split,3,perturb_1,6,6,0,0,0
r8_m224_split,8,split,3,perturb_2,6,0,6,6,0
r8_m224_split,8,split,3,perturb_3,6,0,6,6,0
r8_m224_split,8,split,3,perturb_4,6,2,4,4,0
r8_m224_split,8,split,3,perturb_5,6,0,6,6,0
r8_m224_split,8,split,3,perturb_6,6,0,6,6,0
r8_m224_split,8,split,3,perturb_7,6,1,5,5,0
r8_m224_same,8,same,3,perturb_0,6,6,0,0,0
r8_m224_same,8,same,3,perturb_1,6,6,0,0,0
r8_m224_same,8,same,3,perturb_2,6,0,6,6,0
r8_m224_same,8,same,3,perturb_3,6,0,6,6,0
r8_m224_same,8,same,3,perturb_4,6,2,4,4,0
r8_m224_same,8,same,3,perturb_5,6,0,6,6,0
r8_m224_same,8,same,3,perturb_6,6,0,6,6,0
r8_m224_same,8,same,3,perturb_7,6,1,5,5,0
r8_m025_same,8,same,3,perturb_0,6,6,0,0,0
r8_m025_same,8,same,3,perturb_1,6,6,0,0,0
r8_m025_same,8,same,3,perturb_2,6,0,6,6,0
r8_m025_same,8,same,3,perturb_3,6,0,6,6,0
r8_m025_same,8,same,3,perturb_4,6,1,5,5,0
r8_m025_same,8,same,3,perturb_5,6,0,6,6,0
r8_m025_same,8,same,3,perturb_6,6,0,6,6,0
r8_m025_same,8,same,3,perturb_7,6,2,4,4,0
r8_m025_split,8,split,3,perturb_0,6,6,0,0,0
r8_m025_split,8,split,3,perturb_1,6,6,0,0,0
r8_m025_split,8,split,3,perturb_2,6,0,6,6,0
r8_m025_split,8,split,3,perturb_3,6,0,6,6,0
r8_m025_split,8,split,3,perturb_4,6,1,5,5,0
r8_m025_split,8,split,3,perturb_5,6,0,6,6,0
r8_m025_split,8,split,3,perturb_6,6,0,6,6,0
r8_m025_split,8,split,3,perturb_7,6,1,5,5,0
r8_m044_split,8,split,3,perturb_0,6,6,0,0,0
r8_m044_split,8,split,3,perturb_1,6,6,0,0,0
r8_m044_split,8,split,3,perturb_2,6,0,6,6,0
r8_m044_split,8,split,3,perturb_3,6,0,6,6,0
r8_m044_split,8,split,3,perturb_4,6,1,5,5,0
r8_m044_split,8,split,3,perturb_5,6,0,6,6,0
r8_m044_split,8,split,3,perturb_6,6,0,6,6,0
r8_m044_split,8,split,3,perturb_7,6,1,5,5,0
r8_m044_same,8,same,3,perturb_0,6,6,0,0,0
r8_m044_same,8,same,3,perturb_1,6,6,0,0,0
r8_m044_same,8,same,3,perturb_2,6,0,6,6,0
r8_m044_same,8,same,3,perturb_3,6,0,6,6,0
r8_m044_same,8,same,3,perturb_4,6,2,4,4,0
r8_m044_same,8,same,3,perturb_5,6,0,6,6,0
r8_m044_same,8,same,3,perturb_6,6,0,6,6,0
r8_m044_same,8,same,3,perturb_7,6,2,4,4,0
r8_m015_same,8,same,4,perturb_0,6,6,0,0,0
r8_m015_same,8,same,4,perturb_1,6,6,0,0,0
r8_m015_same,8,same,4,perturb_2,6,0,6,6,0
r8_m015_same,8,same,4,perturb_3,6,0,6,6,0
r8_m015_same,8,same,4,perturb_4,6,2,4,4,0
r8_m015_same,8,same,4,perturb_5,6,0,6,6,0
r8_m015_same,8,same,4,perturb_6,6,0,6,6,0
r8_m015_same,8,same,4,perturb_7,6,1,5,5,0
r8_m015_split,8,split,4,perturb_0,6,6,0,0,0
r8_m015_split,8,split,4,perturb_1,6,6,0,0,0
r8_m015_split,8,split,4,perturb_2,6,0,6,6,0
r8_m015_split,8,split,4,perturb_3,6,0,6,6,0
r8_m015_split,8,split,4,perturb_4,6,1,5,5,0
r8_m015_split,8,split,4,perturb_5,6,0,6,6,0
r8_m015_split,8,split,4,perturb_6,6,0,6,6,0
r8_m015_split,8,split,4,perturb_7,6,1,5,5,0
r16_m015_same,16,same,4,perturb_0,6,6,0,0,0
r16_m015_same,16,same,4,perturb_1,6,6,0,0,0
r16_m015_same,16,same,4,perturb_2,6,0,6,6,0
r16_m015_same,16,same,4,perturb_3,6,0,6,6,0
r16_m015_same,16,same,4,perturb_4,6,0,6,6,0
r16_m015_same,16,same,4,perturb_5,6,0,6,6,0
r16_m015_same,16,same,4,perturb_6,6,0,6,6,0
r16_m015_same,16,same,4,perturb_7,6,0,6,6,0
r16_m015_split,16,split,4,perturb_0,6,6,0,0,0
r16_m015_split,16,split,4,perturb_1,6,6,0,0,0
r16_m015_split,16,split,4,perturb_2,6,0,6,6,0
r16_m015_split,16,split,4,perturb_3,6,0,6,6,0
r16_m015_split,16,split,4,perturb_4,6,0,6,6,0
r16_m015_split,16,split,4,perturb_5,6,0,6,6,0
r16_m015_split,16,split,4,perturb_6,6,0,6,6,0
r16_m015_split,16,split,4,perturb_7,6,0,6,6,0
r8_m240_split,8,split,4,perturb_0,6,6,0,0,0
r8_m240_split,8,split,4,perturb_1,6,6,0,0,0
r8_m240_split,8,split,4,perturb_2,6,0,6,6,0
r8_m240_split,8,split,4,perturb_3,6,0,6,6,0
r8_m240_split,8,split,4,perturb_4,6,3,3,3,0
r8_m240_split,8,split,4,perturb_5,6,0,6,6,0
r8_m240_split,8,split,4,perturb_6,6,0,6,6,0
r8_m240_split,8,split,4,perturb_7,6,1,5,5,0
r8_m240_same,8,same,4,perturb_0,6,6,0,0,0
r8_m240_same,8,same,4,perturb_1,6,6,0,0,0
r8_m240_same,8,same,4,perturb_2,6,0,6,6,0
r8_m240_same,8,same,4,perturb_3,6,0,6,6,0
r8_m240_same,8,same,4,perturb_4,6,2,4,4,0
r8_m240_same,8,same,4,perturb_5,6,0,6,6,0
r8_m240_same,8,same,4,perturb_6,6,0,6,6,0
r8_m240_same,8,same,4,perturb_7,6,1,5,5,0
r16_m240_split,16,split,4,perturb_0,6,6,0,0,0
r16_m240_split,16,split,4,perturb_1,6,6,0,0,0
r16_m240_split,16,split,4,perturb_2,6,0,6,6,0
r16_m240_split,16,split,4,perturb_3,6,0,6,6,0
r16_m240_split,16,split,4,perturb_4,6,0,6,6,0
r16_m240_split,16,split,4,perturb_5,6,0,6,6,0
r16_m240_split,16,split,4,perturb_6,6,0,6,6,0
r16_m240_split,16,split,4,perturb_7,6,1,5,5,0
r16_m240_same,16,same,4,perturb_0,6,6,0,0,0
r16_m240_same,16,same,4,perturb_1,6,6,0,0,0
r16_m240_same,16,same,4,perturb_2,6,0,6,6,0
r16_m240_same,16,same,4,perturb_3,6,0,6,6,0
r16_m240_same,16,same,4,perturb_4,6,0,6,6,0
r16_m240_same,16,same,4,perturb_5,6,0,6,6,0
r16_m240_same,16,same,4,perturb_6,6,0,6,6,0
r16_m240_same,16,same,4,perturb_7,6,1,5,5,0
r8_m060_same,8,same,4,perturb_0,6,6,0,0,0
r8_m060_same,8,same,4,perturb_1,6,6,0,0,0
r8_m060_same,8,same,4,perturb_2,6,0,6,6,0
r8_m060_same,8,same,4,perturb_3,6,0,6,6,0
r8_m060_same,8,same,4,perturb_4,6,0,6,6,0
r8_m060_same,8,same,4,perturb_5,6,0,6,6,0
r8_m060_same,8,same,4,perturb_6,6,0,6,6,0
r8_m060_same,8,same,4,perturb_7,6,1,5,5,0
r8_m060_split,8,split,4,perturb_0,6,6,0,0,0
r8_m060_split,8,split,4,perturb_1,6,6,0,0,0
r8_m060_split,8,split,4,perturb_2,6,0,6,6,0
r8_m060_split,8,split,4,perturb_3,6,0,6,6,0
r8_m060_split,8,split,4,perturb_4,6,1,5,5,0
r8_m060_split,8,split,4,perturb_5,6,0,6,6,0
r8_m060_split,8,split,4,perturb_6,6,0,6,6,0
r8_m060_split,8,split,4,perturb_7,6,0,6,6,0
r16_m060_same,16,same,4,perturb_0,6,6,0,0,0
r16_m060_same,16,same,4,perturb_1,6,6,0,0,0
r16_m060_same,16,same,4,perturb_2,6,0,6,6,0
r16_m060_same,16,same,4,perturb_3,6,0,6,6,0
r16_m060_same,16,same,4,perturb_4,6,0,6,6,0
r16_m060_same,16,same,4,perturb_5,6,0,6,6,0
r16_m060_same,16,same,4,perturb_6,6,0,6,6,0
r16_m060_same,16,same,4,perturb_7,6,0,6,6,0
r16_m060_split,16,split,4,perturb_0,6,6,0,0,0
r16_m060_split,16,split,4,perturb_1,6,6,0,0,0
r16_m060_split,16,split,4,perturb_2,6,0,6,6,0
r16_m060_split,16,split,4,perturb_3,6,0,6,6,0
r16_m060_split,16,split,4,perturb_4,6,0,6,6,0
r16_m060_split,16,split,4,perturb_5,6,0,6,6,0
r16_m060_split,16,split,4,perturb_6,6,0,6,6,0
r16_m060_split,16,split,4,perturb_7,6,0,6,6,0
r8_m090_split,8,split,4,perturb_0,6,6,0,0,0
r8_m090_split,8,split,4,perturb_1,6,6,0,0,0
r8_m090_split,8,split,4,perturb_2,6,0,6,6,0
r8_m090_split,8,split,4,perturb_3,6,0,6,6,0
r8_m090_split,8,split,4,perturb_4,6,2,4,4,0
r8_m090_split,8,split,4,perturb_5,6,0,6,6,0
r8_m090_split,8,split,4,perturb_6,6,0,6,6,0
r8_m090_split,8,split,4,perturb_7,6,0,6,6,0
r8_m090_same,8,same,4,perturb_0,6,6,0,0,0
r8_m090_same,8,same,4,perturb_1,6,6,0,0,0
r8_m090_same,8,same,4,perturb_2,6,0,6,6,0
r8_m090_same,8,same,4,perturb_3,6,0,6,6,0
r8_m090_same,8,same,4,perturb_4,6,1,5,5,0
r8_m090_same,8,same,4,perturb_5,6,0,6,6,0
r8_m090_same,8,same,4,perturb_6,6,0,6,6,0
r8_m090_same,8,same,4,perturb_7,6,1,5,5,0
r16_m090_split,16,split,4,perturb_0,6,6,0,0,0
r16_m090_split,16,split,4,perturb_1,6,6,0,0,0
r16_m090_split,16,split,4,perturb_2,6,0,6,6,0
r16_m090_split,16,split,4,perturb_3,6,0,6,6,0
r16_m090_split,16,split,4,perturb_4,6,2,4,4,0
r16_m090_split,16,split,4,perturb_5,6,0,6,6,0
r16_m090_split,16,split,4,perturb_6,6,0,6,6,0
r16_m090_split,16,split,4,perturb_7,6,0,6,6,0
r16_m090_same,16,same,4,perturb_0,6,6,0,0,0
r16_m090_same,16,same,4,perturb_1,6,6,0,0,0
r16_m090_same,16,same,4,perturb_2,6,0,6,6,0
r16_m090_same,16,same,4,perturb_3,6,0,6,6,0
r16_m090_same,16,same,4,perturb_4,6,1,5,5,0
r16_m090_same,16,same,4,perturb_5,6,0,6,6,0
r16_m090_same,16,same,4,perturb_6,6,0,6,6,0
r16_m090_same,16,same,4,perturb_7,6,0,6,6,0
r8_m031_same,8,same,5,perturb_0,6,6,0,0,0
r8_m031_same,8,same,5,perturb_1,6,6,0,0,0
r8_m031_same,8,same,5,perturb_2,6,0,6,6,0
r8_m031_same,8,same,5,perturb_3,6,0,6,6,0
r8_m031_same,8,same,5,perturb_4,6,2,4,4,0
r8_m031_same,8,same,5,perturb_5,6,0,6,6,0
r8_m031_same,8,same,5,perturb_6,6,0,6,6,0
r8_m031_same,8,same,5,perturb_7,6,1,5,5,0
r8_m031_split,8,split,5,perturb_0,6,6,0,0,0
r8_m031_split,8,split,5,perturb_1,6,6,0,0,0
r8_m031_split,8,split,5,perturb_2,6,0,6,6,0
r8_m031_split,8,split,5,perturb_3,6,0,6,6,0
r8_m031_split,8,split,5,perturb_4,6,3,3,3,0
r8_m031_split,8,split,5,perturb_5,6,0,6,6,0
r8_m031_split,8,split,5,perturb_6,6,0,6,6,0
r8_m031_split,8,split,5,perturb_7,6,1,5,5,0
r8_m248_split,8,split,5,perturb_0,6,6,0,0,0
r8_m248_split,8,split,5,perturb_1,6,6,0,0,0
r8_m248_split,8,split,5,perturb_2,6,1,5,5,0
r8_m248_split,8,split,5,perturb_3,6,0,6,6,0
r8_m248_split,8,split,5,perturb_4,6,2,4,4,0
r8_m248_split,8,split,5,perturb_5,6,0,6,6,0
r8_m248_split,8,split,5,perturb_6,6,0,6,6,0
r8_m248_split,8,split,5,perturb_7,6,1,5,5,0
r8_m248_same,8,same,5,perturb_0,6,6,0,0,0
r8_m248_same,8,same,5,perturb_1,6,6,0,0,0
r8_m248_same,8,same,5,perturb_2,6,1,5,5,0
r8_m248_same,8,same,5,perturb_3,6,0,6,6,0
r8_m248_same,8,same,5,perturb_4,6,1,5,5,0
r8_m248_same,8,same,5,perturb_5,6,0,6,6,0
r8_m248_same,8,same,5,perturb_6,6,0,6,6,0
r8_m248_same,8,same,5,perturb_7,6,1,5,5,0
r8_m103_same,8,same,5,perturb_0,6,6,0,0,0
r8_m103_same,8,same,5,perturb_1,6,6,0,0,0
r8_m103_same,8,same,5,perturb_2,6,0,6,6,0
r8_m103_same,8,same,5,perturb_3,6,0,6,6,0
r8_m103_same,8,same,5,perturb_4,6,1,5,5,0
r8_m103_same,8,same,5,perturb_5,6,0,6,6,0
r8_m103_same,8,same,5,perturb_6,6,0,6,6,0
r8_m103_same,8,same,5,perturb_7,6,2,4,4,0
r8_m103_split,8,split,5,perturb_0,6,6,0,0,0
r8_m103_split,8,split,5,perturb_1,6,6,0,0,0
r8_m103_split,8,split,5,perturb_2,6,0,6,6,0
r8_m103_split,8,split,5,perturb_3,6,0,6,6,0
r8_m103_split,8,split,5,perturb_4,6,1,5,5,0
r8_m103_split,8,split,5,perturb_5,6,0,6,6,0
r8_m103_split,8,split,5,perturb_6,6,0,6,6,0
r8_m103_split,8,split,5,perturb_7,6,1,5,5,0
r8_m173_split,8,split,5,perturb_0,6,6,0,0,0
r8_m173_split,8,split,5,perturb_1,6,6,0,0,0
r8_m173_split,8,split,5,perturb_2,6,0,6,6,0
r8_m173_split,8,split,5,perturb_3,6,0,6,6,0
r8_m173_split,8,split,5,perturb_4,6,1,5,5,0
r8_m173_split,8,split,5,perturb_5,6,0,6,6,0
r8_m173_split,8,split,5,perturb_6,6,0,6,6,0
r8_m173_split,8,split,5,perturb_7,6,1,5,5,0
r8_m173_same,8,same,5,perturb_0,6,6,0,0,0
r8_m173_same,8,same,5,perturb_1,6,6,0,0,0
r8_m173_same,8,same,5,perturb_2,6,0,6,6,0
r8_m173_same,8,same,5,perturb_3,6,0,6,6,0
r8_m173_same,8,same,5,perturb_4,6,2,4,4,0
r8_m173_same,8,same,5,perturb_5,6,0,6,6,0
r8_m173_same,8,same,5,perturb_6,6,0,6,6,0
r8_m173_same,8,same,5,perturb_7,6,2,4,4,0
r8_m063_same,8,same,6,perturb_0,6,6,0,0,0
r8_m063_same,8,same,6,perturb_1,6,6,0,0,0
r8_m063_same,8,same,6,perturb_2,6,0,6,6,0
r8_m063_same,8,same,6,perturb_3,6,0,6,6,0
r8_m063_same,8,same,6,perturb_4,6,1,5,5,0
r8_m063_same,8,same,6,perturb_5,6,0,6,6,0
r8_m063_same,8,same,6,perturb_6,6,0,6,6,0
r8_m063_same,8,same,6,perturb_7,6,2,4,4,0
r8_m063_split,8,split,6,perturb_0,6,6,0,0,0
r8_m063_split,8,split,6,perturb_1,6,6,0,0,0
r8_m063_split,8,split,6,perturb_2,6,0,6,6,0
r8_m063_split,8,split,6,perturb_3,6,0,6,6,0
r8_m063_split,8,split,6,perturb_4,6,1,5,5,0
r8_m063_split,8,split,6,perturb_5,6,0,6,6,0
r8_m063_split,8,split,6,perturb_6,6,0,6,6,0
r8_m063_split,8,split,6,perturb_7,6,1,5,5,0
r8_m252_split,8,split,6,perturb_0,6,6,0,0,0
r8_m252_split,8,split,6,perturb_1,6,6,0,0,0
r8_m252_split,8,split,6,perturb_2,6,0,6,6,0
r8_m252_split,8,split,6,perturb_3,6,0,6,6,0
r8_m252_split,8,split,6,perturb_4,6,1,5,5,0
r8_m252_split,8,split,6,perturb_5,6,0,6,6,0
r8_m252_split,8,split,6,perturb_6,6,0,6,6,0
r8_m252_split,8,split,6,perturb_7,6,0,6,6,0
r8_m252_same,8,same,6,perturb_0,6,6,0,0,0
r8_m252_same,8,same,6,perturb_1,6,6,0,0,0
r8_m252_same,8,same,6,perturb_2,6,0,6,6,0
r8_m252_same,8,same,6,perturb_3,6,0,6,6,0
r8_m252_same,8,same,6,perturb_4,6,1,5,5,0
r8_m252_same,8,same,6,perturb_5,6,0,6,6,0
r8_m252_same,8,same,6,perturb_6,6,0,6,6,0
r8_m252_same,8,same,6,perturb_7,6,1,5,5,0
r8_m219_same,8,same,6,perturb_0,6,6,0,0,0
r8_m219_same,8,same,6,perturb_1,6,6,0,0,0
r8_m219_same,8,same,6,perturb_2,6,0,6,6,0
r8_m219_same,8,same,6,perturb_3,6,0,6,6,0
r8_m219_same,8,same,6,perturb_4,6,0,6,6,0
r8_m219_same,8,same,6,perturb_5,6,0,6,6,0
r8_m219_same,8,same,6,perturb_6,6,0,6,6,0
r8_m219_same,8,same,6,perturb_7,6,1,5,5,0
r8_m219_split,8,split,6,perturb_0,6,6,0,0,0
r8_m219_split,8,split,6,perturb_1,6,6,0,0,0
r8_m219_split,8,split,6,perturb_2,6,0,6,6,0
r8_m219_split,8,split,6,perturb_3,6,0,6,6,0
r8_m219_split,8,split,6,perturb_4,6,1,5,5,0
r8_m219_split,8,split,6,perturb_5,6,0,6,6,0
r8_m219_split,8,split,6,perturb_6,6,0,6,6,0
r8_m219_split,8,split,6,perturb_7,6,1,5,5,0
r8_m231_split,8,split,6,perturb_0,6,6,0,0,0
r8_m231_split,8,split,6,perturb_1,6,6,0,0,0
r8_m231_split,8,split,6,perturb_2,6,0,6,6,0
r8_m231_split,8,split,6,perturb_3,6,0,6,6,0
r8_m231_split,8,split,6,perturb_4,6,2,4,4,0
r8_m231_split,8,split,6,perturb_5,6,0,6,6,0
r8_m231_split,8,split,6,perturb_6,6,0,6,6,0
r8_m231_split,8,split,6,perturb_7,6,2,4,4,0
r8_m231_same,8,same,6,perturb_0,6,6,0,0,0
r8_m231_same,8,same,6,perturb_1,6,6,0,0,0
r8_m231_same,8,same,6,perturb_2,6,0,6,6,0
r8_m231_same,8,same,6,perturb_3,6,0,6,6,0
r8_m231_same,8,same,6,perturb_4,6,2,4,4,0
r8_m231_same,8,same,6,perturb_5,6,0,6,6,0
r8_m231_same,8,same,6,perturb_6,6,0,6,6,0
r8_m231_same,8,same,6,perturb_7,6,3,3,3,0
r8_m127_same,8,same,7,perturb_0,6,6,0,0,0
r8_m127_same,8,same,7,perturb_1,6,6,0,0,0
r8_m127_same,8,same,7,perturb_2,6,0,6,6,0
r8_m127_same,8,same,7,perturb_3,6,1,5,5,0
r8_m127_same,8,same,7,perturb_4,6,1,5,5,0
r8_m127_same,8,same,7,perturb_5,6,0,6,6,0
r8_m127_same,8,same,7,perturb_6,6,0,6,6,0
r8_m127_same,8,same,7,perturb_7,6,2,4,4,0
r8_m127_split,8,split,7,perturb_0,6,6,0,0,0
r8_m127_split,8,split,7,perturb_1,6,6,0,0,0
r8_m127_split,8,split,7,perturb_2,6,0,6,6,0
r8_m127_split,8,split,7,perturb_3,6,1,5,5,0
r8_m127_split,8,split,7,perturb_4,6,1,5,5,0
r8_m127_split,8,split,7,perturb_5,6,0,6,6,0
r8_m127_split,8,split,7,perturb_6,6,0,6,6,0
r8_m127_split,8,split,7,perturb_7,6,2,4,4,0
r8_m254_split,8,split,7,perturb_0,6,6,0,0,0
r8_m254_split,8,split,7,perturb_1,6,6,0,0,0
r8_m254_split,8,split,7,perturb_2,6,0,6,6,0
r8_m254_split,8,split,7,perturb_3,6,1,5,5,0
r8_m254_split,8,split,7,perturb_4,6,1,5,5,0
r8_m254_split,8,split,7,perturb_5,6,0,6,6,0
r8_m254_split,8,split,7,perturb_6,6,0,6,6,0
r8_m254_split,8,split,7,perturb_7,6,0,6,6,0
r8_m254_same,8,same,7,perturb_0,6,6,0,0,0
r8_m254_same,8,same,7,perturb_1,6,6,0,0,0
r8_m254_same,8,same,7,perturb_2,6,0,6,6,0
r8_m254_same,8,same,7,perturb_3,6,1,5,5,0
r8_m254_same,8,same,7,perturb_4,6,1,5,5,0
r8_m254_same,8,same,7,perturb_5,6,0,6,6,0
r8_m254_same,8,same,7,perturb_6,6,0,6,6,0
r8_m254_same,8,same,7,perturb_7,6,2,4,4,0
r8_m191_same,8,same,7,perturb_0,6,6,0,0,0
r8_m191_same,8,same,7,perturb_1,6,6,0,0,0
r8_m191_same,8,same,7,perturb_2,6,0,6,6,0
r8_m191_same,8,same,7,perturb_3,6,0,6,6,0
r8_m191_same,8,same,7,perturb_4,6,0,6,6,0
r8_m191_same,8,same,7,perturb_5,6,0,6,6,0
r8_m191_same,8,same,7,perturb_6,6,0,6,6,0
r8_m191_same,8,same,7,perturb_7,6,0,6,6,0
r8_m191_split,8,split,7,perturb_0,6,6,0,0,0
r8_m191_split,8,split,7,perturb_1,6,6,0,0,0
r8_m191_split,8,split,7,perturb_2,6,0,6,6,0
r8_m191_split,8,split,7,perturb_3,6,0,6,6,0
r8_m191_split,8,split,7,perturb_4,6,0,6,6,0
r8_m191_split,8,split,7,perturb_5,6,0,6,6,0
r8_m191_split,8,split,7,perturb_6,6,0,6,6,0
r8_m191_split,8,split,7,perturb_7,6,0,6,6,0
r8_m223_split,8,split,7,perturb_0,6,6,0,0,0
r8_m223_split,8,split,7,perturb_1,6,6,0,0,0
r8_m223_split,8,split,7,perturb_2,6,0,6,6,0
r8_m223_split,8,split,7,perturb_3,6,0,6,6,0
r8_m223_split,8,split,7,perturb_4,6,0,6,6,0
r8_m223_split,8,split,7,perturb_5,6,0,6,6,0
r8_m223_split,8,split,7,perturb_6,6,0,6,6,0
r8_m223_split,8,split,7,perturb_7,6,3,3,3,0
r8_m223_same,8,same,7,perturb_0,6,6,0,0,0
r8_m223_same,8,same,7,perturb_1,6,6,0,0,0
r8_m223_same,8,same,7,perturb_2,6,0,6,6,0
r8_m223_same,8,same,7,perturb_3,6,0,6,6,0
r8_m223_same,8,same,7,perturb_4,6,2,4,4,0
r8_m223_same,8,same,7,perturb_5,6,0,6,6,0
r8_m223_same,8,same,7,perturb_6,6,0,6,6,0
r8_m223_same,8,same,7,perturb_7,6,3,3,3,0
r8_m255_same,8,same,8,perturb_0,6,6,0,0,0
r8_m255_same,8,same,8,perturb_1,6,6,0,0,0
r8_m255_same,8,same,8,perturb_2,6,0,6,6,0
r8_m255_same,8,same,8,perturb_3,6,0,6,6,0
r8_m255_same,8,same,8,perturb_4,6,2,4,4,0
r8_m255_same,8,same,8,perturb_5,6,0,6,6,0
r8_m255_same,8,same,8,perturb_6,6,0,6,6,0
r8_m255_same,8,same,8,perturb_7,6,3,3,3,0
r8_m255_split,8,split,8,perturb_0,6,6,0,0,0
r8_m255_split,8,split,8,perturb_1,6,6,0,0,0
r8_m255_split,8,split,8,perturb_2,6,0,6,6,0
r8_m255_split,8,split,8,perturb_3,6,0,6,6,0
r8_m255_split,8,split,8,perturb_4,6,1,5,5,0
r8_m255_split,8,split,8,perturb_5,6,0,6,6,0
r8_m255_split,8,split,8,perturb_6,6,0,6,6,0
r8_m255_split,8,split,8,perturb_7,6,2,4,4,0
r16_m255_same,16,same,8,perturb_0,6,6,0,0,0
r16_m255_same,16,same,8,perturb_1,6,6,0,0,0
r16_m255_same,16,same,8,perturb_2,6,0,6,6,0
r16_m255_same,16,same,8,perturb_3,6,0,6,6,0
r16_m255_same,16,same,8,perturb_4,6,1,5,5,0
r16_m255_same,16,same,8,perturb_5,6,0,6,6,0
r16_m255_same,16,same,8,perturb_6,6,0,6,6,0
r16_m255_same,16,same,8,perturb_7,6,0,6,6,0
r16_m255_split,16,split,8,perturb_0,6,6,0,0,0
r16_m255_split,16,split,8,perturb_1,6,6,0,0,0
r16_m255_split,16,split,8,perturb_2,6,0,6,6,0
r16_m255_split,16,split,8,perturb_3,6,0,6,6,0
r16_m255_split,16,split,8,perturb_4,6,1,5,5,0
r16_m255_split,16,split,8,perturb_5,6,0,6,6,0
r16_m255_split,16,split,8,perturb_6,6,0,6,6,0
r16_m255_split,16,split,8,perturb_7,6,0,6,6,0
structured_split,8,split,8,structured,6,4,2,0,2
structured_same,8,same,8,structured,6,4,2,0,2
