resolution,palette,category,mode,operation,answer,case_sat,measurements,mean_us,sum_us,max_us,median_us,p95_us,mean_trial_mean_us,sum_trial_mean_us,max_trial_mean_us,mean_raw_max_us,sum_raw_max_us,max_raw_max_us,mean_nodes,sum_nodes,max_nodes,median_nodes,p95_nodes,mean_branches,sum_branches,max_branches,median_branches,p95_branches,mean_fixed_calls,sum_fixed_calls,max_fixed_calls,mean_component_solves,sum_component_solves,max_component_solves,mean_fixed_checks,sum_fixed_checks,max_fixed_checks,mean_fixed_rejections,sum_fixed_rejections,max_fixed_rejections,branching_fraction
8,split,camera,search,feasibility,SAT,True,207278,6.30444290277,1306772.316,331.071,6.169,9.074,7.05906457511,1463188.787,1708.389,8.65727015409,1794461.643,5110.816,1.10484470132,229010,9,1,2,0.104844701319,21732,8,0,1,0,0,0,0,0,0,0,0,0,0,0,0,0.0670066287787
8,split,perturbation,search,feasibility,SAT,True,438,4.77109360731,2089.739,31.417,4.467,7.724,5.56113850837,2435.77866667,115.534666667,7.2804543379,3188.839,307.756,1.41552511416,620,6,1,3,0.415525114155,182,5,0,2,0,0,0,0,0,0,0,0,0,0,0,0,0.251141552511
8,split,perturbation,search,feasibility,UNSAT,False,1002,1.33990419162,1342.584,9.394,0.601,4.838,1.57390053227,1577.04833333,61.069,2.06194810379,2066.072,180.653,1,1002,1,1,1,0,0,0,0,0,0,0,0,0,0,0,0,0,0,0,0,0,0
8,split,camera,search,projection,SAT,True,207278,9.94910731481,2062231.066,716.044,9.995,14.833,11.1017297751,2301144.34433,2719.60266667,13.5800590897,2814847.488,8135.623,1.51678904659,314397,45,1,3,0.207007014734,42908,32,0,1,0,0,0,0,0,0,0,0,0,0,0,0,0.0670066287787
8,split,perturbation,search,projection,SAT,True,438,9.13751141553,4002.23,73.261,8.2625,20.8665,9.87483713851,4325.17866667,96.6163333333,11.6581347032,5106.263,237.118,2.71461187215,1189,27,1,10,0.945205479452,414,20,0,6,0,0,0,0,0,0,0,0,0,0,0,0,0.251141552511
8,split,perturbation,search,projection,UNSAT,False,1002,1.32961976048,1332.279,6.44,0.5955,4.687,1.53199467731,1535.05866667,40.9756666667,1.94803093812,1951.927,117.307,0,0,0,0,0,0,0,0,0,0,0,0,0,0,0,0,0,0,0,0,0,0,0
8,split,camera,search,query,SAT,True,18504,6.31543612192,116860.83,754.412,5.689,8.713,6.31543612192,116860.83,754.412,6.31543612192,116860.83,754.412,1.06993082577,19798,4,1,2,0.0699308257674,1294,3,0,1,0,0,0,0,0,0,0,0,0,0,0,0,0.0513942931258
8,split,camera,search,query,UNSAT,True,34728,1.42311886662,49422.072,1079.354,1.112,3.205,1.42311886662,49422.072,1079.354,1.42311886662,49422.072,1079.354,1,34728,1,1,1,0,0,0,0,0,0,0,0,0,0,0,0,0,0,0,0,0,0
8,split,perturbation,search,query,SAT,True,4038,5.26092322932,21243.608,2370.763,4.086,7.521,5.26092322932,21243.608,2370.763,5.26092322932,21243.608,2370.763,1.38088162457,5576,5,1,3,0.380881624567,1538,4,0,2,0,0,0,0,0,0,0,0,0,0,0,0,0.263001485884
8,split,perturbation,search,query,UNSAT,False,24048,0.897382069195,21580.244,496.922,0.171,3.124,0.897382069195,21580.244,496.922,0.897382069195,21580.244,496.922,1,24048,1,1,1,0,0,0,0,0,0,0,0,0,0,0,0,0,0,0,0,0,0
8,split,perturbation,search,query,UNSAT,True,6474,0.630910565338,4084.515,173.402,0.17,1.963,0.630910565338,4084.515,173.402,0.630910565338,4084.515,173.402,1,6474,1,1,1,0,0,0,0,0,0,0,0,0,0,0,0,0,0,0,0,0,0
8,split,camera,decomposition,feasibility,SAT,True,207278,6.29702466253,1305234.678,459.966,6.159,9.044,7.06820063071,1465082.49033,2065.18933333,8.70603218383,1804568.939,6179.274,1.14728046392,237806,13,1,2,0.104844701319,21732,8,0,1,0,0,0,0.042435762599,8796,4,0,0,0,0,0,0,0.0670066287787
8,split,perturbation,decomposition,feasibility,SAT,True,438,4.64997716895,2036.69,17.456,4.407,7.64115,5.10471461187,2235.865,42.1203333333,6.10557534247,2674.242,113.221,1.67351598174,733,10,1,5,0.415525114155,182,5,0,2,0,0,0,0.25799086758,113,4,0,0,0,0,0,0,0.251141552511
8,split,perturbation,decomposition,feasibility,UNSAT,False,1002,1.35270159681,1355.407,16.004,0.6005,4.847,1.44484797073,1447.73766667,35.854,1.66250499002,1665.83,93.962,1,1002,1,1,1,0,0,0,0,0,0,0,0,0,0,0,0,0,0,0,0,0,0
8,split,camera,decomposition,projection,SAT,True,207278,9.92797946236,2057851.727,546.677,10.005,14.812,11.0425207869,2288871.62367,2092.19966667,13.4484671166,2787571.367,6253.515,1.60896477195,333503,61,1,3,0.207007014734,42908,32,0,1,0,0,0,0.0921757253544,19106,16,0,0,0,0,0,0,0.0670066287787
8,split,perturbation,decomposition,projection,SAT,True,438,8.95863013699,3923.88,78.849,8.252,18.7255,9.85083333333,4314.665,71.655,11.910260274,5216.694,203.087,3.25570776256,1426,43,1,14,0.945205479452,414,20,0,6,0,0,0,0.541095890411,237,16,0,0,0,0,0,0,0.251141552511
8,split,perturbation,decomposition,projection,UNSAT,False,1002,1.34776047904,1350.456,21.923,0.601,4.84545,1.43067797738,1433.53933333,30.199,1.62621457086,1629.467,84.908,0,0,0,0,0,0,0,0,0,0,0,0,0,0,0,0,0,0,0,0,0,0,0
8,split,camera,decomposition,query,SAT,True,18504,6.37377069823,117940.253,893.362,5.669,8.753,6.37377069823,117940.253,893.362,6.37377069823,117940.253,893.362,1.10116731518,20376,7,1,2,0.0699308257674,1294,3,0,1,0,0,0,0.0312364894077,578,3,0,0,0,0,0,0,0.0513942931258
8,split,camera,decomposition,query,UNSAT,True,34728,1.40842285764,48911.709,550.133,1.121,3.215,1.40842285764,48911.709,550.133,1.40842285764,48911.709,550.133,1,34728,1,1,1,0,0,0,0,0,0,0,0,0,0,0,0,0,0,0,0,0,0
8,split,perturbation,decomposition,query,SAT,True,4038,5.28427934621,21337.92,2456.879,4.0415,7.3725,5.28427934621,21337.92,2456.879,5.28427934621,21337.92,2456.879,1.5745418524,6358,8,1,5,0.380881624567,1538,4,0,2,0,0,0,0.193660227836,782,3,0,0,0,0,0,0,0.263001485884
8,split,perturbation,decomposition,query,UNSAT,False,24048,0.867948519627,20872.426,172.261,0.18,3.115,0.867948519627,20872.426,172.261,0.867948519627,20872.426,172.261,1,24048,1,1,1,0,0,0,0,0,0,0,0,0,0,0,0,0,0,0,0,0,0
8,split,perturbation,decomposition,query,UNSAT,True,6474,0.624167902379,4040.863,175.145,0.161,1.993,0.624167902379,4040.863,175.145,0.624167902379,4040.863,175.145,1,6474,1,1,1,0,0,0,0,0,0,0,0,0,0,0,0,0,0,0,0,0,0
8,split,camera,fixed_hit,feasibility,SAT,True,207278,6.182998736,1281599.612,167.934,6.05,8.973,6.91337307063,1432990.14333,2468.833,8.46266929438,1754125.166,7385.447,1.03348160442,214218,9,1,1,0.0334816044153,6940,8,0,0,0.0583033414062,12085,1,0,0,0,0.0754590453401,15641,4,0.0171557039338,3556,4,0.0153947838169
8,split,perturbation,fixed_hit,feasibility,SAT,True,438,4.14386986301,1815.015,13.44,3.786,7.2055,4.66711339422,2044.19566667,54.212,5.78376940639,2533.291,158.82,1.0296803653,451,4,1,1,0.0296803652968,13,3,0,0,0.248858447489,109,1,0,0,0,0.267123287671,117,3,0.0182648401826,8,2,0.0159817351598
8,split,perturbation,fixed_hit,feasibility,UNSAT,False,1002,1.34084431138,1343.526,7.521,0.591,4.847,1.49135795077,1494.34066667,37.8003333333,1.81315768463,1816.784,109.065,1,1002,1,1,1,0,0,0,0,0,0,0,0,0,0,0,0,0,0,0,0,0,0
8,split,camera,fixed_hit,projection,SAT,True,207278,9.91122786789,2054379.49,443.401,9.945,14.872,10.9896472869,2277912.11033,1180.40333333,13.3185081678,2760633.736,3508.951,1.46927315007,304548,45,1,3,0.092016518878,19073,32,0,0,0.130655448239,27082,9,0,0,0,0.177143739326,36718,19,0.0464882910873,9636,16,0.0153947838169
8,split,perturbation,fixed_hit,projection,SAT,True,438,8.58731278539,3761.243,43.345,8.2775,16.30015,9.25444672755,4053.44766667,55.1003333333,10.7303812785,4699.907,151.609,2.2397260274,981,24,1,6,0.13698630137,60,14,0,0,0.7899543379,346,8,0,0,0,0.872146118721,382,15,0.0821917808219,36,8,0.0159817351598
8,split,perturbation,fixed_hit,projection,UNSAT,False,1002,1.33236227545,1335.027,6.25,0.5955,4.8465,1.48666833001,1489.64166667,65.2456666667,1.80928143713,1812.9,186.803,0,0,0,0,0,0,0,0,0,0,0,0,0,0,0,0,0,0,0,0,0,0,0
8,split,camera,fixed_hit,query,SAT,True,18504,6.30863505188,116734.983,2238.468,5.579,8.713,6.30863505188,116734.983,2238.468,6.30863505188,116734.983,2238.468,1.00810635538,18654,3,1,1,0.00810635538262,150,2,0,0,0.0478815391267,886,1,0,0,0,0.051934716818,961,2,0.00405317769131,75,1,0.00405317769131
8,split,camera,fixed_hit,query,UNSAT,True,34728,1.40045899562,48635.14,241.656,1.1115,3.234,1.40045899562,48635.14,241.656,1.40045899562,48635.14,241.656,1,34728,1,1,1,0,0,0,0,0,0,0,0,0,0,0,0,0,0,0,0,0,0
8,split,perturbation,fixed_hit,query,SAT,True,4038,4.25187989104,17169.091,212.902,3.475,7.101,4.25187989104,17169.091,212.902,4.25187989104,17169.091,212.902,1.03169886082,4166,4,1,1,0.0316988608222,128,3,0,0,0.259039128281,1046,1,0,0,0,0.278355621595,1124,3,0.0193164933135,78,2,0.0178306092125
8,split,perturbation,fixed_hit,query,UNSAT,False,24048,0.848497629741,20404.671,115.474,0.171,3.105,0.848497629741,20404.671,115.474,0.848497629741,20404.671,115.474,1,24048,1,1,1,0,0,0,0,0,0,0,0,0,0,0,0,0,0,0,0,0,0
8,split,perturbation,fixed_hit,query,UNSAT,True,6474,0.588752394192,3811.583,43.696,0.161,1.933,0.588752394192,3811.583,43.696,0.588752394192,3811.583,43.696,1,6474,1,1,1,0,0,0,0,0,0,0,0,0,0,0,0,0,0,0,0,0,0
8,split,camera,both,feasibility,SAT,True,207278,6.19348366445,1283772.907,1225.435,6.069,8.983,6.8906354831,1428277.14167,1290.10266667,8.38021109331,1737033.395,3856.257,1.05243199954,218146,13,1,1,0.0334816044153,6940,8,0,0,0.0614633487394,12740,3,0.0189503951215,3928,4,0.0859570239003,17817,5,0.0244936751609,5077,5,0.0153947838169
8,split,perturbation,both,feasibility,SAT,True,438,4.14449543379,1815.289,9.824,3.791,7.2755,4.59414459665,2012.23533333,35.2333333333,5.55315525114,2432.282,101.274,1.07077625571,469,7,1,1,0.0296803652968,13,3,0,0,0.260273972603,114,3,0.041095890411,18,4,0.292237442922,128,5,0.0319634703196,14,3,0.0159817351598
8,split,perturbation,both,feasibility,UNSAT,False,1002,1.33345708583,1336.124,6.24,0.601,4.837,1.45857085828,1461.488,44.03,1.72195309381,1725.397,122.025,1,1002,1,1,1,0,0,0,0,0,0,0,0,0,0,0,0,0,0,0,0,0,0
8,split,camera,both,projection,SAT,True,207278,9.92171544013,2056553.333,415.959,9.945,14.873,11.0600922738,2292513.80633,1742.17,13.5076902276,2799847.015,5195.954,1.52467700383,316032,61,1,3,0.0927112380475,19217,32,0,0,0.136690821023,28333,16,0.0553556093748,11474,22,0.206640357394,42832,30,0.0699495363714,14499,21,0.0153947838169
8,split,perturbation,both,projection,SAT,True,438,8.6180890411,3774.723,48.914,8.2175,15.878,9.30287975647,4074.66133333,75.628,10.8187374429,4738.607,201.736,2.39497716895,1049,46,1,6,0.13698630137,60,14,0,0,0.815068493151,357,16,0.155251141553,68,22,0.961187214612,421,30,0.146118721461,64,14,0.0159817351598
8,split,perturbation,both,projection,UNSAT,False,1002,1.33344810379,1336.115,8.723,0.601,4.83695,1.50733333333,1510.348,83.0926666667,1.87,1873.74,245.792,0,0,0,0,0,0,0,0,0,0,0,0,0,0,0,0,0,0,0,0,0,0,0
8,split,camera,both,query,SAT,True,18504,6.35816255945,117651.44,963.138,5.5535,8.724,6.35816255945,117651.44,963.138,6.35816255945,117651.44,963.138,1.00918720277,18674,5,1,1,0.00810635538262,150,2,0,0,0.0478815391267,886,1,0.00108084738435,20,2,0.0524751405102,971,3,0.00459360138348,85,2,0.00405317769131
8,split,camera,both,query,UNSAT,True,34728,1.3886520387,48225.108,299.663,1.112,3.215,1.3886520387,48225.108,299.663,1.3886520387,48225.108,299.663,1,34728,1,1,1,0,0,0,0,0,0,0,0,0,0,0,0,0,0,0,0,0,0
8,split,perturbation,both,query,SAT,True,4038,4.55188038633,18380.493,954.215,3.465,7.071,4.55188038633,18380.493,954.215,4.55188038633,18380.493,954.215,1.06636948985,4306,7,1,1,0.0316988608222,128,3,0,0,0.263496780584,1064,2,0.0346706290243,140,3,0.297672114908,1202,4,0.0341753343239,138,3,0.0178306092125
8,split,perturbation,both,query,UNSAT,False,24048,0.852919951763,20511.019,104.989,0.171,3.085,0.852919951763,20511.019,104.989,0.852919951763,20511.019,104.989,1,24048,1,1,1,0,0,0,0,0,0,0,0,0,0,0,0,0,0,0,0,0,0
8,split,perturbation,both,query,UNSAT,True,6474,0.635014983009,4111.087,242.027,0.161,1.953,0.635014983009,4111.087,242.027,0.635014983009,4111.087,242.027,1,6474,1,1,1,0,0,0,0,0,0,0,0,0,0,0,0,0,0,0,0,0,0
8,same,camera,search,feasibility,SAT,True,167493,6.78773313512,1136897.786,288.247,6.5,10.767,7.57558968235,1268858.24267,985.995333333,9.26706458777,1552168.449,2945.147,1.16095598025,194452,9,1,2,0.16095598025,26959,8,0,1,0,0,0,0,0,0,0,0,0,0,0,0,0.10212367084
8,same,perturbation,search,feasibility,SAT,True,450,4.99971111111,2249.87,14.573,4.6925,8.96445,5.64795259259,2541.57866667,86.02,7.05822666667,3176.202,243.017,1.45777777778,656,6,1,3,0.457777777778,206,5,0,2,0,0,0,0,0,0,0,0,0,0,0,0,0.28
8,same,perturbation,search,feasibility,UNSAT,False,990,1.39547474747,1381.52,6.94,0.596,5.1025,1.51277138047,1497.64366667,23.3486666667,1.76458888889,1746.943,59.49,1,990,1,1,1,0,0,0,0,0,0,0,0,0,0,0,0,0,0,0,0,0,0
8,same,camera,search,projection,SAT,True,167493,11.3525261951,1901468.67,419.965,10.406,21.603,12.6143193745,2112810.195,1385.757,15.3526054641,2571453.947,4015.487,1.80333506475,302046,45,1,5,0.325655400524,54545,32,0,2,0,0,0,0,0,0,0,0,0,0,0,0,0.10212367084
8,same,perturbation,search,projection,SAT,True,450,10.1929666667,4586.835,47.432,8.698,22.293,11.6730348148,5252.86566667,92.3063333333,14.8665533333,6689.949,268.276,3.02222222222,1360,27,2,10,1.05555555556,475,20,0,6,0,0,0,0,0,0,0,0,0,0,0,0,0.28
8,same,perturbation,search,projection,UNSAT,False,990,1.40548080808,1391.426,8.263,0.596,5.1135,1.52757878788,1512.303,21.4023333333,1.78480909091,1766.961,61.703,0,0,0,0,0,0,0,0,0,0,0,0,0,0,0,0,0,0,0,0,0,0,0
8,same,camera,search,query,SAT,True,15624,6.85563191244,107112.393,3172.822,6.029,10.276,6.85563191244,107112.393,3172.822,6.85563191244,107112.393,3172.822,1.13088837686,17669,5,1,2,0.130888376856,2045,4,0,1,0,0,0,0,0,0,0,0,0,0,0,0,0.0995903737839
8,same,camera,search,query,UNSAT,True,28152,1.44556670929,40695.594,783.676,1.082,3.385,1.44556670929,40695.594,783.676,1.44556670929,40695.594,783.676,1,28152,1,1,1,0,0,0,0,0,0,0,0,0,0,0,0,0,0,0,0,0,0
8,same,perturbation,search,query,SAT,True,4256,6.13011513158,26089.77,2156.073,4.327,8.6955,6.13011513158,26089.77,2156.073,6.13011513158,26089.77,2156.073,1.41447368421,6020,5,1,3,0.414473684211,1764,4,0,2,0,0,0,0,0,0,0,0,0,0,0,0,0.285479323308
8,same,perturbation,search,query,UNSAT,False,23760,0.883383333333,20989.188,202.026,0.17,3.375,0.883383333333,20989.188,202.026,0.883383333333,20989.188,202.026,1,23760,1,1,1,0,0,0,0,0,0,0,0,0,0,0,0,0,0,0,0,0,0
8,same,perturbation,search,query,UNSAT,True,6544,0.639707212714,4186.244,61.142,0.161,2.07385,0.639707212714,4186.244,61.142,0.639707212714,4186.244,61.142,1,6544,1,1,1,0,0,0,0,0,0,0,0,0,0,0,0,0,0,0,0,0,0
8,same,camera,decomposition,feasibility,SAT,True,167493,6.76700133737,1133425.355,108.814,6.48,10.736,7.57971958032,1269549.97167,2328.26733333,9.3169246476,1560519.66,6977.962,1.21748371574,203920,13,1,2,0.16095598025,26959,8,0,1,0,0,0,0.0565277354875,9468,4,0,0,0,0,0,0,0.10212367084
8,same,perturbation,decomposition,feasibility,SAT,True,450,4.88765555556,2199.445,14.021,4.657,8.725,5.14590888889,2315.659,19.9896666667,5.74003333333,2583.015,53.45,1.72666666667,777,10,1,5,0.457777777778,206,5,0,2,0,0,0,0.268888888889,121,4,0,0,0,0,0,0,0.28
8,same,perturbation,decomposition,feasibility,UNSAT,False,990,1.39716969697,1383.198,6.931,0.5955,5.109,1.5498013468,1534.30333333,46.584,1.87447373737,1855.729,131.449,1,990,1,1,1,0,0,0,0,0,0,0,0,0,0,0,0,0,0,0,0,0,0
8,same,camera,decomposition,projection,SAT,True,167493,11.3077021189,1893960.951,604.164,10.406,21.393,12.5453257987,2101254.254,1324.234,15.2271475942,2550440.632,3944.63,1.9309941311,323428,61,1,5,0.325655400524,54545,32,0,2,0,0,0,0.127659066349,21382,16,0,0,0,0,0,0,0.10212367084
8,same,perturbation,decomposition,projection,SAT,True,450,10.0794977778,4535.774,94.122,8.7335,20.971,10.8657874074,4889.60433333,101.049333333,12.7283244444,5727.746,189.276,3.59333333333,1617,43,2,14,1.05555555556,475,20,0,6,0,0,0,0.571111111111,257,16,0,0,0,0,0,0,0.28
8,same,perturbation,decomposition,projection,UNSAT,False,990,1.40766565657,1393.589,8.303,0.6,5.108,1.49456936027,1479.62366667,21.626,1.68406060606,1667.22,53.962,0,0,0,0,0,0,0,0,0,0,0,0,0,0,0,0,0,0,0,0,0,0,0
8,same,camera,decomposition,query,SAT,True,15624,6.81885637481,106537.812,824.458,6.029,10.3545,6.81885637481,106537.812,824.458,6.81885637481,106537.812,824.458,1.1712109575,18299,7,1,2,0.130888376856,2045,4,0,1,0,0,0,0.0403225806452,630,3,0,0,0,0,0,0,0.0995903737839
8,same,camera,decomposition,query,UNSAT,True,28152,1.51833084683,42744.05,1522.154,1.091,3.376,1.51833084683,42744.05,1522.154,1.51833084683,42744.05,1522.154,1,28152,1,1,1,0,0,0,0,0,0,0,0,0,0,0,0,0,0,0,0,0,0
8,same,perturbation,decomposition,query,SAT,True,4256,4.86619948308,20710.545,345.278,4.277,8.25525,4.86619948308,20710.545,345.278,4.86619948308,20710.545,345.278,1.61513157895,6874,8,1,5,0.414473684211,1764,4,0,2,0,0,0,0.200657894737,854,3,0,0,0,0,0,0,0.285479323308
8,same,perturbation,decomposition,query,UNSAT,False,23760,0.922396675084,21916.145,210.458,0.17,3.445,0.922396675084,21916.145,210.458,0.922396675084,21916.145,210.458,1,23760,1,1,1,0,0,0,0,0,0,0,0,0,0,0,0,0,0,0,0,0,0
8,same,perturbation,decomposition,query,UNSAT,True,6544,0.634305012225,4150.892,69.776,0.161,2.11385,0.634305012225,4150.892,69.776,0.634305012225,4150.892,69.776,1,6544,1,1,1,0,0,0,0,0,0,0,0,0,0,0,0,0,0,0,0,0,0
8,same,camera,fixed_hit,feasibility,SAT,True,167493,6.59709965193,1104968.012,141.755,6.39,10.426,7.3942707954,1238488.59833,1853.29133333,9.0963128071,1523568.721,5539.384,1.06794313792,178873,9,1,1,0.0679431379222,11380,8,0,0,0.0781764014018,13094,1,0,0,0,0.122649901787,20543,4,0.0444735003851,7449,4,0.0397628557611
8,same,perturbation,fixed_hit,feasibility,SAT,True,450,4.34295555556,1954.33,11.277,3.976,7.8875,4.79548222222,2157.967,52.3056666667,5.77562888889,2599.033,144.639,1.05777777778,476,4,1,1,0.0577777777778,26,3,0,0,0.271111111111,122,1,0,0,0,0.308888888889,139,3,0.0377777777778,17,2,0.0355555555556
8,same,perturbation,fixed_hit,feasibility,UNSAT,False,990,1.39787777778,1383.899,7.402,0.596,5.11305,1.51276127946,1497.63366667,35.043,1.76277373737,1745.146,99.471,1,990,1,1,1,0,0,0,0,0,0,0,0,0,0,0,0,0,0,0,0,0,0
8,same,camera,fixed_hit,projection,SAT,True,167493,11.2984081723,1892404.28,189.607,10.316,21.633,12.5774387049,2106632.941,1608.71133333,15.3459067603,2570331.961,4723.409,1.74195936547,291766,45,1,4,0.171147450938,28666,32,0,0,0.182897195704,30634,9,0,0,0,0.290412136627,48642,19,0.107514940923,18008,16,0.0397628557611
8,same,perturbation,fixed_hit,projection,SAT,True,450,9.68823111111,4359.704,45.89,8.533,19.8011,11.1510074074,5017.95333333,80.432,14.2729177778,6422.813,208.035,2.53555555556,1141,24,2,7,0.222222222222,100,14,0,0,0.835555555556,376,9,0,0,0,0.98,441,15,0.144444444444,65,8,0.0355555555556
8,same,perturbation,fixed_hit,projection,UNSAT,False,990,1.4087010101,1394.614,8.342,0.591,5.10755,1.67646363636,1659.699,209.527,2.22912525253,2206.834,621.871,0,0,0,0,0,0,0,0,0,0,0,0,0,0,0,0,0,0,0,0,0,0,0
8,same,camera,fixed_hit,query,SAT,True,15624,6.66625505632,104153.569,1124.983,5.949,10.066,6.66625505632,104153.569,1124.983,6.66625505632,104153.569,1124.983,1.0410266257,16265,5,1,1,0.041026625704,641,4,0,0,0.0751408090118,1174,1,0,0,0,0.106118791603,1658,3,0.0309779825909,484,2,0.0299539170507
8,same,camera,fixed_hit,query,UNSAT,True,28152,1.44861857062,40781.51,767.842,1.081,3.375,1.44861857062,40781.51,767.842,1.44861857062,40781.51,767.842,1,28152,1,1,1,0,0,0,0,0,0,0,0,0,0,0,0,0,0,0,0,0,0
8,same,perturbation,fixed_hit,query,SAT,True,4256,4.59047321429,19537.054,841.304,3.5955,7.65425,4.59047321429,19537.054,841.304,4.59047321429,19537.054,841.304,1.05521616541,4491,4,1,1,0.0552161654135,235,3,0,0,0.274436090226,1168,1,0,0,0,0.310620300752,1322,3,0.0361842105263,154,2,0.0347744360902
8,same,perturbation,fixed_hit,query,UNSAT,False,23760,1.00191746633,23805.559,2061.991,0.171,3.455,1.00191746633,23805.559,2061.991,1.00191746633,23805.559,2061.991,1,23760,1,1,1,0,0,0,0,0,0,0,0,0,0,0,0,0,0,0,0,0,0
8,same,perturbation,fixed_hit,query,UNSAT,True,6544,0.614406479218,4020.676,94.433,0.161,2.114,0.614406479218,4020.676,94.433,0.614406479218,4020.676,94.433,1,6544,1,1,1,0,0,0,0,0,0,0,0,0,0,0,0,0,0,0,0,0,0
8,same,camera,both,feasibility,SAT,True,167493,6.60470556979,1106241.95,201.314,6.41,10.416,7.36540677919,1233654.07767,882.359,8.99599948058,1506766.941,2632.665,1.09623088726,183611,13,1,1,0.0679431379222,11380,8,0,0,0.0832691515466,13947,3,0.0282877493388,4738,4,0.139241639949,23322,5,0.0559724884025,9375,5,0.0397628557611
8,same,perturbation,both,feasibility,SAT,True,450,4.37875333333,1970.439,16.615,3.921,8.1675,4.67126962963,2102.07133333,18.565,5.34483333333,2405.175,34.733,1.12,504,7,1,1,0.0577777777778,26,3,0,0,0.288888888889,130,3,0.0622222222222,28,4,0.351111111111,158,5,0.0622222222222,28,3,0.0355555555556
8,same,perturbation,both,feasibility,UNSAT,False,990,1.40044444444,1386.44,7.531,0.591,5.09295,1.57503838384,1559.288,29.0236666667,1.94488888889,1925.44,77.978,1,990,1,1,1,0,0,0,0,0,0,0,0,0,0,0,0,0,0,0,0,0,0
8,same,camera,both,projection,SAT,True,167493,11.3210085377,1896189.683,201.656,10.316,21.612,12.5600395917,2103718.71133,1635.998,15.2506563558,2554378.185,4893.441,1.82595093526,305834,61,1,4,0.171147450938,28666,32,0,0,0.192790146454,32291,16,0.0839915697969,14068,22,0.336652875046,56387,30,0.143862728592,24096,21,0.0397628557611
8,same,perturbation,both,projection,SAT,True,450,9.74343111111,4384.544,49.565,8.598,19.72655,10.3145755556,4641.559,51.3776666667,11.6605533333,5247.249,75.805,2.73555555556,1231,46,2,7,0.222222222222,100,14,0,0,0.866666666667,390,16,0.2,90,22,1.09777777778,494,30,0.231111111111,104,14,0.0355555555556
8,same,perturbation,both,projection,UNSAT,False,990,1.41239292929,1398.269,9.344,0.596,5.128,1.5280016835,1512.72166667,43.6893333333,1.77786464646,1760.086,124.558,0,0,0,0,0,0,0,0,0,0,0,0,0,0,0,0,0,0,0,0,0,0,0
8,same,camera,both,query,SAT,True,15624,7.20900569636,112633.505,7893.432,5.939,10.066,7.20900569636,112633.505,7893.432,7.20900569636,112633.505,7893.432,1.04563492063,16337,6,1,1,0.041026625704,641,4,0,0,0.0752688172043,1176,2,0.00460829493088,72,2,0.108550947261,1696,4,0.0332821300563,520,3,0.0299539170507
8,same,camera,both,query,UNSAT,True,28152,1.39926644643,39392.149,207.153,1.091,3.375,1.39926644643,39392.149,207.153,1.39926644643,39392.149,207.153,1,28152,1,1,1,0,0,0,0,0,0,0,0,0,0,0,0,0,0,0,0,0,0
8,same,perturbation,both,query,SAT,True,4256,4.5879668703,19526.387,261.976,3.606,7.80125,4.5879668703,19526.387,261.976,4.5879668703,19526.387,261.976,1.1017387218,4689,7,1,1,0.0552161654135,235,3,0,0,0.280310150376,1193,2,0.046522556391,198,3,0.337406015038,1436,4,0.0570958646617,243,3,0.0347744360902
8,same,perturbation,both,query,UNSAT,False,23760,0.90424726431,21484.915,228.485,0.171,3.3755,0.90424726431,21484.915,228.485,0.90424726431,21484.915,228.485,1,23760,1,1,1,0,0,0,0,0,0,0,0,0,0,0,0,0,0,0,0,0,0
8,same,perturbation,both,query,UNSAT,True,6544,0.692549358191,4532.043,293.224,0.161,2.123,0.692549358191,4532.043,293.224,0.692549358191,4532.043,293.224,1,6544,1,1,1,0,0,0,0,0,0,0,0,0,0,0,0,0,0,0,0,0,0
16,split,camera,search,feasibility,SAT,True,58016,8.80482337631,510820.633,309.058,7.191,18.728,9.82413877781,569957.235333,708.301666667,12.0025633963,696340.718,2094.088,1.00296469939,58188,3,1,1,0.00296469939327,172,2,0,0,0,0,0,0,0,0,0,0,0,0,0,0,0.00294746276889
16,split,perturbation,search,feasibility,SAT,True,76,6.56897368421,499.242,18.869,4.402,15.1555,7.50987280702,570.750333333,69.7023333333,9.45472368421,718.559,181.495,1,76,1,1,1,0,0,0,0,0,0,0,0,0,0,0,0,0,0,0,0,0,0
16,split,perturbation,search,feasibility,UNSAT,False,212,1.90126415094,403.068,13.41,0.691,7.207,2.07506603774,439.914,21.1353333333,2.44208962264,517.723,48.013,1,212,1,1,1,0,0,0,0,0,0,0,0,0,0,0,0,0,0,0,0,0,0
16,split,camera,search,projection,SAT,True,58016,14.3078857212,830086.298,142.225,11.528,29.695,15.8780858556,921183.029,782.794666667,19.2650274062,1117679.83,2337.287,1.19941050745,69585,7,1,2,0.0034473248759,200,4,0,0,0,0,0,0,0,0,0,0,0,0,0,0,0.00294746276889
16,split,perturbation,search,projection,SAT,True,76,11.5770526316,879.856,40.671,7.827,25.7215,12.1122368421,920.53,41.3356666667,13.3210263158,1012.398,42.955,1.27631578947,97,4,1,3,0,0,0,0,0,0,0,0,0,0,0,0,0,0,0,0,0,0
16,split,perturbation,search,projection,UNSAT,False,212,1.90123113208,403.061,13.481,0.686,7.24395,2.05947012579,436.607666667,20.7886666667,2.38861792453,506.387,52.31,0,0,0,0,0,0,0,0,0,0,0,0,0,0,0,0,0,0,0,0,0,0,0
16,split,camera,search,query,SAT,True,5049,9.96632244009,50319.962,4080.255,7.02,18.7506,9.96632244009,50319.962,4080.255,9.96632244009,50319.962,4080.255,1.00237670826,5061,2,1,1,0.00237670825906,12,1,0,0,0,0,0,0,0,0,0,0,0,0,0,0,0.00237670825906
16,split,camera,search,query,UNSAT,True,9735,1.56916106831,15275.783,260.434,1.112,4.227,1.56916106831,15275.783,260.434,1.56916106831,15275.783,260.434,1,9735,1,1,1,0,0,0,0,0,0,0,0,0,0,0,0,0,0,0,0,0,0
16,split,perturbation,search,query,SAT,True,629,6.81570588235,4287.079,46.52,4.376,15.916,6.81570588235,4287.079,46.52,6.81570588235,4287.079,46.52,1,629,1,1,1,0,0,0,0,0,0,0,0,0,0,0,0,0,0,0,0,0,0
16,split,perturbation,search,query,UNSAT,False,5088,1.0662769261,5425.217,57.547,0.2105,5.018,1.0662769261,5425.217,57.547,1.0662769261,5425.217,57.547,1,5088,1,1,1,0,0,0,0,0,0,0,0,0,0,0,0,0,0,0,0,0,0
16,split,perturbation,search,query,UNSAT,True,1195,0.767520502092,917.187,72.721,0.17,2.3287,0.767520502092,917.187,72.721,0.767520502092,917.187,72.721,1,1195,1,1,1,0,0,0,0,0,0,0,0,0,0,0,0,0,0,0,0,0,0
16,split,camera,decomposition,feasibility,SAT,True,58016,8.80154129895,510630.22,137.137,7.201,18.718,9.79330416322,568168.334333,712.088333333,11.9137979351,691190.901,2112.259,1.00299917264,58190,5,1,1,0.00296469939327,172,2,0,0,0,0,0,3.4473248759e-05,2,2,0,0,0,0,0,0,0.00294746276889
16,split,perturbation,decomposition,feasibility,SAT,True,76,6.63223684211,504.05,19.209,4.4515,15.6035,7.3566754386,559.107333333,23.282,8.91069736842,677.213,64.769,1,76,1,1,1,0,0,0,0,0,0,0,0,0,0,0,0,0,0,0,0,0,0
16,split,perturbation,decomposition,feasibility,UNSAT,False,212,1.90112735849,403.039,13.521,0.686,7.1925,2.43222327044,515.631333333,78.462,3.51403773585,744.976,230.388,1,212,1,1,1,0,0,0,0,0,0,0,0,0,0,0,0,0,0,0,0,0,0
16,split,camera,decomposition,projection,SAT,True,58016,14.3290897511,831316.471,220.915,11.528,29.715,15.8773143041,921138.266667,1041.14866667,19.2393526269,1116190.282,3070.516,1.19944498069,69587,9,1,2,0.0034473248759,200,4,0,0,0,0,0,3.4473248759e-05,2,2,0,0,0,0,0,0,0.00294746276889
16,split,perturbation,decomposition,projection,SAT,True,76,12.1756315789,925.348,86.04,7.7315,26.095,15.7157061404,1194.39366667,102.862333333,23.5285394737,1788.169,260.744,1.27631578947,97,4,1,3,0,0,0,0,0,0,0,0,0,0,0,0,0,0,0,0,0,0
16,split,perturbation,decomposition,projection,UNSAT,False,212,1.90447641509,403.749,13.47,0.686,7.2485,1.97078930818,417.807333333,13.5033333333,2.1195754717,449.35,17.316,0,0,0,0,0,0,0,0,0,0,0,0,0,0,0,0,0,0,0,0,0,0,0
16,split,camera,decomposition,query,SAT,True,5049,9.41697365815,47546.3,489.02,7.041,18.7544,9.41697365815,47546.3,489.02,9.41697365815,47546.3,489.02,1.00237670826,5061,2,1,1,0.00237670825906,12,1,0,0,0,0,0,0,0,0,0,0,0,0,0,0,0.00237670825906
16,split,camera,decomposition,query,UNSAT,True,9735,1.50763369286,14676.814,96.897,1.111,4.187,1.50763369286,14676.814,96.897,1.50763369286,14676.814,96.897,1,9735,1,1,1,0,0,0,0,0,0,0,0,0,0,0,0,0,0,0,0,0,0
16,split,perturbation,decomposition,query,SAT,True,629,6.97050397456,4384.447,69.114,4.517,16.2004,6.97050397456,4384.447,69.114,6.97050397456,4384.447,69.114,1,629,1,1,1,0,0,0,0,0,0,0,0,0,0,0,0,0,0,0,0,0,0
16,split,perturbation,decomposition,query,UNSAT,False,5088,1.28098093553,6517.631,416.981,0.215,4.997,1.28098093553,6517.631,416.981,1.28098093553,6517.631,416.981,1,5088,1,1,1,0,0,0,0,0,0,0,0,0,0,0,0,0,0,0,0,0,0
16,split,perturbation,decomposition,query,UNSAT,True,1195,0.706547280335,844.324,20.551,0.171,2.3027,0.706547280335,844.324,20.551,0.706547280335,844.324,20.551,1,1195,1,1,1,0,0,0,0,0,0,0,0,0,0,0,0,0,0,0,0,0,0
16,split,camera,fixed_hit,feasibility,SAT,True,58016,8.80394958287,510769.939,501.099,7.191,18.70125,9.90387952174,574583.474333,1359.84333333,12.2520348869,710814.056,3564.94,1,58016,1,1,1,0,0,0,0,0,0.00294746276889,171,1,0,0,0,0.00294746276889,171,1,0,0,0,0
16,split,perturbation,fixed_hit,feasibility,SAT,True,76,6.65463157895,505.752,19.67,4.462,15.71175,7.2764122807,553.007333333,31.377,8.64885526316,657.313,61.272,1,76,1,1,1,0,0,0,0,0,0,0,0,0,0,0,0,0,0,0,0,0,0
16,split,perturbation,fixed_hit,feasibility,UNSAT,False,212,1.90224528302,403.276,13.671,0.676,7.2815,2.22626257862,471.967666667,39.4063333333,2.89419339623,613.569,103.897,1,212,1,1,1,0,0,0,0,0,0,0,0,0,0,0,0,0,0,0,0,0,0
16,split,camera,fixed_hit,projection,SAT,True,58016,14.3156053847,830534.162,197.6,11.537,29.715,16.0375235567,930432.966667,1702.80333333,19.7364586493,1145030.385,5050.833,1.19847972973,69531,5,1,2,0,0,0,0,0,0.00305088251517,177,5,0,0,0,0.00305088251517,177,5,0,0,0,0
16,split,perturbation,fixed_hit,projection,SAT,True,76,11.6262894737,883.598,41.092,7.8015,26.56775,12.1574429825,923.965666667,41.439,13.4136973684,1019.441,73.21,1.27631578947,97,4,1,3,0,0,0,0,0,0,0,0,0,0,0,0,0,0,0,0,0,0
16,split,perturbation,fixed_hit,projection,UNSAT,False,212,1.90337264151,403.515,13.33,0.676,7.219,2.00116823899,424.247666667,13.6003333333,2.21186320755,468.915,24.568,0,0,0,0,0,0,0,0,0,0,0,0,0,0,0,0,0,0,0,0,0,0,0
16,split,camera,fixed_hit,query,SAT,True,5049,10.304922955,52029.556,2446.583,7.081,18.8844,10.304922955,52029.556,2446.583,10.304922955,52029.556,2446.583,1,5049,1,1,1,0,0,0,0,0,0.00237670825906,12,1,0,0,0,0.00237670825906,12,1,0,0,0,0
16,split,camera,fixed_hit,query,UNSAT,True,9735,1.59698222907,15546.622,290.971,1.121,4.286,1.59698222907,15546.622,290.971,1.59698222907,15546.622,290.971,1,9735,1,1,1,0,0,0,0,0,0,0,0,0,0,0,0,0,0,0,0,0,0
16,split,perturbation,fixed_hit,query,SAT,True,629,6.694936407,4211.115,81.764,4.567,15.2916,6.694936407,4211.115,81.764,6.694936407,4211.115,81.764,1,629,1,1,1,0,0,0,0,0,0,0,0,0,0,0,0,0,0,0,0,0,0
16,split,perturbation,fixed_hit,query,UNSAT,False,5088,1.11665212264,5681.526,132.46,0.2155,5.118,1.11665212264,5681.526,132.46,1.11665212264,5681.526,132.46,1,5088,1,1,1,0,0,0,0,0,0,0,0,0,0,0,0,0,0,0,0,0,0
16,split,perturbation,fixed_hit,query,UNSAT,True,1195,0.8007958159,956.951,165.962,0.17,2.3273,0.8007958159,956.951,165.962,0.8007958159,956.951,165.962,1,1195,1,1,1,0,0,0,0,0,0,0,0,0,0,0,0,0,0,0,0,0,0
16,split,camera,both,feasibility,SAT,True,58016,8.80481041437,510819.881,208.545,7.2,18.728,9.79943429973,568523.980333,792.392666667,11.9371128999,692543.542,2342.996,1,58016,1,1,1,0,0,0,0,0,0.00294746276889,171,1,0,0,0,0.00294746276889,171,1,0,0,0,0
16,split,perturbation,both,feasibility,SAT,True,76,6.61493421053,502.735,19.29,4.427,15.2575,7.01654824561,533.257666667,19.73,7.91117105263,601.249,49.325,1,76,1,1,1,0,0,0,0,0,0,0,0,0,0,0,0,0,0,0,0,0,0
16,split,perturbation,both,feasibility,UNSAT,False,212,1.89926415094,402.644,13.461,0.676,7.2035,1.99563679245,423.075,13.4703333333,2.20658962264,467.797,25.329,1,212,1,1,1,0,0,0,0,0,0,0,0,0,0,0,0,0,0,0,0,0,0
16,split,camera,both,projection,SAT,True,58016,14.3345272856,831631.935,142.175,11.538,29.705,16.0781872357,932792.110667,1070.994,19.8356062466,1150782.532,3181.565,1.19847972973,69531,5,1,2,0,0,0,0,0,0.00305088251517,177,5,0,0,0,0.00305088251517,177,5,0,0,0,0
16,split,perturbation,both,projection,SAT,True,76,11.60825,882.227,40.741,7.972,25.965,13.9344473684,1059.018,109.943,18.7369210526,1424.006,300.054,1.27631578947,97,4,1,3,0,0,0,0,0,0,0,0,0,0,0,0,0,0,0,0,0,0
16,split,perturbation,both,projection,UNSAT,False,212,1.90244339623,403.318,13.391,0.681,7.20645,1.95926257862,415.363666667,13.4476666667,2.08837735849,442.736,16.515,0,0,0,0,0,0,0,0,0,0,0,0,0,0,0,0,0,0,0,0,0,0,0
16,split,camera,both,query,SAT,True,5049,10.0456781541,50720.629,1577.899,7.011,18.9244,10.0456781541,50720.629,1577.899,10.0456781541,50720.629,1577.899,1,5049,1,1,1,0,0,0,0,0,0.00237670825906,12,1,0,0,0,0.00237670825906,12,1,0,0,0,0
16,split,camera,both,query,UNSAT,True,9735,1.64383821263,16002.765,773.893,1.112,4.3897,1.64383821263,16002.765,773.893,1.64383821263,16002.765,773.893,1,9735,1,1,1,0,0,0,0,0,0,0,0,0,0,0,0,0,0,0,0,0,0
16,split,perturbation,both,query,SAT,True,629,7.51417170111,4726.414,335.457,4.307,15.904,7.51417170111,4726.414,335.457,7.51417170111,4726.414,335.457,1,629,1,1,1,0,0,0,0,0,0,0,0,0,0,0,0,0,0,0,0,0,0
16,split,perturbation,both,query,UNSAT,False,5088,1.16284099843,5916.535,228.736,0.201,5.10765,1.16284099843,5916.535,228.736,1.16284099843,5916.535,228.736,1,5088,1,1,1,0,0,0,0,0,0,0,0,0,0,0,0,0,0,0,0,0,0
16,split,perturbation,both,query,UNSAT,True,1195,0.674127196653,805.582,21.953,0.17,2.292,0.674127196653,805.582,21.953,0.674127196653,805.582,21.953,1,1195,1,1,1,0,0,0,0,0,0,0,0,0,0,0,0,0,0,0,0,0,0
16,same,camera,search,feasibility,SAT,True,54944,9.11935667225,501053.933,749.465,7.11,20.812,10.0979180499,554820.009333,1702.246,12.2253318288,671708.632,5074.189,1.01062900408,55528,3,1,1,0.0106290040769,584,2,0,0,0,0,0,0,0,0,0,0,0,0,0,0,0.0103559988352
16,same,perturbation,search,feasibility,SAT,True,75,7.48646666667,561.485,74.813,4.577,16.241,8.07316888889,605.487666667,63.7096666667,10.0901066667,756.758,99.841,1,75,1,1,1,0,0,0,0,0,0,0,0,0,0,0,0,0,0,0,0,0,0
16,same,perturbation,search,feasibility,UNSAT,False,213,2.02766197183,431.892,16.125,0.671,8.4864,2.1945915493,467.448,18.1176666667,2.55429577465,544.065,51.809,1,213,1,1,1,0,0,0,0,0,0,0,0,0,0,0,0,0,0,0,0,0,0
16,same,camera,search,projection,SAT,True,54944,14.8778519402,817448.697,304.591,11.387,32.539,16.4930981181,906196.783,2370.63066667,19.9599253968,1096678.141,7076.098,1.25274825277,68831,8,1,3,0.0121942341293,670,4,0,0,0,0,0,0,0,0,0,0,0,0,0,0,0.0103559988352
16,same,perturbation,search,projection,SAT,True,75,12.2480533333,918.604,54.202,8.603,27.8822,16.2992488889,1222.44366667,298.605333333,24.53724,1840.293,841.554,1.33333333333,100,4,1,3,0,0,0,0,0,0,0,0,0,0,0,0,0,0,0,0,0,0
16,same,perturbation,search,projection,UNSAT,False,213,2.01707042254,429.636,16.035,0.681,8.457,2.37275586854,505.397,62.2576666667,3.102657277,660.866,176.808,0,0,0,0,0,0,0,0,0,0,0,0,0,0,0,0,0,0,0,0,0,0,0
16,same,camera,search,query,SAT,True,4808,9.26490682196,44545.672,276.157,6.891,20.74115,9.26490682196,44545.672,276.157,9.26490682196,44545.672,276.157,1.00623960067,4838,2,1,1,0.00623960066556,30,1,0,0,0,0,0,0,0,0,0,0,0,0,0,0,0.00623960066556
16,same,camera,search,query,UNSAT,True,9184,1.57005019599,14419.341,201.185,1.101,4.80635,1.57005019599,14419.341,201.185,1.57005019599,14419.341,201.185,1,9184,1,1,1,0,0,0,0,0,0,0,0,0,0,0,0,0,0,0,0,0,0
16,same,perturbation,search,query,SAT,True,625,7.1792608,4487.038,147.132,4.517,16.4068,7.1792608,4487.038,147.132,7.1792608,4487.038,147.132,1,625,1,1,1,0,0,0,0,0,0,0,0,0,0,0,0,0,0,0,0,0,0
16,same,perturbation,search,query,UNSAT,False,5112,1.16823043818,5971.994,89.806,0.24,5.358,1.16823043818,5971.994,89.806,1.16823043818,5971.994,89.806,1,5112,1,1,1,0,0,0,0,0,0,0,0,0,0,0,0,0,0,0,0,0,0
16,same,perturbation,search,query,UNSAT,True,1175,0.648445957447,761.924,8.413,0.161,2.2657,0.648445957447,761.924,8.413,0.648445957447,761.924,8.413,1,1175,1,1,1,0,0,0,0,0,0,0,0,0,0,0,0,0,0,0,0,0,0
16,same,camera,decomposition,feasibility,SAT,True,54944,9.08773074403,499316.278,97.728,7.101,20.821,10.1362883057,556928.224667,1364.58,12.3745582047,679907.726,4077.926,1.01077460687,55536,5,1,1,0.0106290040769,584,2,0,0,0,0,0,0.000145602795574,8,2,0,0,0,0,0,0,0.0103559988352
16,same,perturbation,decomposition,feasibility,SAT,True,75,6.79902666667,509.927,21.432,4.416,16.2313,7.38701777778,554.026333333,29.7216666667,8.7198,653.985,54.863,1,75,1,1,1,0,0,0,0,0,0,0,0,0,0,0,0,0,0,0,0,0,0
16,same,perturbation,decomposition,feasibility,UNSAT,False,213,2.03621126761,433.713,16.155,0.672,8.471,2.15873082942,459.809666667,22.047,2.42918779343,517.417,33.932,1,213,1,1,1,0,0,0,0,0,0,0,0,0,0,0,0,0,0,0,0,0,0
16,same,camera,decomposition,projection,SAT,True,54944,14.889260356,818075.521,334.957,11.388,32.57765,16.263458121,893579.443,1700.11933333,19.2594301107,1058190.128,5084.374,1.25289385556,68839,9,1,3,0.0121942341293,670,4,0,0,0,0,0,0.000145602795574,8,2,0,0,0,0,0,0,0.0103559988352
16,same,perturbation,decomposition,projection,SAT,True,75,12.3554666667,926.66,55.694,8.723,29.8355,13.7017466667,1027.631,65.2316666667,16.6237066667,1246.778,99.36,1.33333333333,100,4,1,3,0,0,0,0,0,0,0,0,0,0,0,0,0,0,0,0,0,0
16,same,perturbation,decomposition,projection,UNSAT,False,213,2.03383568075,433.207,16.224,0.672,8.6764,2.48312519562,528.905666667,61.2426666667,3.41049295775,726.435,151.42,0,0,0,0,0,0,0,0,0,0,0,0,0,0,0,0,0,0,0,0,0,0,0
16,same,camera,decomposition,query,SAT,True,4808,9.31983797837,44809.781,355.648,6.87,20.8485,9.31983797837,44809.781,355.648,9.31983797837,44809.781,355.648,1.00623960067,4838,2,1,1,0.00623960066556,30,1,0,0,0,0,0,0,0,0,0,0,0,0,0,0,0.00623960066556
16,same,camera,decomposition,query,UNSAT,True,9184,1.52703691202,14024.307,75.575,1.092,4.82565,1.52703691202,14024.307,75.575,1.52703691202,14024.307,75.575,1,9184,1,1,1,0,0,0,0,0,0,0,0,0,0,0,0,0,0,0,0,0,0
16,same,perturbation,decomposition,query,SAT,True,625,7.2707568,4544.223,137.639,4.387,16.377,7.2707568,4544.223,137.639,7.2707568,4544.223,137.639,1,625,1,1,1,0,0,0,0,0,0,0,0,0,0,0,0,0,0,0,0,0,0
16,same,perturbation,decomposition,query,UNSAT,False,5112,1.18729616588,6069.458,119.42,0.2255,5.4125,1.18729616588,6069.458,119.42,1.18729616588,6069.458,119.42,1,5112,1,1,1,0,0,0,0,0,0,0,0,0,0,0,0,0,0,0,0,0,0
16,same,perturbation,decomposition,query,UNSAT,True,1175,0.702706382979,825.68,20.421,0.17,2.3653,0.702706382979,825.68,20.421,0.702706382979,825.68,20.421,1,1175,1,1,1,0,0,0,0,0,0,0,0,0,0,0,0,0,0,0,0,0,0
16,same,camera,fixed_hit,feasibility,SAT,True,54944,9.03883816249,496629.924,131.969,7.081,20.681,9.93760458527,546011.746333,1029.157,11.8799783962,652733.533,3067.752,1.00121942341,55011,3,1,1,0.00121942341293,67,2,0,0,0.00959158415842,527,1,0,0,0,0.0108110075713,594,2,0.00121942341293,67,2,0.00116482236459
16,same,perturbation,fixed_hit,feasibility,SAT,True,75,6.78813333333,509.11,18.998,4.477,16.468,7.82243111111,586.682333333,47.0143333333,10.0420666667,753.155,111.538,1,75,1,1,1,0,0,0,0,0,0,0,0,0,0,0,0,0,0,0,0,0,0
16,same,perturbation,fixed_hit,feasibility,UNSAT,False,213,2.02654929577,431.655,16.535,0.681,8.481,2.19738654147,468.043333333,21.8196666667,2.56227699531,545.765,60.652,1,213,1,1,1,0,0,0,0,0,0,0,0,0,0,0,0,0,0,0,0,0,0
16,same,camera,fixed_hit,projection,SAT,True,54944,14.8816295865,817656.256,288.137,11.397,32.55765,16.3245281499,896934.874667,2384.96066667,19.4652466147,1069498.51,7123.284,1.24881697729,68615,7,1,3,0.00134682585906,74,3,0,0,0.0103741991846,570,5,0,0,0,0.0117210250437,644,5,0.00134682585906,74,3,0.00116482236459
16,same,perturbation,fixed_hit,projection,SAT,True,75,12.38604,928.953,54.282,8.773,30.6271,16.1713288889,1212.84966667,290.109333333,23.9858266667,1798.937,788.504,1.33333333333,100,4,1,3,0,0,0,0,0,0,0,0,0,0,0,0,0,0,0,0,0,0
16,same,perturbation,fixed_hit,projection,UNSAT,False,213,2.01345539906,428.866,16.085,0.681,8.451,2.06574021909,440.002666667,16.535,2.18895305164,466.247,17.637,0,0,0,0,0,0,0,0,0,0,0,0,0,0,0,0,0,0,0,0,0,0,0
16,same,camera,fixed_hit,query,SAT,True,4808,9.23645008319,44408.852,784.067,6.87,20.4905,9.23645008319,44408.852,784.067,9.23645008319,44408.852,784.067,1.00124792013,4814,2,1,1,0.00124792013311,6,1,0,0,0.00499168053245,24,1,0,0,0,0.00623960066556,30,1,0.00124792013311,6,1,0.00124792013311
16,same,camera,fixed_hit,query,UNSAT,True,9184,1.61538828397,14835.726,481.449,1.092,4.837,1.61538828397,14835.726,481.449,1.61538828397,14835.726,481.449,1,9184,1,1,1,0,0,0,0,0,0,0,0,0,0,0,0,0,0,0,0,0,0
16,same,perturbation,fixed_hit,query,SAT,True,625,7.3920144,4620.009,131.559,4.968,16.493,7.3920144,4620.009,131.559,7.3920144,4620.009,131.559,1,625,1,1,1,0,0,0,0,0,0,0,0,0,0,0,0,0,0,0,0,0,0
16,same,perturbation,fixed_hit,query,UNSAT,False,5112,1.19770324726,6122.659,193.703,0.241,5.3925,1.19770324726,6122.659,193.703,1.19770324726,6122.659,193.703,1,5112,1,1,1,0,0,0,0,0,0,0,0,0,0,0,0,0,0,0,0,0,0
16,same,perturbation,fixed_hit,query,UNSAT,True,1175,0.663878297872,780.057,8.853,0.17,2.237,0.663878297872,780.057,8.853,0.663878297872,780.057,8.853,1,1175,1,1,1,0,0,0,0,0,0,0,0,0,0,0,0,0,0,0,0,0,0
16,same,camera,both,feasibility,SAT,True,54944,9.04197701296,496802.385,136.527,7.081,20.661,10.0321590711,551206.948,2297.41766667,12.1606657142,668155.617,6883.499,1.00121942341,55011,3,1,1,0.00121942341293,67,2,0,0,0.00959158415842,527,1,0,0,0,0.0108110075713,594,2,0.00121942341293,67,2,0.00116482236459
16,same,perturbation,both,feasibility,SAT,True,75,6.74702666667,506.027,18.579,4.377,16.591,7.17792,538.344,21.9963333333,8.14868,611.151,35.193,1,75,1,1,1,0,0,0,0,0,0,0,0,0,0,0,0,0,0,0,0,0,0
16,same,perturbation,both,feasibility,UNSAT,False,213,2.0201314554,430.288,16.325,0.671,8.567,2.38336306729,507.656333333,58.9093333333,3.12876056338,666.426,166.182,1,213,1,1,1,0,0,0,0,0,0,0,0,0,0,0,0,0,0,0,0,0,0
16,same,camera,both,projection,SAT,True,54944,14.8815900735,817654.085,158.31,11.398,32.54985,16.3734286061,899621.661333,1738.107,19.6062926252,1077248.142,5123.113,1.24881697729,68615,7,1,3,0.00134682585906,74,3,0,0,0.0103741991846,570,5,0,0,0,0.0117210250437,644,5,0.00134682585906,74,3,0.00116482236459
16,same,perturbation,both,projection,SAT,True,75,12.3224266667,924.182,53.912,8.613,28.6155,12.7058977778,952.942333333,54.229,13.67356,1025.517,58.469,1.33333333333,100,4,1,3,0,0,0,0,0,0,0,0,0,0,0,0,0,0,0,0,0,0
16,same,perturbation,both,projection,UNSAT,False,213,2.01230985915,428.622,16.074,0.681,8.6408,2.08747104851,444.631333333,16.7383333333,2.25505633803,480.327,38.338,0,0,0,0,0,0,0,0,0,0,0,0,0,0,0,0,0,0,0,0,0,0,0
16,same,camera,both,query,SAT,True,4808,10.6490530366,51200.647,3806.13,6.861,20.92465,10.6490530366,51200.647,3806.13,10.6490530366,51200.647,3806.13,1.00124792013,4814,2,1,1,0.00124792013311,6,1,0,0,0.00499168053245,24,1,0,0,0,0.00623960066556,30,1,0.00124792013311,6,1,0.00124792013311
16,same,camera,both,query,UNSAT,True,9184,1.53923606272,14136.344,225.491,1.091,4.83635,1.53923606272,14136.344,225.491,1.53923606272,14136.344,225.491,1,9184,1,1,1,0,0,0,0,0,0,0,0,0,0,0,0,0,0,0,0,0,0
16,same,perturbation,both,query,SAT,True,625,8.046104,5028.815,791.668,4.537,16.218,8.046104,5028.815,791.668,8.046104,5028.815,791.668,1,625,1,1,1,0,0,0,0,0,0,0,0,0,0,0,0,0,0,0,0,0,0
16,same,perturbation,both,query,UNSAT,False,5112,1.15982805164,5929.041,89.816,0.2455,5.44305,1.15982805164,5929.041,89.816,1.15982805164,5929.041,89.816,1,5112,1,1,1,0,0,0,0,0,0,0,0,0,0,0,0,0,0,0,0,0,0
16,same,perturbation,both,query,UNSAT,True,1175,0.719314042553,845.194,82.705,0.17,2.289,0.719314042553,845.194,82.705,0.719314042553,845.194,82.705,1,1175,1,1,1,0,0,0,0,0,0,0,0,0,0,0,0,0,0,0,0,0,0
8,split,structured,search,feasibility,SAT,True,4,4.37925,17.517,7.712,4.2765,7.3964,4.96583333333,19.8633333333,7.84533333333,6.1515,24.606,8.873,3.5,14,5,3.5,4.85,2.5,10,4,2.5,3.85,0,0,0,0,0,0,0,0,0,0,0,0,1
8,split,structured,search,feasibility,UNSAT,False,2,9.5095,19.019,15.133,9.5095,14.57065,9.60966666667,19.2193333333,15.3366666667,9.835,19.67,15.774,7,14,10,7,9.7,6,12,9,6,8.7,0,0,0,0,0,0,0,0,0,0,0,0,1
8,split,structured,search,projection,SAT,True,4,12.08325,48.333,22.845,11.6075,21.98865,12.499,49.996,23.0016666667,13.40075,53.603,23.496,10.75,43,17,11,16.7,4.75,19,8,5,8,0,0,0,0,0,0,0,0,0,0,0,0,1
8,split,structured,search,projection,UNSAT,False,2,11.097,22.194,17.126,11.097,16.5231,11.1571666667,22.3143333333,17.2396666667,11.3375,22.675,17.557,7,14,10,7,9.7,6,12,9,6,8.7,0,0,0,0,0,0,0,0,0,0,0,0,1
8,split,structured,search,query,SAT,True,50,3.09052,154.526,7.872,3.015,5.6275,3.09052,154.526,7.872,3.09052,154.526,7.872,2.46,123,5,3,4,1.46,73,4,2,3,0,0,0,0,0,0,0,0,0,0,0,0,0.78
8,split,structured,search,query,UNSAT,False,48,2.62641666667,126.068,19.179,1.082,12.75255,2.62641666667,126.068,19.179,2.62641666667,126.068,19.179,2.0625,99,10,1,4,1.0625,51,9,0,3,0,0,0,0,0,0,0,0,0,0,0,0,0.270833333333
8,split,structured,search,query,UNSAT,True,46,0.334652173913,15.394,1.562,0.17,1.13425,0.334652173913,15.394,1.562,0.334652173913,15.394,1.562,1,46,1,1,1,0,0,0,0,0,0,0,0,0,0,0,0,0,0,0,0,0,0
8,split,structured,decomposition,feasibility,SAT,True,4,5.173,20.692,9.684,4.873,9.23655,5.34166666667,21.3666666667,9.76466666667,5.71625,22.865,9.945,4.5,18,7,4.5,6.85,2.5,10,4,2.5,3.85,0,0,0,1,4,2,0,0,0,0,0,0,1
8,split,structured,decomposition,feasibility,UNSAT,False,2,7.6415,15.283,11.387,7.6415,11.01245,7.9135,15.827,11.644,8.648,17.296,12.489,6,12,8,6,7.8,4,8,5,4,4.9,0,0,0,1,2,2,0,0,0,0,0,0,1
8,split,structured,decomposition,projection,SAT,True,4,12.85175,51.407,24.607,12.253,23.665,15.0953333333,60.3813333333,32.7696666667,19.6625,78.65,49.185,11.75,47,19,12,18.7,4.75,19,8,5,8,0,0,0,1,4,2,0,0,0,0,0,0,1
8,split,structured,decomposition,projection,UNSAT,False,2,9.089,18.178,13.1,9.089,12.6989,9.2175,18.435,13.2303333333,9.5745,19.149,13.641,6,12,8,6,7.8,4,8,5,4,4.9,0,0,0,1,2,2,0,0,0,0,0,0,1
8,split,structured,decomposition,query,SAT,True,50,3.23994,161.997,10.035,2.979,7.05155,3.23994,161.997,10.035,3.23994,161.997,10.035,2.66,133,7,3,6,1.46,73,4,2,3,0,0,0,0.2,10,2,0,0,0,0,0,0,0.78
8,split,structured,decomposition,query,UNSAT,False,48,2.1804375,104.661,11.828,1.097,5.981,2.1804375,104.661,11.828,2.1804375,104.661,11.828,1.97916666667,95,8,1,4,0.895833333333,43,5,0,3,0,0,0,0.0833333333333,4,2,0,0,0,0,0,0,0.270833333333
8,split,structured,decomposition,query,UNSAT,True,46,0.324586956522,14.931,1.582,0.17,1.126,0.324586956522,14.931,1.582,0.324586956522,14.931,1.582,1,46,1,1,1,0,0,0,0,0,0,0,0,0,0,0,0,0,0,0,0,0,0
8,split,structured,fixed_hit,feasibility,SAT,True,4,4.01875,16.075,7.742,3.691,7.24175,4.22975,16.919,8.403,4.687,18.748,9.725,3,12,5,3,4.7,2,8,4,2,3.7,0.5,2,1,0,0,0,1.5,6,2,1,4,2,0.75
8,split,structured,fixed_hit,feasibility,UNSAT,False,2,9.5595,19.119,15.213,9.5595,14.64765,9.598,19.196,15.243,9.74,19.48,15.403,7,14,10,7,9.7,6,12,9,6,8.7,0,0,0,0,0,0,2,4,3,2,4,3,1
8,split,structured,fixed_hit,projection,SAT,True,4,12.5765,50.306,22.804,12.529,22.23475,12.8003333333,51.2013333333,23.3453333333,13.35275,53.411,24.567,11,44,17,11.5,16.85,4.5,18,8,5,8,0.75,3,2,0,0,0,3,12,6,2.25,9,4,0.75
8,split,structured,fixed_hit,projection,UNSAT,False,2,11.102,22.204,17.136,11.102,16.5326,11.1618333333,22.3236666667,17.2193333333,11.3175,22.635,17.427,7,14,10,7,9.7,6,12,9,6,8.7,0,0,0,0,0,0,2,4,3,2,4,3,1
8,split,structured,fixed_hit,query,SAT,True,50,3.5059,175.295,24.718,2.975,7.0578,3.5059,175.295,24.718,3.5059,175.295,24.718,2.16,108,5,3,3,1.16,58,4,2,2,0.3,15,1,0,0,0,0.88,44,2,0.58,29,2,0.54
8,split,structured,fixed_hit,query,UNSAT,False,48,2.28339583333,109.603,15.143,1.0765,5.85815,2.28339583333,109.603,15.143,2.28339583333,109.603,15.143,2.0625,99,10,1,4,1.0625,51,9,0,3,0,0,0,0,0,0,0.354166666667,17,3,0.354166666667,17,3,0.270833333333
8,split,structured,fixed_hit,query,UNSAT,True,46,0.329,15.134,1.592,0.17,1.147,0.329,15.134,1.592,0.329,15.134,1.592,1,46,1,1,1,0,0,0,0,0,0,0,0,0,0,0,0,0,0,0,0,0,0
8,split,structured,both,feasibility,SAT,True,4,5.0025,20.01,9.694,4.692,9.20575,5.17616666667,20.7046666667,10.2283333333,5.5735,22.294,11.397,4,16,7,4,6.7,2,8,4,2,3.7,0.5,2,1,1,4,2,2,8,3,1.5,6,3,0.75
8,split,structured,both,feasibility,UNSAT,False,2,7.5815,15.163,11.257,7.5815,10.88945,7.8235,15.647,11.7543333333,8.3975,16.795,12.869,6,12,8,6,7.8,4,8,5,4,4.9,0,0,0,1,2,2,2,4,3,2,4,3,1
8,split,structured,both,projection,SAT,True,4,13.83625,55.345,25.96,13.4705,25.1923,14.5939166667,58.3756666667,28.8576666667,16.46275,65.851,35.905,12,48,19,12.5,18.85,4.5,18,8,5,8,0.75,3,2,1,4,2,3.5,14,7,2.75,11,5,0.75
8,split,structured,both,projection,UNSAT,False,2,9.0585,18.117,13.049,9.0585,12.64995,9.21716666667,18.4343333333,13.35,9.5595,19.119,14.001,6,12,8,6,7.8,4,8,5,4,4.9,0,0,0,1,2,2,2,4,3,2,4,3,1
8,split,structured,both,query,SAT,True,50,3.13962,156.981,11.017,2.9845,6.48705,3.13962,156.981,11.017,3.13962,156.981,11.017,2.36,118,7,3,5,1.16,58,4,2,2,0.3,15,1,0.2,10,2,0.98,49,3,0.68,34,3,0.54
8,split,structured,both,query,UNSAT,False,48,2.15783333333,103.576,11.778,1.0665,6.0745,2.15783333333,103.576,11.778,2.15783333333,103.576,11.778,1.97916666667,95,8,1,4,0.895833333333,43,5,0,3,0,0,0,0.0833333333333,4,2,0.354166666667,17,3,0.354166666667,17,3,0.270833333333
8,split,structured,both,query,UNSAT,True,46,0.327847826087,15.081,1.572,0.16,1.10925,0.327847826087,15.081,1.572,0.327847826087,15.081,1.572,1,46,1,1,1,0,0,0,0,0,0,0,0,0,0,0,0,0,0,0,0,0,0
8,same,structured,search,feasibility,SAT,True,4,4.18375,16.735,7.822,3.8805,7.36975,4.94491666667,19.7796666667,7.832,6.55475,26.219,8.723,3.5,14,5,3.5,4.85,2.5,10,4,2.5,3.85,0,0,0,0,0,0,0,0,0,0,0,0,1
8,same,structured,search,feasibility,UNSAT,False,2,9.4295,18.859,14.993,9.4295,14.43665,9.49433333333,18.9886666667,15.116,9.6445,19.289,15.373,7,14,10,7,9.7,6,12,9,6,8.7,0,0,0,0,0,0,0,0,0,0,0,0,1
8,same,structured,search,projection,SAT,True,4,12.877,51.508,22.985,13.1,22.5524,23.2243333333,92.8973333333,45.576,44.05425,176.217,96.807,11.75,47,18,12,17.85,5.25,21,10,5,9.7,0,0,0,0,0,0,0,0,0,0,0,0,1
8,same,structured,search,projection,UNSAT,False,2,11.017,22.034,16.966,11.017,16.3711,11.0718333333,22.1436666667,17.0593333333,11.202,22.404,17.246,7,14,10,7,9.7,6,12,9,6,8.7,0,0,0,0,0,0,0,0,0,0,0,0,1
8,same,structured,search,query,SAT,True,52,2.89844230769,150.719,7.652,2.9545,4.84255,2.89844230769,150.719,7.652,2.89844230769,150.719,7.652,2.44230769231,127,5,3,4,1.44230769231,75,4,2,3,0,0,0,0,0,0,0,0,0,0,0,0,0.769230769231
8,same,structured,search,query,UNSAT,False,48,2.80725,134.748,21.392,1.042,12.80615,2.80725,134.748,21.392,2.80725,134.748,21.392,2.0625,99,10,1,4,1.0625,51,9,0,3,0,0,0,0,0,0,0,0,0,0,0,0,0.270833333333
8,same,structured,search,query,UNSAT,True,44,1.08068181818,47.55,34.402,0.16,1.121,1.08068181818,47.55,34.402,1.08068181818,47.55,34.402,1,44,1,1,1,0,0,0,0,0,0,0,0,0,0,0,0,0,0,0,0,0,0
8,same,structured,decomposition,feasibility,SAT,True,4,5.1655,20.662,9.584,4.988,9.17555,10.3675,41.47,22.3473333333,20.9395,83.758,60.973,4.5,18,7,4.5,6.85,2.5,10,4,2.5,3.85,0,0,0,1,4,2,0,0,0,0,0,0,1
8,same,structured,decomposition,feasibility,UNSAT,False,2,7.4965,14.993,11.117,7.4965,10.75495,7.675,15.35,11.184,8.1475,16.295,11.508,6,12,8,6,7.8,4,8,5,4,4.9,0,0,0,1,2,2,0,0,0,0,0,0,1
8,same,structured,decomposition,projection,SAT,True,4,13.9885,55.954,24.437,14.527,24.1697,33.564,134.256,102.865666667,72.988,291.952,259.733,12.75,51,20,13,19.85,5.25,21,10,5,9.7,0,0,0,1,4,2,0,0,0,0,0,0,1
8,same,structured,decomposition,projection,UNSAT,False,2,8.9485,17.897,12.869,8.9485,12.47695,9.022,18.044,12.849,9.244,18.488,12.949,6,12,8,6,7.8,4,8,5,4,4.9,0,0,0,1,2,2,0,0,0,0,0,0,1
8,same,structured,decomposition,query,SAT,True,52,3.05140384615,158.673,9.684,2.9845,6.68045,3.05140384615,158.673,9.684,3.05140384615,158.673,9.684,2.63461538462,137,7,3,6,1.44230769231,75,4,2,3,0,0,0,0.192307692308,10,2,0,0,0,0,0,0,0.769230769231
8,same,structured,decomposition,query,UNSAT,False,48,2.0925,100.44,11.277,1.0315,5.68465,2.0925,100.44,11.277,2.0925,100.44,11.277,1.97916666667,95,8,1,4,0.895833333333,43,5,0,3,0,0,0,0.0833333333333,4,2,0,0,0,0,0,0,0.270833333333
8,same,structured,decomposition,query,UNSAT,True,44,0.313886363636,13.811,1.502,0.151,1.09265,0.313886363636,13.811,1.502,0.313886363636,13.811,1.502,1,44,1,1,1,0,0,0,0,0,0,0,0,0,0,0,0,0,0,0,0,0,0
8,same,structured,fixed_hit,feasibility,SAT,True,4,3.92075,15.683,7.722,3.605,7.1961,4.11016666667,16.4406666667,8.32566666667,4.53675,18.147,9.564,3,12,5,3,4.7,2,8,4,2,3.7,0.5,2,1,0,0,0,1.5,6,2,1,4,2,0.75
8,same,structured,fixed_hit,feasibility,UNSAT,False,2,9.4395,18.879,14.953,9.4395,14.40165,9.456,18.912,14.986,9.5245,19.049,15.063,7,14,10,7,9.7,6,12,9,6,8.7,0,0,0,0,0,0,2,4,3,2,4,3,1
8,same,structured,fixed_hit,projection,SAT,True,4,12.47125,49.885,22.624,12.569,22.09075,14.1930833333,56.7723333333,25.1183333333,17.73175,70.927,37.477,11,44,17,11.5,16.85,4.5,18,8,5,8,0.75,3,2,0,0,0,3,12,6,2.25,9,4,0.75
8,same,structured,fixed_hit,projection,UNSAT,False,2,11.111,22.222,17.095,11.111,16.4966,11.1265,22.253,17.1256666667,11.297,22.594,17.366,7,14,10,7,9.7,6,12,9,6,8.7,0,0,0,0,0,0,2,4,3,2,4,3,1
8,same,structured,fixed_hit,query,SAT,True,52,2.72528846154,141.715,8.013,2.9345,4.857,2.72528846154,141.715,8.013,2.72528846154,141.715,8.013,2.15384615385,112,5,3,3,1.15384615385,60,4,2,2,0.288461538462,15,1,0,0,0,0.865384615385,45,2,0.576923076923,30,2,0.538461538462
8,same,structured,fixed_hit,query,UNSAT,False,48,5.381875,258.33,151.8,1.147,11.65125,5.381875,258.33,151.8,5.381875,258.33,151.8,2.0625,99,10,1,4,1.0625,51,9,0,3,0,0,0,0,0,0,0.354166666667,17,3,0.354166666667,17,3,0.270833333333
8,same,structured,fixed_hit,query,UNSAT,True,44,0.315477272727,13.881,1.502,0.16,1.0965,0.315477272727,13.881,1.502,0.315477272727,13.881,1.502,1,44,1,1,1,0,0,0,0,0,0,0,0,0,0,0,0,0,0,0,0,0,0
8,same,structured,both,feasibility,SAT,True,4,5.19525,20.781,10.656,4.692,10.0221,5.11675,20.467,10.4023333333,5.32025,21.281,11.087,4,16,7,4,6.7,2,8,4,2,3.7,0.5,2,1,1,4,2,2,8,3,1.5,6,3,0.75
8,same,structured,both,feasibility,UNSAT,False,2,7.4415,14.883,10.997,7.4415,10.64145,7.75366666667,15.5073333333,11.5846666667,8.473,16.946,12.91,6,12,8,6,7.8,4,8,5,4,4.9,0,0,0,1,2,2,2,4,3,2,4,3,1
8,same,structured,both,projection,SAT,True,4,13.4755,53.902,25.018,13.4,24.36445,13.5379166667,54.1516666667,25.2646666667,13.75575,55.023,25.979,12,48,19,12.5,18.85,4.5,18,8,5,8,0.75,3,2,1,4,2,3.5,14,7,2.75,11,5,0.75
8,same,structured,both,projection,UNSAT,False,2,8.9535,17.907,12.849,8.9535,12.45945,9.15033333333,18.3006666667,13.2063333333,9.6095,19.219,14.021,6,12,8,6,7.8,4,8,5,4,4.9,0,0,0,1,2,2,2,4,3,2,4,3,1
8,same,structured,both,query,SAT,True,52,2.88884615385,150.22,9.895,2.91,6.0245,2.88884615385,150.22,9.895,2.88884615385,150.22,9.895,2.34615384615,122,7,3,5,1.15384615385,60,4,2,2,0.288461538462,15,1,0.192307692308,10,2,0.961538461538,50,3,0.673076923077,35,3,0.538461538462
8,same,structured,both,query,UNSAT,False,48,2.11354166667,101.45,11.507,1.0565,5.97915,2.11354166667,101.45,11.507,2.11354166667,101.45,11.507,1.97916666667,95,8,1,4,0.895833333333,43,5,0,3,0,0,0,0.0833333333333,4,2,0.354166666667,17,3,0.354166666667,17,3,0.270833333333
8,same,structured,both,query,UNSAT,True,44,0.314431818182,13.835,1.503,0.16,1.09565,0.314431818182,13.835,1.503,0.314431818182,13.835,1.503,1,44,1,1,1,0,0,0,0,0,0,0,0,0,0,0,0,0,0,0,0,0,0
8,ALL,camera,search,feasibility,SAT,True,374771,6.5204354179,2443670.102,331.071,6.32,9.895,7.28991045109,2732047.02967,1708.389,8.92980004323,3346630.092,5110.816,1.1299220057,423462,9,1,2,0.129922005705,48691,8,0,1,0,0,0,0,0,0,0,0,0,0,0,0,0.0827011695142
8,ALL,perturbation,search,feasibility,SAT,True,888,4.88694707207,4339.609,31.417,4.577,8.5725,5.60513213213,4977.35733333,115.534666667,7.16783896396,6365.041,307.756,1.43693693694,1276,6,1,3,0.436936936937,388,5,0,2,0,0,0,0,0,0,0,0,0,0,0,0,0.265765765766
8,ALL,perturbation,search,feasibility,UNSAT,False,1992,1.36752208835,2724.104,9.394,0.601,4.9525,1.54352008032,3074.692,61.069,1.91416415663,3813.015,180.653,1,1992,1,1,1,0,0,0,0,0,0,0,0,0,0,0,0,0,0,0,0,0,0
8,ALL,camera,search,projection,SAT,True,374771,10.5763245715,3963699.736,716.044,10.166,18.538,11.7777377101,4413954.53933,2719.60266667,14.3722471456,5386301.435,8135.623,1.64485245657,616443,45,1,4,0.260033460433,97453,32,0,1,0,0,0,0,0,0,0,0,0,0,0,0,0.0827011695142
8,ALL,perturbation,search,projection,SAT,True,888,9.6723704955,8589.065,73.261,8.448,21.5045,10.786085961,9578.04433333,96.6163333333,13.2840225225,11796.212,268.276,2.8704954955,2549,27,1,10,1.00112612613,889,20,0,6,0,0,0,0,0,0,0,0,0,0,0,0,0.265765765766
8,ALL,perturbation,search,projection,UNSAT,False,1992,1.36732178715,2723.705,8.263,0.5955,4.9515,1.52980003347,3047.36166667,40.9756666667,1.86691164659,3718.888,117.307,0,0,0,0,0,0,0,0,0,0,0,0,0,0,0,0,0,0,0,0,0,0,0
8,ALL,camera,search,query,SAT,True,34128,6.56274094585,223973.223,3172.822,5.849,9.564,6.56274094585,223973.223,3172.822,6.56274094585,223973.223,3172.822,1.09783755274,37467,5,1,2,0.0978375527426,3339,4,0,1,0,0,0,0,0,0,0,0,0,0,0,0,0.0734587435537
8,ALL,camera,search,query,UNSAT,True,62880,1.43316898855,90117.666,1079.354,1.102,3.285,1.43316898855,90117.666,1079.354,1.43316898855,90117.666,1079.354,1,62880,1,1,1,0,0,0,0,0,0,0,0,0,0,0,0,0,0,0,0,0,0
8,ALL,perturbation,search,query,SAT,True,8294,5.70694212684,47333.378,2370.763,4.216,8.14615,5.70694212684,47333.378,2370.763,5.70694212684,47333.378,2370.763,1.39811912226,11596,5,1,3,0.398119122257,3302,4,0,2,0,0,0,0,0,0,0,0,0,0,0,0,0.274535809019
8,ALL,perturbation,search,query,UNSAT,False,47808,0.890424866131,42569.432,496.922,0.171,3.24465,0.890424866131,42569.432,496.922,0.890424866131,42569.432,496.922,1,47808,1,1,1,0,0,0,0,0,0,0,0,0,0,0,0,0,0,0,0,0,0
8,ALL,perturbation,search,query,UNSAT,True,13018,0.635332539561,8270.759,173.402,0.17,2.043,0.635332539561,8270.759,173.402,0.635332539561,8270.759,173.402,1,13018,1,1,1,0,0,0,0,0,0,0,0,0,0,0,0,0,0,0,0,0,0
8,ALL,camera,decomposition,feasibility,SAT,True,374771,6.50706707029,2438660.033,459.966,6.309,9.865,7.29680915012,2734632.462,2328.26733333,8.97905280558,3365088.599,6977.962,1.17865576579,441726,13,1,2,0.129922005705,48691,8,0,1,0,0,0,0.0487337600828,18264,4,0,0,0,0,0,0,0.0827011695142
8,ALL,perturbation,decomposition,feasibility,SAT,True,888,4.7704222973,4236.135,17.456,4.542,8.1215,5.12559009009,4551.524,42.1203333333,5.92033445946,5257.257,113.221,1.70045045045,1510,10,1,5,0.436936936937,388,5,0,2,0,0,0,0.263513513514,234,4,0,0,0,0,0,0,0.265765765766
8,ALL,perturbation,decomposition,feasibility,UNSAT,False,1992,1.37480170683,2738.605,16.004,0.6,4.97005,1.49700853414,2982.041,46.584,1.76785090361,3521.559,131.449,1,1992,1,1,1,0,0,0,0,0,0,0,0,0,0,0,0,0,0,0,0,0,0
8,ALL,camera,decomposition,projection,SAT,True,374771,10.544606381,3951812.678,604.164,10.166,18.478,11.7141557849,4390125.87767,2092.19966667,14.2433966315,5338011.999,6253.515,1.75288642931,656931,61,1,4,0.260033460433,97453,32,0,1,0,0,0,0.108033972746,40488,16,0,0,0,0,0,0,0.0827011695142
8,ALL,perturbation,decomposition,projection,SAT,True,888,9.52663738739,8459.654,94.122,8.372,19.215,10.3651681682,9204.26933333,101.049333333,12.3248198198,10944.44,203.087,3.4268018018,3043,43,1,14,1.00112612613,889,20,0,6,0,0,0,0.556306306306,494,16,0,0,0,0,0,0,0.265765765766
8,ALL,perturbation,decomposition,projection,UNSAT,False,1992,1.37753263052,2744.045,21.923,0.6005,4.97195,1.4624312249,2913.163,30.199,1.65496335341,3296.687,84.908,0,0,0,0,0,0,0,0,0,0,0,0,0,0,0,0,0,0,0,0,0,0,0
8,ALL,camera,decomposition,query,SAT,True,34128,6.57753355016,224478.065,893.362,5.849,9.594,6.57753355016,224478.065,893.362,6.57753355016,224478.065,893.362,1.13323370839,38675,7,1,2,0.0978375527426,3339,4,0,1,0,0,0,0.0353961556493,1208,3,0,0,0,0,0,0,0.0734587435537
8,ALL,camera,decomposition,query,UNSAT,True,62880,1.45762975509,91655.759,1522.154,1.102,3.295,1.45762975509,91655.759,1522.154,1.45762975509,91655.759,1522.154,1,62880,1,1,1,0,0,0,0,0,0,0,0,0,0,0,0,0,0,0,0,0,0
8,ALL,perturbation,decomposition,query,SAT,True,8294,5.06974499638,42048.465,2456.879,4.156,7.832,5.06974499638,42048.465,2456.879,5.06974499638,42048.465,2456.879,1.59537014709,13232,8,1,5,0.398119122257,3302,4,0,2,0,0,0,0.197251024837,1636,3,0,0,0,0,0,0,0.274535809019
8,ALL,perturbation,decomposition,query,UNSAT,False,47808,0.895008596888,42788.571,210.458,0.171,3.265,0.895008596888,42788.571,210.458,0.895008596888,42788.571,210.458,1,47808,1,1,1,0,0,0,0,0,0,0,0,0,0,0,0,0,0,0,0,0,0
8,ALL,perturbation,decomposition,query,UNSAT,True,13018,0.629263711784,8191.755,175.145,0.161,2.064,0.629263711784,8191.755,175.145,0.629263711784,8191.755,175.145,1,13018,1,1,1,0,0,0,0,0,0,0,0,0,0,0,0,0,0,0,0,0,0
8,ALL,camera,fixed_hit,feasibility,SAT,True,374771,6.3680690982,2386567.624,167.934,6.22,9.664,7.12829632407,2671478.74167,2468.833,8.74585783585,3277693.887,7385.447,1.04888318466,393091,9,1,1,0.0488831846648,18320,8,0,0,0.0671850276569,25179,1,0,0,0,0.0965496263051,36184,4,0.0293645986482,11005,4,0.0262853849417
8,ALL,perturbation,fixed_hit,feasibility,SAT,True,888,4.24475788288,3769.345,13.44,3.871,7.571,4.73216516517,4202.16266667,54.212,5.77964414414,5132.324,158.82,1.04391891892,927,4,1,1,0.0439189189189,39,3,0,0,0.260135135135,231,1,0,0,0,0.288288288288,256,3,0.0281531531532,25,2,0.0259009009009
8,ALL,perturbation,fixed_hit,feasibility,UNSAT,False,1992,1.36918925703,2727.425,7.521,0.591,4.96205,1.50199514726,2991.97433333,37.8003333333,1.78811746988,3561.93,109.065,1,1992,1,1,1,0,0,0,0,0,0,0,0,0,0,0,0,0,0,0,0,0,0
8,ALL,camera,fixed_hit,projection,SAT,True,374771,10.5311877653,3946783.77,443.401,10.095,18.258,11.6992644877,4384545.05133,1608.71133333,14.2245950114,5330965.697,4723.409,1.59114232425,596314,45,1,3,0.127381787812,47739,32,0,0,0.154003378063,57716,9,0,0,0,0.227765755621,85360,19,0.0737623775586,27644,16,0.0262853849417
8,ALL,perturbation,fixed_hit,projection,SAT,True,888,9.14521058559,8120.947,45.89,8.363,18.2715,10.2155416667,9071.401,80.432,12.5255855856,11122.72,208.035,2.38963963964,2122,24,1,6,0.18018018018,160,14,0,0,0.813063063063,722,9,0,0,0,0.926801801802,823,15,0.113738738739,101,8,0.0259009009009
8,ALL,perturbation,fixed_hit,projection,UNSAT,False,1992,1.37030170683,2729.641,8.342,0.591,5.0115,1.58099431058,3149.34066667,209.527,2.01793875502,4019.734,621.871,0,0,0,0,0,0,0,0,0,0,0,0,0,0,0,0,0,0,0,0,0,0,0
8,ALL,camera,fixed_hit,query,SAT,True,34128,6.47235560244,220888.552,2238.468,5.769,9.434,6.47235560244,220888.552,2238.468,6.47235560244,220888.552,2238.468,1.0231774496,34919,5,1,1,0.0231774496015,791,4,0,0,0.0603609939053,2060,1,0,0,0,0.0767405063291,2619,3,0.0163795124238,559,2,0.0159106891702
8,ALL,camera,fixed_hit,query,UNSAT,True,62880,1.42202051527,89416.65,767.842,1.092,3.295,1.42202051527,89416.65,767.842,1.42202051527,89416.65,767.842,1,62880,1,1,1,0,0,0,0,0,0,0,0,0,0,0,0,0,0,0,0,0,0
8,ALL,perturbation,fixed_hit,query,SAT,True,8294,4.4256263564,36706.145,841.304,3.535,7.331,4.4256263564,36706.145,841.304,4.4256263564,36706.145,841.304,1.04376657825,8657,4,1,1,0.0437665782493,363,3,0,0,0.266939956595,2214,1,0,0,0,0.294911984567,2446,3,0.027972027972,232,2,0.026525198939
8,ALL,perturbation,fixed_hit,query,UNSAT,False,47808,0.924745440094,44210.23,2061.991,0.171,3.25465,0.924745440094,44210.23,2061.991,0.924745440094,44210.23,2061.991,1,47808,1,1,1,0,0,0,0,0,0,0,0,0,0,0,0,0,0,0,0,0,0
8,ALL,perturbation,fixed_hit,query,UNSAT,True,13018,0.601648409894,7832.259,94.433,0.161,2.033,0.601648409894,7832.259,94.433,0.601648409894,7832.259,94.433,1,13018,1,1,1,0,0,0,0,0,0,0,0,0,0,0,0,0,0,0,0,0,0
8,ALL,camera,both,feasibility,SAT,True,374771,6.37726733659,2390014.857,1225.435,6.23,9.665,7.1028207074,2661931.21933,1290.10266667,8.65541980569,3243800.336,3856.257,1.07200663872,401757,13,1,1,0.0488831846648,18320,8,0,0,0.071208818185,26687,3,0.0231234540559,8666,4,0.109771033511,41139,5,0.0385622153262,14452,5,0.0262853849417
8,ALL,perturbation,both,feasibility,SAT,True,888,4.26320720721,3785.728,16.615,3.8755,7.625,4.63322822823,4114.30666667,35.2333333333,5.44758671171,4837.457,101.274,1.09572072072,973,7,1,1,0.0439189189189,39,3,0,0,0.274774774775,244,3,0.0518018018018,46,4,0.322072072072,286,5,0.0472972972973,42,3,0.0259009009009
8,ALL,perturbation,both,feasibility,UNSAT,False,1992,1.36674899598,2722.564,7.531,0.596,4.9515,1.51645381526,3020.776,44.03,1.83274949799,3650.837,122.025,1,1992,1,1,1,0,0,0,0,0,0,0,0,0,0,0,0,0,0,0,0,0,0
8,ALL,camera,both,projection,SAT,True,374771,10.5470887982,3952743.016,415.959,10.095,18.298,11.7304501086,4396232.51767,1742.17,14.2866582526,5354225.2,5195.954,1.65932262635,621866,61,1,3,0.127766022451,47883,32,0,0,0.16176278314,60624,16,0.0681536191434,25542,22,0.264745671357,99219,30,0.102982888217,38595,21,0.0262853849417
8,ALL,perturbation,both,projection,SAT,True,888,9.18836373874,8159.267,49.565,8.383,18.13615,9.81556343844,8716.22033333,75.628,11.2453333333,9985.856,201.736,2.56756756757,2280,46,1,6,0.18018018018,160,14,0,0,0.841216216216,747,16,0.177927927928,158,22,1.03040540541,915,30,0.189189189189,168,14,0.0259009009009
8,ALL,perturbation,both,projection,UNSAT,False,1992,1.37268273092,2734.384,9.344,0.601,4.98745,1.51760525435,3023.06966667,83.0926666667,1.82420983936,3633.826,245.792,0,0,0,0,0,0,0,0,0,0,0,0,0,0,0,0,0,0,0,0,0,0,0
8,ALL,camera,both,query,SAT,True,34128,6.74768357361,230284.945,7893.432,5.769,9.444,6.74768357361,230284.945,7893.432,6.74768357361,230284.945,7893.432,1.02587318331,35011,6,1,1,0.0231774496015,791,4,0,0,0.060419596812,2062,2,0.00269573370839,92,2,0.07814697609,2667,4,0.017727379278,605,3,0.0159106891702
8,ALL,camera,both,query,UNSAT,True,62880,1.39340421438,87617.257,299.663,1.102,3.285,1.39340421438,87617.257,299.663,1.39340421438,87617.257,299.663,1,62880,1,1,1,0,0,0,0,0,0,0,0,0,0,0,0,0,0,0,0,0,0
8,ALL,perturbation,both,query,SAT,True,8294,4.57039787798,37906.88,954.215,3.536,7.431,4.57039787798,37906.88,954.215,4.57039787798,37906.88,954.215,1.08451892935,8995,7,1,1,0.0437665782493,363,3,0,0,0.272124427297,2257,2,0.0407523510972,338,3,0.318061249096,2638,4,0.0459368217989,381,3,0.026525198939
8,ALL,perturbation,both,query,UNSAT,False,47808,0.878429007697,41995.934,228.485,0.171,3.225,0.878429007697,41995.934,228.485,0.878429007697,41995.934,228.485,1,47808,1,1,1,0,0,0,0,0,0,0,0,0,0,0,0,0,0,0,0,0,0
8,ALL,perturbation,both,query,UNSAT,True,13018,0.66393685666,8643.13,293.224,0.161,2.053,0.66393685666,8643.13,293.224,0.66393685666,8643.13,293.224,1,13018,1,1,1,0,0,0,0,0,0,0,0,0,0,0,0,0,0,0,0,0,0
16,ALL,camera,search,feasibility,SAT,True,112960,8.95781308428,1011874.566,749.465,7.151,19.51,9.95730563621,1124777.24467,1702.246,12.1109184667,1368049.35,5074.189,1.00669263456,113716,3,1,1,0.00669263456091,756,2,0,0,0,0,0,0,0,0,0,0,0,0,0,0,0.00655099150142
16,ALL,perturbation,search,feasibility,SAT,True,151,7.02468211921,1060.727,74.813,4.557,15.744,7.78965562914,1176.238,69.7023333333,9.77031125828,1475.317,181.495,1,151,1,1,1,0,0,0,0,0,0,0,0,0,0,0,0,0,0,0,0,0,0
16,ALL,perturbation,search,feasibility,UNSAT,False,425,1.96461176471,834.96,16.125,0.681,8.1728,2.13496941176,907.362,21.1353333333,2.49832470588,1061.788,51.809,1,425,1,1,1,0,0,0,0,0,0,0,0,0,0,0,0,0,0,0,0,0,0
16,ALL,camera,search,projection,SAT,True,112960,14.5851185818,1647534.995,304.591,11.467,30.946,16.1772292139,1827379.812,2370.63066667,19.6030273637,2214357.971,7076.098,1.22535410765,138416,8,1,3,0.00770184135977,870,4,0,0,0,0,0,0,0,0,0,0,0,0,0,0,0.00655099150142
16,ALL,perturbation,search,projection,SAT,True,151,11.9103311258,1798.46,54.202,7.982,26.8605,14.1918785872,2142.97366667,298.605333333,18.8919933775,2852.691,841.554,1.30463576159,197,4,1,3,0,0,0,0,0,0,0,0,0,0,0,0,0,0,0,0,0,0
16,ALL,perturbation,search,projection,UNSAT,False,425,1.95928705882,832.697,16.035,0.681,8.196,2.21648156863,942.004666667,62.2576666667,2.74647764706,1167.253,176.808,0,0,0,0,0,0,0,0,0,0,0,0,0,0,0,0,0,0,0,0,0,0,0
16,ALL,camera,search,query,SAT,True,9857,9.62418930709,94865.634,4080.255,6.951,19.7,9.62418930709,94865.634,4080.255,9.62418930709,94865.634,4080.255,1.00426093132,9899,2,1,1,0.00426093131785,42,1,0,0,0,0,0,0,0,0,0,0,0,0,0,0,0.00426093131785
16,ALL,camera,search,query,UNSAT,True,18919,1.5695926846,29695.124,260.434,1.102,4.487,1.5695926846,29695.124,260.434,1.5695926846,29695.124,260.434,1,18919,1,1,1,0,0,0,0,0,0,0,0,0,0,0,0,0,0,0,0,0,0
16,ALL,perturbation,search,query,SAT,True,1254,6.99690350877,8774.117,147.132,4.467,16.32165,6.99690350877,8774.117,147.132,6.99690350877,8774.117,147.132,1,1254,1,1,1,0,0,0,0,0,0,0,0,0,0,0,0,0,0,0,0,0,0
16,ALL,perturbation,search,query,UNSAT,False,10200,1.11737362745,11397.211,89.806,0.231,5.15705,1.11737362745,11397.211,89.806,1.11737362745,11397.211,89.806,1,10200,1,1,1,0,0,0,0,0,0,0,0,0,0,0,0,0,0,0,0,0,0
16,ALL,perturbation,search,query,UNSAT,True,2370,0.708485654008,1679.111,72.721,0.17,2.304,0.708485654008,1679.111,72.721,0.708485654008,1679.111,72.721,1,2370,1,1,1,0,0,0,0,0,0,0,0,0,0,0,0,0,0,0,0,0,0
16,ALL,camera,decomposition,feasibility,SAT,True,112960,8.94074449363,1009946.498,137.137,7.151,19.52,9.96013242741,1125096.559,1364.58,12.1379127744,1371098.627,4077.926,1.00678116147,113726,5,1,1,0.00669263456091,756,2,0,0,0,0,0,8.85269121813e-05,10,2,0,0,0,0,0,0,0.00655099150142
16,ALL,perturbation,decomposition,feasibility,SAT,True,151,6.7150794702,1013.977,21.432,4.437,16.2495,7.37174613687,1113.13366667,29.7216666667,8.8158807947,1331.198,64.769,1,151,1,1,1,0,0,0,0,0,0,0,0,0,0,0,0,0,0,0,0,0,0
16,ALL,perturbation,decomposition,feasibility,UNSAT,False,425,1.96882823529,836.752,16.155,0.681,8.1768,2.29515529412,975.441,78.462,2.97033647059,1262.393,230.388,1,425,1,1,1,0,0,0,0,0,0,0,0,0,0,0,0,0,0,0,0,0,0
16,ALL,camera,decomposition,projection,SAT,True,112960,14.6015580028,1649391.992,334.957,11.467,30.95605,16.0651355318,1814717.70967,1700.11933333,19.2491183605,2174380.41,5084.374,1.22544263456,138426,9,1,3,0.00770184135977,870,4,0,0,0,0,0,8.85269121813e-05,10,2,0,0,0,0,0,0,0.00655099150142
16,ALL,perturbation,decomposition,projection,SAT,True,151,12.2649536424,1852.008,86.04,7.952,27.3515,14.7153951435,2222.02466667,102.862333333,20.098986755,3034.947,260.744,1.30463576159,197,4,1,3,0,0,0,0,0,0,0,0,0,0,0,0,0,0,0,0,0,0
16,ALL,perturbation,decomposition,projection,UNSAT,False,425,1.96930823529,836.956,16.224,0.672,8.174,2.22756,946.713,61.2426666667,2.76655294118,1175.785,151.42,0,0,0,0,0,0,0,0,0,0,0,0,0,0,0,0,0,0,0,0,0,0,0
16,ALL,camera,decomposition,query,SAT,True,9857,9.36959328396,92356.081,489.02,6.96,19.83,9.36959328396,92356.081,489.02,9.36959328396,92356.081,489.02,1.00426093132,9899,2,1,1,0.00426093131785,42,1,0,0,0,0,0,0,0,0,0,0,0,0,0,0,0.00426093131785
16,ALL,camera,decomposition,query,UNSAT,True,18919,1.5170527512,28701.121,96.897,1.102,4.4879,1.5170527512,28701.121,96.897,1.5170527512,28701.121,96.897,1,18919,1,1,1,0,0,0,0,0,0,0,0,0,0,0,0,0,0,0,0,0,0
16,ALL,perturbation,decomposition,query,SAT,True,1254,7.12015151515,8928.67,137.639,4.447,16.359,7.12015151515,8928.67,137.639,7.12015151515,8928.67,137.639,1,1254,1,1,1,0,0,0,0,0,0,0,0,0,0,0,0,0,0,0,0,0,0
16,ALL,perturbation,decomposition,query,UNSAT,False,10200,1.23402833333,12587.089,416.981,0.22,5.2985,1.23402833333,12587.089,416.981,1.23402833333,12587.089,416.981,1,10200,1,1,1,0,0,0,0,0,0,0,0,0,0,0,0,0,0,0,0,0,0
16,ALL,perturbation,decomposition,query,UNSAT,True,2370,0.704643037975,1670.004,20.551,0.17,2.323,0.704643037975,1670.004,20.551,0.704643037975,1670.004,20.551,1,2370,1,1,1,0,0,0,0,0,0,0,0,0,0,0,0,0,0,0,0,0,0
16,ALL,camera,fixed_hit,feasibility,SAT,True,112960,8.91819992033,1007399.863,501.099,7.14,19.459,9.92028346907,1120595.22067,1359.84333333,12.0710657666,1363547.589,3564.94,1.00059313031,113027,3,1,1,0.000593130311615,67,2,0,0,0.00617917847025,698,1,0,0,0,0.00677230878187,765,2,0.000593130311615,67,2,0.00056657223796
16,ALL,perturbation,fixed_hit,feasibility,SAT,True,151,6.72094039735,1014.862,19.67,4.467,16.49,7.54761368653,1139.68966667,47.0143333333,9.34084768212,1410.468,111.538,1,151,1,1,1,0,0,0,0,0,0,0,0,0,0,0,0,0,0,0,0,0,0
16,ALL,perturbation,fixed_hit,feasibility,UNSAT,False,425,1.96454352941,834.931,16.535,0.681,8.164,2.21179058824,940.011,39.4063333333,2.72784470588,1159.334,103.897,1,425,1,1,1,0,0,0,0,0,0,0,0,0,0,0,0,0,0,0,0,0,0
16,ALL,camera,fixed_hit,projection,SAT,True,112960,14.5909208392,1648190.418,288.137,11.477,30.957,16.1771232413,1827367.84133,2384.96066667,19.6045405011,2214528.895,7123.284,1.22296388102,138146,7,1,3,0.000655099150142,74,3,0,0,0.00661296033994,747,5,0,0,0,0.00726805949008,821,5,0.000655099150142,74,3,0.00056657223796
16,ALL,perturbation,fixed_hit,projection,SAT,True,151,12.0036490066,1812.551,54.282,7.922,27.8725,14.1510949227,2136.81533333,290.109333333,18.6647549669,2818.378,788.504,1.30463576159,197,4,1,3,0,0,0,0,0,0,0,0,0,0,0,0,0,0,0,0,0,0
16,ALL,perturbation,fixed_hit,projection,UNSAT,False,425,1.95854352941,832.381,16.085,0.681,8.156,2.03353019608,864.250333333,16.535,2.20038117647,935.162,24.568,0,0,0,0,0,0,0,0,0,0,0,0,0,0,0,0,0,0,0,0,0,0,0
16,ALL,camera,fixed_hit,query,SAT,True,9857,9.78374840215,96438.408,2446.583,6.98,19.802,9.78374840215,96438.408,2446.583,9.78374840215,96438.408,2446.583,1.00060870447,9863,2,1,1,0.000608704473978,6,1,0,0,0.00365222684387,36,1,0,0,0,0.00426093131785,42,1,0.000608704473978,6,1,0.000608704473978
16,ALL,camera,fixed_hit,query,UNSAT,True,18919,1.60591722607,30382.348,481.449,1.102,4.527,1.60591722607,30382.348,481.449,1.60591722607,30382.348,481.449,1,18919,1,1,1,0,0,0,0,0,0,0,0,0,0,0,0,0,0,0,0,0,0
16,ALL,perturbation,fixed_hit,query,SAT,True,1254,7.04236363636,8831.124,131.559,4.617,16.25165,7.04236363636,8831.124,131.559,7.04236363636,8831.124,131.559,1,1254,1,1,1,0,0,0,0,0,0,0,0,0,0,0,0,0,0,0,0,0,0
16,ALL,perturbation,fixed_hit,query,UNSAT,False,10200,1.15727303922,11804.185,193.703,0.24,5.258,1.15727303922,11804.185,193.703,1.15727303922,11804.185,193.703,1,10200,1,1,1,0,0,0,0,0,0,0,0,0,0,0,0,0,0,0,0,0,0
16,ALL,perturbation,fixed_hit,query,UNSAT,True,2370,0.732914767932,1737.008,165.962,0.17,2.29355,0.732914767932,1737.008,165.962,0.732914767932,1737.008,165.962,1,2370,1,1,1,0,0,0,0,0,0,0,0,0,0,0,0,0,0,0,0,0,0
16,ALL,camera,both,feasibility,SAT,True,112960,8.92016878541,1007622.266,208.545,7.141,19.459,9.91263215593,1119730.92833,2297.41766667,12.0458494954,1360699.159,6883.499,1.00059313031,113027,3,1,1,0.000593130311615,67,2,0,0,0.00617917847025,698,1,0,0,0,0.00677230878187,765,2,0.000593130311615,67,2,0.00056657223796
16,ALL,perturbation,both,feasibility,SAT,True,151,6.68054304636,1008.762,19.29,4.397,16.3395,7.09669977925,1071.60166667,21.9963333333,8.02913907285,1212.4,49.325,1,151,1,1,1,0,0,0,0,0,0,0,0,0,0,0,0,0,0,0,0,0,0
16,ALL,perturbation,both,feasibility,UNSAT,False,425,1.95984,832.932,16.325,0.671,8.2208,2.18995607843,930.731333333,58.9093333333,2.66876,1134.223,166.182,1,425,1,1,1,0,0,0,0,0,0,0,0,0,0,0,0,0,0,0,0,0,0
16,ALL,camera,both,projection,SAT,True,112960,14.6006198654,1649286.02,158.31,11.487,30.967,16.2217933074,1832413.772,1738.107,19.7240675814,2228030.674,5123.113,1.22296388102,138146,7,1,3,0.000655099150142,74,3,0,0,0.00661296033994,747,5,0,0,0,0.00726805949008,821,5,0.000655099150142,74,3,0.00056657223796
16,ALL,perturbation,both,projection,SAT,True,151,11.9629735099,1806.409,53.912,8.122,27.186,13.3242406181,2011.96033333,109.943,16.2220066225,2449.523,300.054,1.30463576159,197,4,1,3,0,0,0,0,0,0,0,0,0,0,0,0,0,0,0,0,0,0
16,ALL,perturbation,both,projection,UNSAT,False,425,1.95750588235,831.94,16.074,0.681,8.162,2.02351764706,859.995,16.7383333333,2.17191294118,923.063,38.338,0,0,0,0,0,0,0,0,0,0,0,0,0,0,0,0,0,0,0,0,0,0,0
16,ALL,camera,both,query,SAT,True,9857,10.3399894491,101921.276,3806.13,6.941,20.001,10.3399894491,101921.276,3806.13,10.3399894491,101921.276,3806.13,1.00060870447,9863,2,1,1,0.000608704473978,6,1,0,0,0.00365222684387,36,1,0,0,0,0.00426093131785,42,1,0.000608704473978,6,1,0.000608704473978
16,ALL,camera,both,query,UNSAT,True,18919,1.5930603626,30139.109,773.893,1.102,4.597,1.5930603626,30139.109,773.893,1.5930603626,30139.109,773.893,1,18919,1,1,1,0,0,0,0,0,0,0,0,0,0,0,0,0,0,0,0,0,0
16,ALL,perturbation,both,query,SAT,True,1254,7.77928947368,9755.229,791.668,4.3915,16.2045,7.77928947368,9755.229,791.668,7.77928947368,9755.229,791.668,1,1254,1,1,1,0,0,0,0,0,0,0,0,0,0,0,0,0,0,0,0,0,0
16,ALL,perturbation,both,query,UNSAT,False,10200,1.16133098039,11845.576,228.736,0.22,5.248,1.16133098039,11845.576,228.736,1.16133098039,11845.576,228.736,1,10200,1,1,1,0,0,0,0,0,0,0,0,0,0,0,0,0,0,0,0,0,0
16,ALL,perturbation,both,query,UNSAT,True,2370,0.696529957806,1650.776,82.705,0.17,2.294,0.696529957806,1650.776,82.705,0.696529957806,1650.776,82.705,1,2370,1,1,1,0,0,0,0,0,0,0,0,0,0,0,0,0,0,0,0,0,0
8,ALL,structured,search,feasibility,SAT,True,8,4.2815,34.252,7.822,3.8805,7.7835,4.955375,39.643,7.84533333333,6.353125,50.825,8.873,3.5,28,5,3.5,5,2.5,20,4,2.5,4,0,0,0,0,0,0,0,0,0,0,0,0,1
8,ALL,structured,search,feasibility,UNSAT,False,4,9.4695,37.878,15.133,9.4395,15.112,9.552,38.208,15.3366666667,9.73975,38.959,15.774,7,28,10,7,10,6,24,9,6,9,0,0,0,0,0,0,0,0,0,0,0,0,1
8,ALL,structured,search,projection,SAT,True,8,12.480125,99.841,22.985,11.6175,22.936,17.8616666667,142.893333333,45.576,28.7275,229.82,96.807,11.25,90,18,11,17.65,5,40,10,5,9.3,0,0,0,0,0,0,0,0,0,0,0,0,1
8,ALL,structured,search,projection,UNSAT,False,4,11.057,44.228,17.126,11.017,17.102,11.1145,44.458,17.2396666667,11.26975,45.079,17.557,7,28,10,7,10,6,24,9,6,9,0,0,0,0,0,0,0,0,0,0,0,0,1
8,ALL,structured,search,query,SAT,True,102,2.99259803922,305.245,7.872,3,5.57505,2.99259803922,305.245,7.872,2.99259803922,305.245,7.872,2.45098039216,250,5,3,4,1.45098039216,148,4,2,3,0,0,0,0,0,0,0,0,0,0,0,0,0.774509803922
8,ALL,structured,search,query,UNSAT,False,96,2.71683333333,260.816,21.392,1.057,15.3055,2.71683333333,260.816,21.392,2.71683333333,260.816,21.392,2.0625,198,10,1,4,1.0625,102,9,0,3,0,0,0,0,0,0,0,0,0,0,0,0,0.270833333333
8,ALL,structured,search,query,UNSAT,True,90,0.699377777778,62.944,34.402,0.161,1.16805,0.699377777778,62.944,34.402,0.699377777778,62.944,34.402,1,90,1,1,1,0,0,0,0,0,0,0,0,0,0,0,0,0,0,0,0,0,0
8,ALL,structured,decomposition,feasibility,SAT,True,8,5.16925,41.354,9.684,4.908,9.649,7.85458333333,62.8366666667,22.3473333333,13.327875,106.623,60.973,4.5,36,7,4.5,7,2.5,20,4,2.5,4,0,0,0,1,8,2,0,0,0,0,0,0,1
8,ALL,structured,decomposition,feasibility,UNSAT,False,4,7.569,30.276,11.387,7.5065,11.3465,7.79425,31.177,11.644,8.39775,33.591,12.489,6,24,8,6,8,4,16,5,4,5,0,0,0,1,4,2,0,0,0,0,0,0,1
8,ALL,structured,decomposition,projection,SAT,True,8,13.420125,107.361,24.607,12.363,24.5475,24.3296666667,194.637333333,102.865666667,46.32525,370.602,259.733,12.25,98,20,12,19.65,5,40,10,5,9.3,0,0,0,1,8,2,0,0,0,0,0,0,1
8,ALL,structured,decomposition,projection,UNSAT,False,4,9.01875,36.075,13.1,8.9735,13.06535,9.11975,36.479,13.2303333333,9.40925,37.637,13.641,6,24,8,6,8,4,16,5,4,5,0,0,0,1,4,2,0,0,0,0,0,0,1
8,ALL,structured,decomposition,query,SAT,True,102,3.14382352941,320.67,10.035,2.9845,6.9855,3.14382352941,320.67,10.035,3.14382352941,320.67,10.035,2.64705882353,270,7,3,6,1.45098039216,148,4,2,3,0,0,0,0.196078431373,20,2,0,0,0,0,0,0,0.774509803922
8,ALL,structured,decomposition,query,UNSAT,False,96,2.13646875,205.101,11.828,1.057,5.949,2.13646875,205.101,11.828,2.13646875,205.101,11.828,1.97916666667,190,8,1,4,0.895833333333,86,5,0,3,0,0,0,0.0833333333333,8,2,0,0,0,0,0,0,0.270833333333
8,ALL,structured,decomposition,query,UNSAT,True,90,0.319355555556,28.742,1.582,0.16,1.1375,0.319355555556,28.742,1.582,0.319355555556,28.742,1.582,1,90,1,1,1,0,0,0,0,0,0,0,0,0,0,0,0,0,0,0,0,0,0
8,ALL,structured,fixed_hit,feasibility,SAT,True,8,3.96975,31.758,7.742,3.605,7.735,4.16995833333,33.3596666667,8.403,4.611875,36.895,9.725,3,24,5,3,5,2,16,4,2,4,0.5,4,1,0,0,0,1.5,12,2,1,8,2,0.75
8,ALL,structured,fixed_hit,feasibility,UNSAT,False,4,9.4995,37.998,15.213,9.4395,15.174,9.527,38.108,15.243,9.63225,38.529,15.403,7,28,10,7,10,6,24,9,6,9,0,0,0,0,0,0,2,8,3,2,8,3,1
8,ALL,structured,fixed_hit,projection,SAT,True,8,12.523875,100.191,22.804,12.539,22.741,13.4967083333,107.973666667,25.1183333333,15.54225,124.338,37.477,11,88,17,11.5,17,4.5,36,8,5,8,0.75,6,2,0,0,0,3,24,6,2.25,18,4,0.75
8,ALL,structured,fixed_hit,projection,UNSAT,False,4,11.1065,44.426,17.136,11.111,17.12985,11.1441666667,44.5766666667,17.2193333333,11.30725,45.229,17.427,7,28,10,7,10,6,24,9,6,9,0,0,0,0,0,0,2,8,3,2,8,3,1
8,ALL,structured,fixed_hit,query,SAT,True,102,3.10794117647,317.01,24.718,2.95,5.04655,3.10794117647,317.01,24.718,3.10794117647,317.01,24.718,2.1568627451,220,5,3,3,1.1568627451,118,4,2,2,0.294117647059,30,1,0,0,0,0.872549019608,89,2,0.578431372549,59,2,0.539215686275
8,ALL,structured,fixed_hit,query,UNSAT,False,96,3.83263541667,367.933,151.8,1.147,8.12,3.83263541667,367.933,151.8,3.83263541667,367.933,151.8,2.0625,198,10,1,4,1.0625,102,9,0,3,0,0,0,0,0,0,0.354166666667,34,3,0.354166666667,34,3,0.270833333333
8,ALL,structured,fixed_hit,query,UNSAT,True,90,0.322388888889,29.015,1.592,0.16,1.1385,0.322388888889,29.015,1.592,0.322388888889,29.015,1.592,1,90,1,1,1,0,0,0,0,0,0,0,0,0,0,0,0,0,0,0,0,0,0
8,ALL,structured,both,feasibility,SAT,True,8,5.098875,40.791,10.656,4.692,10.3193,5.14645833333,41.1716666667,10.4023333333,5.446875,43.575,11.397,4,32,7,4,7,2,16,4,2,4,0.5,4,1,1,8,2,2,16,3,1.5,12,3,0.75
8,ALL,structured,both,feasibility,UNSAT,False,4,7.5115,30.046,11.257,7.4515,11.218,7.78858333333,31.1543333333,11.7543333333,8.43525,33.741,12.91,6,24,8,6,8,4,16,5,4,5,0,0,0,1,4,2,2,8,3,2,8,3,1
8,ALL,structured,both,projection,SAT,True,8,13.655875,109.247,25.96,13.4,25.6303,14.0659166667,112.527333333,28.8576666667,15.10925,120.874,35.905,12,96,19,12.5,19,4.5,36,8,5,8,0.75,6,2,1,8,2,3.5,28,7,2.75,22,5,0.75
8,ALL,structured,both,projection,UNSAT,False,4,9.006,36.024,13.049,8.9585,13.019,9.18375,36.735,13.35,9.5845,38.338,14.021,6,24,8,6,8,4,16,5,4,5,0,0,0,1,4,2,2,8,3,2,8,3,1
8,ALL,structured,both,query,SAT,True,102,3.0117745098,307.201,11.017,2.9545,6.3465,3.0117745098,307.201,11.017,3.0117745098,307.201,11.017,2.35294117647,240,7,3,5,1.1568627451,118,4,2,2,0.294117647059,30,1,0.196078431373,20,2,0.970588235294,99,3,0.676470588235,69,3,0.539215686275
8,ALL,structured,both,query,UNSAT,False,96,2.1356875,205.026,11.778,1.0565,6.08725,2.1356875,205.026,11.778,2.1356875,205.026,11.778,1.97916666667,190,8,1,4,0.895833333333,86,5,0,3,0,0,0,0.0833333333333,8,2,0.354166666667,34,3,0.354166666667,34,3,0.270833333333
8,ALL,structured,both,query,UNSAT,True,90,0.321288888889,28.916,1.572,0.16,1.13255,0.321288888889,28.916,1.572,0.321288888889,28.916,1.572,1,90,1,1,1,0,0,0,0,0,0,0,0,0,0,0,0,0,0,0,0,0,0
