job,resolution,palette,k,mode,calls,input_excluded
r8_m000_split,8,split,0,search,1464,630
r8_m000_split,8,split,0,decomposition,1464,630
r8_m000_split,8,split,0,fixed_hit,1464,630
r8_m000_split,8,split,0,both,1464,630
r8_m000_same,8,same,0,search,1464,630
r8_m000_same,8,same,0,decomposition,1464,630
r8_m000_same,8,same,0,fixed_hit,1464,630
r8_m000_same,8,same,0,both,1464,630
r16_m000_split,16,split,0,search,1536,658
r16_m000_split,16,split,0,decomposition,1536,658
r16_m000_split,16,split,0,fixed_hit,1536,658
r16_m000_split,16,split,0,both,1536,658
r16_m000_same,16,same,0,search,1536,658
r16_m000_same,16,same,0,decomposition,1536,658
r16_m000_same,16,same,0,fixed_hit,1536,658
r16_m000_same,16,same,0,both,1536,658
r8_m001_same,8,same,1,search,1536,598
r8_m001_same,8,same,1,decomposition,1536,598
r8_m001_same,8,same,1,fixed_hit,1536,598
r8_m001_same,8,same,1,both,1536,598
r8_m001_split,8,split,1,search,1560,605
r8_m001_split,8,split,1,decomposition,1560,605
r8_m001_split,8,split,1,fixed_hit,1560,605
r8_m001_split,8,split,1,both,1560,605
r8_m128_split,8,split,1,search,1560,595
r8_m128_split,8,split,1,decomposition,1560,595
r8_m128_split,8,split,1,fixed_hit,1560,595
r8_m128_split,8,split,1,both,1560,595
r8_m128_same,8,same,1,search,1560,595
r8_m128_same,8,same,1,decomposition,1560,595
r8_m128_same,8,same,1,fixed_hit,1560,595
r8_m128_same,8,same,1,both,1560,595
r8_m002_same,8,same,1,search,1536,599
r8_m002_same,8,same,1,decomposition,1536,599
r8_m002_same,8,same,1,fixed_hit,1536,599
r8_m002_same,8,same,1,both,1536,599
r8_m002_split,8,split,1,search,1560,606
r8_m002_split,8,split,1,decomposition,1560,606
r8_m002_split,8,split,1,fixed_hit,1560,606
r8_m002_split,8,split,1,both,1560,606
r8_m004_split,8,split,1,search,1536,620
r8_m004_split,8,split,1,decomposition,1536,620
r8_m004_split,8,split,1,fixed_hit,1536,620
r8_m004_split,8,split,1,both,1536,620
r8_m004_same,8,same,1,search,1536,620
r8_m004_same,8,same,1,decomposition,1536,620
r8_m004_same,8,same,1,fixed_hit,1536,620
r8_m004_same,8,same,1,both,1536,620
r8_m003_same,8,same,2,search,1728,597
r8_m003_same,8,same,2,decomposition,1728,597
r8_m003_same,8,same,2,fixed_hit,1728,597
r8_m003_same,8,same,2,both,1728,597
r8_m003_split,8,split,2,search,1752,603
r8_m003_split,8,split,2,decomposition,1752,603
r8_m003_split,8,split,2,fixed_hit,1752,603
r8_m003_split,8,split,2,both,1752,603
r8_m192_split,8,split,2,search,1752,612
r8_m192_split,8,split,2,decomposition,1752,612
r8_m192_split,8,split,2,fixed_hit,1752,612
r8_m192_split,8,split,2,both,1752,612
r8_m192_same,8,same,2,search,1752,612
r8_m192_same,8,same,2,decomposition,1752,612
r8_m192_same,8,same,2,fixed_hit,1752,612
r8_m192_same,8,same,2,both,1752,612
r8_m024_same,8,same,2,search,1704,589
r8_m024_same,8,same,2,decomposition,1704,589
r8_m024_same,8,same,2,fixed_hit,1704,589
r8_m024_same,8,same,2,both,1704,589
r8_m024_split,8,split,2,search,1728,595
r8_m024_split,8,split,2,decomposition,1728,595
r8_m024_split,8,split,2,fixed_hit,1728,595
r8_m024_split,8,split,2,both,1728,595
r8_m036_split,8,split,2,search,1728,585
r8_m036_split,8,split,2,decomposition,1728,585
r8_m036_split,8,split,2,fixed_hit,1728,585
r8_m036_split,8,split,2,both,1728,585
r8_m036_same,8,same,2,search,1728,585
r8_m036_same,8,same,2,decomposition,1728,585
r8_m036_same,8,same,2,fixed_hit,1728,585
r8_m036_same,8,same,2,both,1728,585
r8_m007_same,8,same,3,search,1968,582
r8_m007_same,8,same,3,decomposition,1968,582
r8_m007_same,8,same,3,fixed_hit,1968,582
r8_m007_same,8,same,3,both,1968,582
r8_m007_split,8,split,3,search,2016,592
r8_m007_split,8,split,3,decomposition,2016,592
r8_m007_split,8,split,3,fixed_hit,2016,592
r8_m007_split,8,split,3,both,2016,592
r8_m224_split,8,split,3,search,2064,611
r8_m224_split,8,split,3,decomposition,2064,611
r8_m224_split,8,split,3,fixed_hit,2064,611
r8_m224_split,8,split,3,both,2064,611
r8_m224_same,8,same,3,search,1992,596
r8_m224_same,8,same,3,decomposition,1992,596
r8_m224_same,8,same,3,fixed_hit,1992,596
r8_m224_same,8,same,3,both,1992,596
r8_m025_same,8,same,3,search,1872,577
r8_m025_same,8,same,3,decomposition,1872,577
r8_m025_same,8,same,3,fixed_hit,1872,577
r8_m025_same,8,same,3,both,1872,577
r8_m025_split,8,split,3,search,1968,597
r8_m025_split,8,split,3,decomposition,1968,597
r8_m025_split,8,split,3,fixed_hit,1968,597
r8_m025_split,8,split,3,both,1968,597
r8_m044_split,8,split,3,search,2016,591
r8_m044_split,8,split,3,decomposition,2016,591
r8_m044_split,8,split,3,fixed_hit,2016,591
r8_m044_split,8,split,3,both,2016,591
r8_m044_same,8,same,3,search,1920,571
r8_m044_same,8,same,3,decomposition,1920,571
r8_m044_same,8,same,3,fixed_hit,1920,571
r8_m044_same,8,same,3,both,1920,571
r8_m015_same,8,same,4,search,2328,575
r8_m015_same,8,same,4,decomposition,2328,575
r8_m015_same,8,same,4,fixed_hit,2328,575
r8_m015_same,8,same,4,both,2328,575
r8_m015_split,8,split,4,search,2472,599
r8_m015_split,8,split,4,decomposition,2472,599
r8_m015_split,8,split,4,fixed_hit,2472,599
r8_m015_split,8,split,4,both,2472,599
r16_m015_same,16,same,4,search,2808,646
r16_m015_same,16,same,4,decomposition,2808,646
r16_m015_same,16,same,4,fixed_hit,2808,646
r16_m015_same,16,same,4,both,2808,646
r16_m015_split,16,split,4,search,2856,654
r16_m015_split,16,split,4,decomposition,2856,654
r16_m015_split,16,split,4,fixed_hit,2856,654
r16_m015_split,16,split,4,both,2856,654
r8_m240_split,8,split,4,search,2496,598
r8_m240_split,8,split,4,decomposition,2496,598
r8_m240_split,8,split,4,fixed_hit,2496,598
r8_m240_split,8,split,4,both,2496,598
r8_m240_same,8,same,4,search,2376,578
r8_m240_same,8,same,4,decomposition,2376,578
r8_m240_same,8,same,4,fixed_hit,2376,578
r8_m240_same,8,same,4,both,2376,578
r16_m240_split,16,split,4,search,2856,665
r16_m240_split,16,split,4,decomposition,2856,665
r16_m240_split,16,split,4,fixed_hit,2856,665
r16_m240_split,16,split,4,both,2856,665
r16_m240_same,16,same,4,search,2808,657
r16_m240_same,16,same,4,decomposition,2808,657
r16_m240_same,16,same,4,fixed_hit,2808,657
r16_m240_same,16,same,4,both,2808,657
r8_m060_same,8,same,4,search,2232,570
r8_m060_same,8,same,4,decomposition,2232,570
r8_m060_same,8,same,4,fixed_hit,2232,570
r8_m060_same,8,same,4,both,2232,570
r8_m060_split,8,split,4,search,2448,606
r8_m060_split,8,split,4,decomposition,2448,606
r8_m060_split,8,split,4,fixed_hit,2448,606
r8_m060_split,8,split,4,both,2448,606
r16_m060_same,16,same,4,search,2760,647
r16_m060_same,16,same,4,decomposition,2760,647
r16_m060_same,16,same,4,fixed_hit,2760,647
r16_m060_same,16,same,4,both,2760,647
r16_m060_split,16,split,4,search,2808,655
r16_m060_split,16,split,4,decomposition,2808,655
r16_m060_split,16,split,4,fixed_hit,2808,655
r16_m060_split,16,split,4,both,2808,655
r8_m090_split,8,split,4,search,2496,600
r8_m090_split,8,split,4,decomposition,2496,600
r8_m090_split,8,split,4,fixed_hit,2496,600
r8_m090_split,8,split,4,both,2496,600
r8_m090_same,8,same,4,search,2304,568
r8_m090_same,8,same,4,decomposition,2304,568
r8_m090_same,8,same,4,fixed_hit,2304,568
r8_m090_same,8,same,4,both,2304,568
r16_m090_split,16,split,4,search,2832,647
r16_m090_split,16,split,4,decomposition,2832,647
r16_m090_split,16,split,4,fixed_hit,2832,647
r16_m090_split,16,split,4,both,2832,647
r16_m090_same,16,same,4,search,2760,635
r16_m090_same,16,same,4,decomposition,2760,635
r16_m090_same,16,same,4,fixed_hit,2760,635
r16_m090_same,16,same,4,both,2760,635
r8_m031_same,8,same,5,search,2712,533
r8_m031_same,8,same,5,decomposition,2712,533
r8_m031_same,8,same,5,fixed_hit,2712,533
r8_m031_same,8,same,5,both,2712,533
r8_m031_split,8,split,5,search,3000,569
r8_m031_split,8,split,5,decomposition,3000,569
r8_m031_split,8,split,5,fixed_hit,3000,569
r8_m031_split,8,split,5,both,3000,569
r8_m248_split,8,split,5,search,3072,585
r8_m248_split,8,split,5,decomposition,3072,585
r8_m248_split,8,split,5,fixed_hit,3072,585
r8_m248_split,8,split,5,both,3072,585
r8_m248_same,8,same,5,search,2808,552
r8_m248_same,8,same,5,decomposition,2808,552
r8_m248_same,8,same,5,fixed_hit,2808,552
r8_m248_same,8,same,5,both,2808,552
r8_m103_same,8,same,5,search,2712,532
r8_m103_same,8,same,5,decomposition,2712,532
r8_m103_same,8,same,5,fixed_hit,2712,532
r8_m103_same,8,same,5,both,2712,532
r8_m103_split,8,split,5,search,3024,571
r8_m103_split,8,split,5,decomposition,3024,571
r8_m103_split,8,split,5,fixed_hit,3024,571
r8_m103_split,8,split,5,both,3024,571
r8_m173_split,8,split,5,search,3096,585
r8_m173_split,8,split,5,decomposition,3096,585
r8_m173_split,8,split,5,fixed_hit,3096,585
r8_m173_split,8,split,5,both,3096,585
r8_m173_same,8,same,5,search,2784,546
r8_m173_same,8,same,5,decomposition,2784,546
r8_m173_same,8,same,5,fixed_hit,2784,546
r8_m173_same,8,same,5,both,2784,546
r8_m063_same,8,same,6,search,3216,478
r8_m063_same,8,same,6,decomposition,3216,478
r8_m063_same,8,same,6,fixed_hit,3216,478
r8_m063_same,8,same,6,both,3216,478
r8_m063_split,8,split,6,search,3888,534
r8_m063_split,8,split,6,decomposition,3888,534
r8_m063_split,8,split,6,fixed_hit,3888,534
r8_m063_split,8,split,6,both,3888,534
r8_m252_split,8,split,6,search,3840,531
r8_m252_split,8,split,6,decomposition,3840,531
r8_m252_split,8,split,6,fixed_hit,3840,531
r8_m252_split,8,split,6,both,3840,531
r8_m252_same,8,same,6,search,3384,493
r8_m252_same,8,same,6,decomposition,3384,493
r8_m252_same,8,same,6,fixed_hit,3384,493
r8_m252_same,8,same,6,both,3384,493
r8_m219_same,8,same,6,search,3456,499
r8_m219_same,8,same,6,decomposition,3456,499
r8_m219_same,8,same,6,fixed_hit,3456,499
r8_m219_same,8,same,6,both,3456,499
r8_m219_split,8,split,6,search,3984,543
r8_m219_split,8,split,6,decomposition,3984,543
r8_m219_split,8,split,6,fixed_hit,3984,543
r8_m219_split,8,split,6,both,3984,543
r8_m231_split,8,split,6,search,4008,536
r8_m231_split,8,split,6,decomposition,4008,536
r8_m231_split,8,split,6,fixed_hit,4008,536
r8_m231_split,8,split,6,both,4008,536
r8_m231_same,8,same,6,search,3528,496
r8_m231_same,8,same,6,decomposition,3528,496
r8_m231_same,8,same,6,fixed_hit,3528,496
r8_m231_same,8,same,6,both,3528,496
r8_m127_same,8,same,7,search,4152,398
r8_m127_same,8,same,7,decomposition,4152,398
r8_m127_same,8,same,7,fixed_hit,4152,398
r8_m127_same,8,same,7,both,4152,398
r8_m127_split,8,split,7,search,5136,439
r8_m127_split,8,split,7,decomposition,5136,439
r8_m127_split,8,split,7,fixed_hit,5136,439
r8_m127_split,8,split,7,both,5136,439
r8_m254_split,8,split,7,search,5088,424
r8_m254_split,8,split,7,decomposition,5088,424
r8_m254_split,8,split,7,fixed_hit,5088,424
r8_m254_split,8,split,7,both,5088,424
r8_m254_same,8,same,7,search,4272,390
r8_m254_same,8,same,7,decomposition,4272,390
r8_m254_same,8,same,7,fixed_hit,4272,390
r8_m254_same,8,same,7,both,4272,390
r8_m191_same,8,same,7,search,4128,387
r8_m191_same,8,same,7,decomposition,4128,387
r8_m191_same,8,same,7,fixed_hit,4128,387
r8_m191_same,8,same,7,both,4128,387
r8_m191_split,8,split,7,search,5112,428
r8_m191_split,8,split,7,decomposition,5112,428
r8_m191_split,8,split,7,fixed_hit,5112,428
r8_m191_split,8,split,7,both,5112,428
r8_m223_split,8,split,7,search,5088,417
r8_m223_split,8,split,7,decomposition,5088,417
r8_m223_split,8,split,7,fixed_hit,5088,417
r8_m223_split,8,split,7,both,5088,417
r8_m223_same,8,same,7,search,4296,384
r8_m223_same,8,same,7,decomposition,4296,384
r8_m223_same,8,same,7,fixed_hit,4296,384
r8_m223_same,8,same,7,both,4296,384
r8_m255_same,8,same,8,search,5352,199
r8_m255_same,8,same,8,decomposition,5352,199
r8_m255_same,8,same,8,fixed_hit,5352,199
r8_m255_same,8,same,8,both,5352,199
r8_m255_split,8,split,8,search,6840,199
r8_m255_split,8,split,8,decomposition,6840,199
r8_m255_split,8,split,8,fixed_hit,6840,199
r8_m255_split,8,split,8,both,6840,199
r16_m255_same,16,same,8,search,8232,249
r16_m255_same,16,same,8,decomposition,8232,249
r16_m255_same,16,same,8,fixed_hit,8232,249
r16_m255_same,16,same,8,both,8232,249
r16_m255_split,16,split,8,search,8808,249
r16_m255_split,16,split,8,decomposition,8808,249
r16_m255_split,16,split,8,fixed_hit,8808,249
r16_m255_split,16,split,8,both,8808,249
structured_split,8,split,8,search,144,46
structured_split,8,split,8,decomposition,144,46
structured_split,8,split,8,fixed_hit,144,46
structured_split,8,split,8,both,144,46
structured_same,8,same,8,search,144,46
structured_same,8,same,8,decomposition,144,46
structured_same,8,same,8,fixed_hit,144,46
structured_same,8,same,8,both,144,46
