job,peak_process_rss_kib
r8_m000_split,12772
r8_m000_same,15076
r16_m000_split,15096
r16_m000_same,15288
r8_m001_same,15356
r8_m001_split,15356
r8_m128_split,15456
r8_m128_same,15648
r8_m002_same,15648
r8_m002_split,15648
r8_m004_split,15648
r8_m004_same,15648
r8_m003_same,15648
r8_m003_split,16048
r8_m192_split,16164
r8_m192_same,16252
r8_m024_same,16264
r8_m024_split,16264
r8_m036_split,16264
r8_m036_same,16264
r8_m007_same,16264
r8_m007_split,16792
r8_m224_split,17012
r8_m224_same,17156
r8_m025_same,17160
r8_m025_split,17224
r8_m044_split,17224
r8_m044_same,17228
r8_m015_same,17228
r8_m015_split,17932
r16_m015_same,18404
r16_m015_split,19420
r8_m240_split,19428
r8_m240_same,19428
r16_m240_split,19428
r16_m240_same,19712
r8_m060_same,19712
r8_m060_split,19712
r16_m060_same,19712
r16_m060_split,19712
r8_m090_split,19712
r8_m090_same,19712
r16_m090_split,19712
r16_m090_same,19712
r8_m031_same,19712
r8_m031_split,19712
r8_m248_split,20224
r8_m248_same,20480
r8_m103_same,20480
r8_m103_split,20480
r8_m173_split,20480
r8_m173_same,20480
r8_m063_same,20480
r8_m063_split,20864
r8_m252_split,22912
r8_m252_same,22912
r8_m219_same,22912
r8_m219_split,22912
r8_m231_split,23316
r8_m231_same,23700
r8_m127_same,23700
r8_m127_split,23700
r8_m254_split,26644
r8_m254_same,26644
r8_m191_same,26712
r8_m191_split,26712
r8_m223_split,26712
r8_m223_same,26712
r8_m255_same,26712
r8_m255_split,27352
r16_m255_same,31960
r16_m255_split,36060
structured_split,37848
structured_same,37848
